review,sentiment,dissatisfaction
at first gumagana cya..pero pagnalowbat cya ndi na ya magamit kahit ilang oras mo cya icharge namamatay agad..poor quality..not for recommended..,1,
grabi pangalawa ko ng order sa shapee pero puro dismayado ako ang pangit ng tila subrang nipis mabilis ma punit at ang laki ng size niya alam niyo shopee mapapamura ako sa kagaguhan niyo nag speak ako na magan ang item niyo tapos ito mali pa ang pag butas,1,
2l gray/black order ko. bakit 850ml lang po pinadala nyo. kung di na po available yung product dapat di nyo pinilit yung gusto nyo. kelangan ko po yung 2l kahit anong color n lng po sana. . . return? i think di na aabot sa saturday. hay naku! tsk.,1,
walang silbing product.. bwesit. di gumagana dalawa pa,1,
"0/10 sa effectiveness po nya 0/10 dahil kakalagay ko lang then wala man lang ilang kalahating minuto uminom lang ako wala na agad ung kulay sa lips ko. kala ko nag sstay sya ng matagal kahit nga punasan mo pa ng wipes, pero hindi man pla scam lang po.",1,
mahina lng ang hangin khit nka maximum na. mabilis ma low batt.. pinapawisan p rin lalo n yung batok,1,
not worth it ang bilis n'ya ma-lowbat and ang tagal n'ya pang i-charge,1,
mahirap buksan yung payong. need mo pa itulak. sana na check man lang bago ipadala.,1,
wrong color & design. sana kung di na available yung black mag message namn kayo if ano available. desisyon yarrrnnn? kakainis ganitong seller.,1,
"ayaw gumana ng remote control, my dent ung product na pinadala ni seller, sana bago ipa ship check muna mabuti ni seller ung item na ipapadala para hnd nakaka disappoint sa client pag na recieve ung item",1,
terrible blue order ko pero pink yung dumating sakin para sana sa anak kong lalaki pero pink yung dumating sakin nakaka dissapoint,1,
wrong color po yung dumating tapos yung green natanggal yung cover niya,1,
"5/10 ang mahal ng payong, nd nmn ganun ka quality.. sira pa, sabi ko seller if ayaw bilik pera ko change items nd na nag reply..",1,
sabe q ky seller mga mahaba ang ipadala nya pagdating sakin isa ang mahaba kulay biege lang panu pa masusuot ng omorder skin e ang iiksi,1,
"close to ok lang i contacted the seller and they admitted that they intentionaly sent the wrong color without informing me. the problem is i ordered it as gift for a man, so purple is not really ok! and both bottles have scratches doesnt look new for me. ",1,
"not good sana nman ung ok ipadeliver nyo,",1,
ang pangit ng item sorry ahhh n ung size kala mo pang bata,1,
5 mystery box binili ko pero 5 din na magkapareho na mystery box. anong mystery jan. bumili paman din ako ng 5 para ma surprise ako. na surprise nga kasi magkaka pareho umay. wala man lang mouse o keyboard.,1,
"0/10 d maganda yung product matqgal matuyo, kumakalat sa mata, hindi water proof.",1,
sigundo ko lng sya nagamit bago yung battery nilagay ko pero pahinto hinto sya...hindi na ako bibilin ng ganyan much better nag ahit nalang sana ulit ako...,1,
"grabe naman to'h 2 liters order ko tapos dumating 1 liter lang. bibigay ko pa sana sa mama ko kaso pang grade 1. diko na masauli kase diko alam pano, dadalhin pa daw sa may j&t para masaoli ehh wala akong alam san yun . ",1,
"ang dali ra masira oy. at first madali gamitin, ngayon ay di na nakakaputol ng hair. na s-stuck na sya. yun lang. thanks!!",1,
"change feedback, mag isa syang nag aactivate nang timer kagabi, parang sira",1,
"dalawa yung binili ko, isa sakin tsaka sa friend ko. first of all, kaunti lang yung laman nung isa, habang medyo mas lamang yung sa isa. about sa color, maroon yung sa tingin kong dapat maging kakalabasan niya pero violet yung kulay niya kapag nilagay na sa labi. also, kulang",1,
ok na sana pero hindi 10 meters 6 meters lang... saan ang 4 meters kada isang roll??? magpa katotoo naman sa post niyo...,1,
amoy plastic amputa tagal ko inorder now lang dumating. amoy plastic pa huhu why,1,
"not good/ not satisfied omg! sa quality nya para sakin hindi okay akala ko yung na sstrech talaga sya e hindi naman pala. sa picture at live na nagbebenta goods sya in person hindi na pala pero thats business, sobrang nanghinayang ako",1,
actually kala ko 10meters pro 6meters lang ng sinukat ko,1,
subrang tagal e ship. nag order ako ng 9 9 ngayon ko palang na receive 9/24 mag 1 month bago ko marecive ang item!!!! ang pangit ng service!! di responsible si seller!!! .,1,
"late dumating ung parcel and sira ung product,hnd gmagana,,on lng tpos wla na",1,
i don't think nsa 10meters ito .lukot pa,1,
"hindi ko nagustuhan yung amoy. i already received my parcel pero nung pag ka open ko, may leak and hindi ko nagustuhan yung amoy, nakakasuka yung amoy. this is my first time to buy a product in this shop and i expect too much. nakakadismaya.",1,
"wala pa jusko lorddd, unang bili ko sa cloud tester muna grabe doon sobrang bango talaga as in! tas nung malaki na ung binili ko mapapamura ka talaga tangina bakit amoy sabon? sobrang layo sa tester nung amoy jusko namann, nagbabayad naman ng maayos jusko nakakaumay ung amoy. ",1,
panget dito bumili pinapalitan yong order mo talaga kainis ng shop nato masyadong scam,1,
parang laruan yung glads niya. so dissapointed,1,
"di gumagana mic, sabog pa tunog, ang sabi ko bago ko i place order ko ay ipa double check yung product pero di nakinig",1,
sira sya at may amoy na ung adoptor diko bet kase nasayang lng pera ko,1,
0/10 di naman sya gumagawa e not satisfied buyer her.,1,
hindi gaanong nag strait and umiinit sayang pera,1,
"hindi gumagana yung mic and mahina ang sounds, not recommend!!",1,
"so dissappointed... pang regalo pa naman, wrong color yung pinadala..though mabilis sya na-deliver, i will never order again",1,
ang panget ng box tupi tupi. hindi man lang naka bubble wrap kaya pag open sira hindi umiikot.,1,
kulang ung parcel na pinadala.. kakaumay ung ganitong seller.. nxt tym check nyo muna mabuti bago ipadala.. hay naku never want to buy again in your shop,1,
"sayang ang pera sayang ang pera!nagmessage ako ky seller n make sure n wlang deffect ang item bgo i ship pero no response, hndi rin nagsend ng picture bgo i ship. pagdating ng item di gumagana.nagmessage ako para sbihin n deffective ang item pero no response. ",1,
bakit po punit yon neavy blue? yon black po okay naman. sana po pag ganyan wag nyo na edelivered.,1,
sobrang dismayado. scammmmm ang power/adjust button. as in hollow talaga. defected ang ibinigay ni seller. sana hindi mangyari sa iba. baka naman seller may magawa kang compromise para dito.,1,
hindi tama yung order ko blue football sock ang dumating ay red,1,
pano mo magugustohan ang mismo inorder mo sa live pag dating dto ang liit 38cup order ko dumating 32 wow ah maayus ako ng mine paulit ulit kopa cnbi 38 cup grabi dumating 32 png 15to17yr old aynako sayng nmn kht mora lng hnd ko pinopolut ang pira,1,
poor quality. lukot lukot na ung box. what if ipanggigift yung item? edi hindi na mabibigay kasi nga pangit na. sana man lang may pag-iingat. bawat piso pinaghihirapan ng taong bumibili.,1,
not working properly hndi ka marinig ng kausap both of them hndi gumagana. kahit sana mura lng eh mapapa mura ka ng pi kc dka marinig ng kausap mo,1,
wrong size i order size 40 but i recieved size 39 d kasya sayang pera,1,
they where careless in packing it. i got two wrong items and it is a big hassle to return it to the seller. not gonna have a repeat order.lugi ako sa pera ko. buyers beware.,1,
"it took several days before seller shipped out. i was expecting it to be leather like on the photos but it’s actually plastic and very lightweight. parang mapipigtas anytime. for the price, understandable. but i bought sandals here on shopee before na mas ok ang quality than this",1,
"nakaka disappoint tong seller na to. yellow bee yung inorder ko, ibang design yung dumating. sana ngchat man lang. meron na ako nung ganitong design. nagka doble pa tuloy. kakainis!",1,
"jusko scammer, cinancel yung request ko n return/refund, tps ang tagal p mg cht tps nag cht aq na kung bkt cinancel tps sinend lg emoji scammer.",1,
gagomg seller mali mali namn pinadala ang liit ng size 38/39 order ko tas mali rin design tarantado,1,
ilang beses ko sinigurado yung size bago mag checkout pero ang liit. no chance masuot. nag one size up pa ako nun. sana naging tama na lang ang details ng item,1,
please next time wag na kau omorder!!! jusko! waste of money!,1,
ito ung order ko sana kaso mali na ibigay sana double or triple check before iship para walang ganyan na nangyayari para same na walang naaabala.,1,
di gumagana yung mic ng headset. don't buy this. kaya pala mura,1,
"super low quality bumili ako ng 2, yung black after 1week nag auto touch na, ung rose gold naman hindi gumagana yung charging port. yung seller naman ayaw palitan yung product, don't attempt to buy this product, it'll be a waste of money. mas matibay pa yung mabbli sa bangketa.",1,
"idk nabili ko sa piso sale, gumagana naman kaso ilang minuto na ako nagchacharge ganun parin battery percent hindi nadadagdagan o minsan 1% lang na dagdag sa loob ng 10 mins.",1,
"nabudol ako dto tapos late ko na nabasa ung ibang reviews until i myself had prob of using it. it’s too heavy, easily overheats mga 5 mins pa lang d na gumana and d naka2kuha ng hair strands need ng bonggang effort. ",1,
"1 earbuds is not working di gumagana ang isang earbuds, sayang maganda sana, next time po paki double check kung working ang product na binibenta nyo bago i ship sa buyer",1,
not worth the price. expected that low quality because its cheap. pero di magagamit na di nakasaksak dahil lobat kkfull charge isang tawag lang lobat n agad,1,
"pagdating ng product may sira, nagana yung fan. pero may damage tapos yung seller sabi idiin lang at babalik din daw kahit may basag talaga. please check the photo. hindi accomodating kausap ang seller. ayaw mgpalit ng item.",1,
i ordered white and pink. ang dumating 2 items na pick ang color. walang usb ang isa. please the items po before nyo iship. basta maiship nyo lang eh,1,
disappointed ..luma na ung binigay sakin pinag gamitan na ..ung sa charging pin my kawalang na ..puro bakat pa ng rugby at gasgas.halatang halata na luma na,1,
"worst appearance tagal dumating ng item, then the lenses are in an incorrect position, i was a big trash i will not recommend these seller",1,
ang liit lang pala kakadismaya..may nabili n ako neto noon same price pero malaki..ung 1 whole parang ginawa pang 1/4 nila sa liit..umay,1,
"ang panget! ang bilis malowbat, syang pera, sbi ng seller 5hours dw dpat icharge, 5hours q ng chinarge 60mins plang lowbat na!",1,
"charger is not working. yung fan walang charge halatang pinadala ng nde tinest. and now charge ko gamit ang ibang charger, my power pero walang hangin lumalabas. my umaalog s loob. sira din. not working. ask for refund",1,
"it's not that terrible; i just didn't receive the parcel, so i can't give you an honest review. napakasaddening hahaha.",1,
"akala ko maganda, sana sa shop nlng ako na una ko inorderan bumili, di mn lng nag iiba ng kulay pag nasa outdoor , anti rad lng to tapos malaki pa.",1,
1 kala ko same siya ng amoy nong kinuha ko noon na choco vanilla. di ko to irerecommend tong scent na to guys.,1,
nag follow na sa instructions ni seller na plus 1 sa size kapag mag order pero ganyan pa rin. asked for a refund and the seller blamed me for their flawed size metrics. kasalanan ko na mali mali size chart nila . ang masama pa neto 3 pairs kaagad beware,1,
2 star para kay seller kasi mali ang binigay niyang items sa akin 5pcs nklgay pink color binigay skin 5 pcs yellow color nirefund ko siya pero di niya nirefund nakakdismaya lang kasi,1,
butas butas yung payong and hindi man lang nilagyan ng bubble wrap to make it secured not happy with the purchase,1,
hindi po ngccharge yung earbuds. sana nagrereply din kayo sa inquiries ng mga customer nyo. bad customer service.,1,
matigas sya syaka iba ang color fake sya iba ang logo sa original masyado makulay ang color,1,
sira ung item pagdating smin the other side of the neckfan is nkaangat at hndi nagana.. try to contact the seller pero prang hndi cla naniniwala.. laging nag aask ng phot and video kahit ilang bese kna nagsend and try to return pero parang nananakot pa..,1,
"mi nessage ko si seller na palitan yung color ng white kase mali nqpindot kong kulay pero d patin nyq pinalitqn,tapos nag leleak pa nakakainis",1,
none cant even remove smoke unlike other similar products. hindi siya nag ffilter,1,
not sure bakit printed binigay nyo? tapos ang liit pa ng size.. zzzzz,1,
nakiusap ako na padagdag ng one size up right after i clicked place order dhil sa reviews ko lang nabasa na need mag size up sa personal.. pero dinedma ako ni seller at itinuloy p din.,1,
"ok naman sya pero nakakagigil kasi dumating yung order ko hindi magagamit kasi kulang yung lock nya hindi nila chini check , hindi ko talaga ma gagamit , sabi pa nila kailangan ko daw magpunta malapit na jnt eh ang layo pa ng jnt bahala na kayo tinapon ko nalang",1,
manipis sa susunod na magorder ung tao kung ano inorder un pa din bigay nyo di ung bbgyan nyo ng maganda sa una tapos pangalawang order panget na manipis pa ... ung una makapal bat ganun kayo...,1,
ambaho pure seduction pero mukhang d nmn maaakit ung mga makakaamoy sakin ambaho tlaga,1,
isang gamot lang wala na sira agad ang top or ulo ng shaver,1,
i received a defective item ang ang p*n¥€+@ng shopee hindi ako pina refund. kitang kita naman sa video na nag le leak yung item. if could give zero ratings. lalo na shopee magbbgay ako,1,
nakakadissapoint naman to seller. i choose the random color pero bakit puro pink naman to? buti sana kung pinili ko puro pink lang talaga eh. jusko. tapos yung 2 pcs po hindi nagana yung ring light pero yung fan okay naman.,1,
"sorry to say but this is not real as for big size. yung cup ng bra nyo ay good for a lng, kahit n yung pinakamalaki nyong size ay hindi fit sa cup b. im so dissappointed as per your advertise.",1,
it’s not connecting there’s no code it just keep on. loading. wat a waste . i asked the. seller but still wala dedma gosh. god bless na lang,1,
"cheap looking 1 month bago na received yung item manipis yung packaging, lukot lukot yung vinyl wag kayo dito bumili,",1,
none sira yung on and off button nya! natanggal! nakaka frustrate kasi kelangan ko pa ayusin kasi nakakahiya namang ibigay na regalo eto para kay mama. badtrip!,1,
"next tym check nio item,kung gagana ba or my sira,khit cra papadala nio sa buyer nio.mkabenta lng.",1,
grabe ordered one variation nga eh para walang problema dba???? ganda sana tignan for my bedroom what the hell the wall ended in different colors lyt and dark!!!!! pahamak! walang kwenta! kaka dismaya!!! just ruined my plans so pano to? order ulit? ganun?? wag na kau mag benta kung ganun,1,
"scam scam na shop, we order a water bottle pero ang dineliver na item is bag, nag request kame ng refund and ibabalik yung item sa courier pero walang dumating. hindi naibalik yung money namen and super disappointed sa shop na toh. will never recommend this shop. please don't buy",1,
bad myghaddd! i ordered 3 kinds of earphones. lahat yun sira yung kabilang side. sayang ng pera ko. i highly suggest to buy original na lang talaga or find a good quality somewhere else.,1,
"price is not work for the quality. parang kaya siya mahal dahil lang sa portable siya but the quality and durability kahit sunny days mo lang siya gagamitin hindi tatagal. manipis ung tela,even the bakal used.",1,
bakit po maluwag yung cover nya madaling mabuksan nagkaroon na po ksi ako ng ganun ding klase pero mahigpit yung cover kaya kpg bumagsak sarado pa rin at protektado yung earbuds. madaling malowbat khit na matagal na charge di man lang umabot ng maghapon khit di ginagamit nalolowbat poor quality..,1,
"broken umbrella sira yung black umbrella, good yung maroon.. naka sealed pa yung j&t plastic..pagbukas, sira yung isa...nakakalungkot naman...seller, mapapalitan po ba yung isang sira?",1,
isa gamit sira agad hindi worth it ......,1,
"madaling ma low batt madaling ma low batt, di gumagana ung isang earbuds, bagsak sa quality",1,
"bad the pair was cheap but i didn’t expect super low quality. kahit mura, still not worth it. sayang pera.",1,
"leggings naman ata pinadala sakin hindi pajama. ang liit pa ng size, kasya lang sa bata. jusmiyo. maganda sana ang tela. dapat may choices din ng sizes seller para malaman nyo kung kakasya ba sa oorder ang ipapadala nyo. very disappointed.",1,
"hindi man lang talaga nilagyan ng bubble wrap, binalot lang ng plastic of course masira talaga.sira po nakarating sa akin baliktad na po ang salamin",1,
jan. 31 ko narecieved ngayon ko lang na rate feb. 5 umasang mag tatake in action c seller peru di marunong pumindot ng chat section nag rereplace ng items ng walang paalam kulang2x pa 10 pcs. push up bra wala sayang,1,
pangit sya kaya pala mura. putol putol 10pcs daw taus green and light violet order ko mali pa pinadala,1,
hindi na xa d same color sa first order q. pangit na ang pagka light green nya at parang hindi na xa maxado madikit.,1,
what you see is not what you get. kaya pala mura kasi mumurahing klase rin ang dumating. hindi katulad ng quality sa pictures nila.,1,
not good motivational tumbler order ko tpos 2l un tpos dumating ang layp don sa order ko tpos 1000l lng nkaka disappointed excited pa nmn akodina ako oorder dito,1,
the unit is defective. maingay yung fan parang may sira sa loob. nag sha shake yung buong unit. raised my concern sa seller pero di daw pwede palitan. akala ko pa naman okay siya kasi shopee mall,1,
masakit at natuklap balat sakong ko nang isinuot maayos packaging needs bandaid to wear,1,
oily sobrang tapang and then hindi sya kaamoy ng tunay na arianna grande cloud perfume if you're plan to buying this product mag dagdag na kayo original na bilhin nyo kesa dito.,1,
"black,blue at grey order ko pero tatlong white ang binigay saakin nagchat naman ako kay seller pero hindi na magreply.bago kayo mag order dito mag isip muna kayo kasi hindi responsive si seller tapos nagbibigay siya ng maling item.ibabalik ko pa sana kaso malaking abala na saakin.",1,
rip off tangina ampangit gago ahahhahhah pero what can u expect for 75 pesos,1,
huwag na kayong bumili sayang lang yung pera try another seller huwag dito am panget,1,
nkkadisappoint kc dami q order pangtinda rin pero ang liit ng size nila ang large ung iba small size pinadala,1,
kaya ko to binili para sa lola ko kase ganto dati cp nya samsung. pero bakit iba? iba ung home screen iba ung menu wala pang wallpaper. hindi tuloy alam ng lola ko pano gagamitin . iba ung nakuha ko kesa dun sa mga nakita ko sa reviews nakakadisappoint lang,1,
not good sobrang disappointed ako ng ma received ko ang items na order ko .bakit namn po ganito .pag open ko po sakanya aii sira na ang unany layer ng pang blush on nya. . kaya po palan pag open ko ehh ang daming tapon nya sa box nya .,1,
not good d tumitigas ung nail folish fake xa. mantsa pa sa kuko.,1,
"lacking items. wala yung wipes, imbes na yun ang importante sa order ko yun pa ang wala.",1,
i ordered pink pero white binigay nyo! sana nagsabi kayo!,1,
wag na po kau bili dito na shop..ka muntikan p kmi msunugan dhl sa grounded n product..so disappointing,1,
sayang pera dhil ganun nga pag na ideliver sayo expect mo na masisira un at nd irerefund ni seller. swertehan na lang na makakarating sayo ng ayos yung neckfan. kaya think before you check out,1,
"first gamit pa lng, madali agad malowbat. hindi naman xa palaging ginagamit kasi pang retail loading ko lng xa pero ilang oras lng dapat na naman icharge. not good when it comes to quality.",1,
nakakadis appoint ang seller.large order ko binigay sakin xxl..hndi man lang dinobol check bago binalut o baka naman sinadya nyo lang para maubos ang xxl neo?binalik ko ang item pero until now wala pang refund.mura nga sa inyo mapapamura ka naman sa wrong item na ibibigay.kata 1 star lang rate,1,
out of 10 ang score 3 lng.fake na inspi kaasar.wag lau bumili fake ung inspi nila..,1,
"unresponsive seller i wouldn't recommend buying this product, ang pangit low quality masya.. unresponsive pa ang seller, i'm unable to return it kasi walang malapit na jnt.",1,
2 binili ko 1 lang dumating ! tas pahirapan irefund d din ng rereply seller,1,
poor quality poor quality kasi compared sa color mint green masyadong naka angat ung takip ng red bottle causing na mag leak ung tubig.sana na check muna ng seller bago pinadala..,1,
deffective total waste of money. 2days lang gumana tapos sira na kaagad. nung una ambilis magrespond ni seller nung diko pa naorder receive. pagka receive ng item maluwag propeller. the after 2days totally dina sya gumana. pati seller hindi narin nagrereply,1,
maliit ung xxl nyo. sayang. ung short h&m nilagay nyo eh nike ung inorder ko. mali pa ng kulay. hayst. nipis ng shorts.,1,
poor bakit po ganito ang mouse nio may sariling buhay. gumagalaw mag isa. hirap gamitin tuloy.,1,
poor seller sent me defective item. bigla nalang nagbablack screen. i tried to get help from seller but nothings change and wala naitulong di man lang palitan yung item. hindi magamit kasi nawawala ung display. tapos 2 to 3hrs lang lowbat kagad.,1,
wag na wag kayo oorder dito mali mali size ung pinadala sa akin. sa iba na lang kayo omorder. bahalang seller to basta kumita ng pera.,1,
red ung order q itim nmn pinadala ng seller d mnlng ng inform nkkasura,1,
"10meters wallpaper?hindi siguro..halos 5meters lang sya, sobrang nipis,mabilis mawala ang dikit, not recommended this wall paper waste of money",1,
"sira po ung stand kaya dinikit ko na lng sa wall ko ung ting light, sayang lng ang money ko, akala ko nakatipid na ako.. sana nextime po paki check bago nyo ibigay sa buyer",1,
hindi katulad nung una kong nabili hindi sya magic lipbalm para lang syang lipstick na nilagay sa loob then yung pink hindi sya color white yung nasa loob color pink literal mura sya kasi para syang fake,1,
i bought 3 earphones ni isa hindi man lang nagana yung mic! i tried to the other devices and still hindi parin nagana!,1,
hindi maayos mabait si manong rider.. pero ung product parang mapipigtas agad pag sinuot mo.. though mura lang siya pero bkt parang gamit na din ung sandal......,1,
honest review sa scent na ito! hindi siya mabango.,1,
ngaun lang ako nag rate kasi sinubokan ko muna sya kung madikit talaga kasi nakaka disappoint at di sya madikit wala pang isang linggo nag tatangalan na haysss. kulang pa talaga ng isa ung white nakakainis,1,
"naka post 10 meters sinukat ko 5.5meters lang parang na scam yata ako d tuloy nag kasya , sana naging honest tayo sa post.",1,
bwesit !!!!. .i received very wrong item . square pants ba to??.nagbayad ako ng sakto pero look binigyan nio ako ng maling item.ikaw seller ayaw pag dinanghag. .paano ko to ibibinta d naman ito ung order ko. .tang.ina bwesit. .,1,
"nakakagalit paano naman ito magagamit sa pag-oonline selling kung sira...hindi pa nakakalayo si kuya jelmar na nagdeliver,tinawagan na agad namin sya ,kasi inopen agad pagkadeliver nya,sabi nya kay seller daw sabihin...ayaw palitan ni seller sayang ang ibinayad ko..nagbayad ako ng ayos",1,
"very dissapointed ako sa nabili ko. bukod sa hindi na nga pareho ang kulay na dumating, yung iba dirty white yung iba sobrang white naman, dipa pati masyadong madikit natatangal siya. i feel like rejects yung napunta sakin. yung pagka wrap hindi maganda daming nasisira sa edges ng bricks. tsssk",1,
"0/10 kulang ng parts yung dumating samin. wala yung cellphone holder hose. so pano gagamitin? i-tape namin para malagay yung phone? minessage ko yung shop, magsend daw ako ng unwrapping vid. eh nabuksan ko na. sabi follow up daw. hanggang ngayon wlang reply. worst customer service ever.",1,
not what i’ve expected. madumi yung item pag dapint parang gamit na,1,
ang panget hindi nmn magic lipstic,1,
mukang ok nmn ung item kaso nung tinry ko di mkapag download ng netflix sa play store un pa nmn sana ang purpose sa pag order..kahit shareit ayaw pa din 'not compatible' dw sayang lng pera,1,
nasira agad. wala pa 1 month it was used in care pero nasira padin agad. bgla nlng namtay then i charged it for hours pero sobrang hina na ng hangin parang hinihipan ka lang ng sobrang hina..,1,
bat naman po ganon? sira po yung neck fan sa left side. tampered pa yung boxes pagka dating. sobrang sayang naman kasi ipa pang regalo ko sana,1,
hindi maganda yung cp na narecieve nung buksan ko siya ginagamit ko siya pero nang nglowbat siya d ngpacharge saka do run ngpaopen na,1,
edit ko ratings ko.hindi ko alam kung pabango ba to o alcohol. ngyon ko lng nagamit wala man lng kaamoy amoy! hndi amoy bombshell!! amoy alcohol! ayusin nyo seller nssyang pera nmen!!!,1,
"matagal ko na to natangap almost 2weeks ago na ata, untill now di parin nagana ung remote. bumili pa ko ng battery na mas mahal pa sa inorder kong led. sana bago nyo iship paki check muna kung ok para di kayo masira. salamat",1,
pangit !!!pangit!!!sayang lang pera...parang ginamit na..hindi man lang naawa ang seller..binigyan pa ako nang ganito...ang tagal pa ng shipping...november 25 date of order..december 6 na dumating ...,1,
ndi pla maasahan ang shoopee sa mga order disappointed mo talaga ako sa dnala nio. ndiktulad ng sample n in order ko nung una dati isang pirado lng ok. pero ngaun di aya nio lng kmi npaka pngit ng dinala nio..,1,
umay napakadaling malobat sayang pera nyo dto... d man lang matagal ng 20mnts sarap i sakal sa seller ... buyset...,1,
durog yung box and the mouse is not working. sad,1,
double mousepad okay naman sana. kaso mo bumili na nga ako ng mousepad sa inyo specific. tama ba naman na ang ee mistery nyo sakin mousepad din. common sense naman sana. okay lang kung magkahiwalay package isipin ko pang na random. kaso same plastic lang eh. meaning sadyaan. -1 customer,1,
"mali kulay. nude inorder ko, pink dumating. color blind ba kayo dyan",1,
poor ok n sana..pero nd gmagana ung head set at ung mic..3 p nman inorder ko,1,
sira sira mga items dto wag kau bibili dto sabi ni seller bago daw ehh mga luma binigay saakin na items,1,
kulay black ang inorder bakit pink ang pinadala. what the h!.... tagal pa ng shipout tapos ang ending mali pa ang binigay. malayo naman ang pink sa black ah. paki ayos seller. check muna ng order ni client bago e ipadala. nakakaloka.,1,
"pwede po ba itong palitan? kasi mali ang color na binigay nyo po i ordered light grey but i got dark grey. after , i message they said the changed their color variant and the light became dark? or unavailable lang? please don't post you made some changes to avoid",1,
"w wrong size received.. instead of size 29, 28 ang pinadala.. sana man lng size 30 n lng pinadala kung hindi available",1,
sira ulo shoppe na ito. omoorder ako 10 pcs .. nakagay bawat order 10 pcs . dumating skn 45 pcs instead of 100pcs mga scammer . no to order again .. sayang kayo oorder pa naman ulit ako para sa kwarto ko .. kaya big no na!!!,1,
"i am disappointed in today’s parcel. 2nd order ko na po ito and the 1st order fits me well and i loved it that why i ordered again but i was disappointed (pls see pic) malaki, may sira yung isa tapos iba yung size sa inorder ko at sa dumating",1,
hindi po ako natuwa sa na order ko sabi niyo 10 meters 5 meters lang yung dumating,1,
grabr ndi nag rereply ang seller palpak ang deliver sinhimgalinh kau..ndi lasya sakin dumating size 6..order ko suze 38 grabe ang tagal ki inantay rapos ganito lang sya,1,
sabi ko pang newborn e pang 1 yr old na to e,1,
1 star lang ibibigay akala ko di mapapasuukan ng hangin kaya sinabing gas saving yun pala hindi makakapasok prin pala kasi di swak ung butas s burner,1,
not recommend this shop .. mali mali pinadala nila i return ko nalang daw kapag daw na receive na nila item tsaka daw ma refund item .. ang galing .. sobrang abala nyo ..,1,
size 40 order ko pinadala nyo size 39. ayan sa picture kita na burado ang size malabo mkita na 39. pero sa personal makita at halata pa din na size 39 ang binigay nyo! ayaw nyo ireturn and refund!? fine iblock at report ko shop nyo! sa halagang 197 pesos,1,
3 same color mabagal ang response ng seller inabot pa ng 2days bago ma repack ang order q... tapos ang dadating na mga kulay iba sa naka advertise nila... dalawa sa dumating na order q hindi maganda fitting sa hita hindi stretchable....pinaka masama pa tatlo dito same color,1,
ang linaw ng messages ko at note ko na 3xl order ko pero pinadala nyo pa rin 2xl di ko tuluy kasya!,1,
kung meron lang sana 0 star. 0 talaga ibibigay ko. i received damaged item. baliko yung wire and im very disappointed. the seller will not give u a refund and its just a waste of money. dont try to order from this shop coz sayang lang pera mo.,1,
30 lng dapat ang babayaran ko...pero 80 ang siningil sa akin n delivery...akala q kc 2 item na un kya ng bayad ako tiwala kc ako eh...shopee xpress delivery..,1,
"nde na maganda yng quality naun kesa sa nabili ko dto dati, ang panget ng pagka tahi nde pulido, nde pa pantay yng tahi sa garter sa laylayan as in pang pajama na lng at marites mode sa labas ng bhay nyo, nde na pede ipang gala tulad ng nabili",1,
super dali ma lowbat and super sensitive. na di-disconnect agad.,1,
isa o dalwang beses lng sya gumana. sayang money ans sayng ung oil ksw d man lang nag 3/4 ung nabawas ksw ayaw na agad gumana.,1,
lahat ng box dented. sana naka box sila lahat para maavoid ung pagkasira or maglagay ng fragile i ordered 1 pc pig and the rest assorted pero ung chinat mo lahat pigs ang design. i even asked why same lahat but no reply from seller,1,
di nagamit matagal dumatimg tas defective pa ang item. ayaw din mag refund ng seller. pag nag chat ka na ayaw gumana ng isang side mag sesend lang ng instruction. kahit naman sundin mo yung instructuin kung defective di talaga gagana.,1,
manipis n klase ng rubber .tpos dpa accurate mga sizes .dko xa mai rereccomend ..,1,
0000 hindi kayo marunong sumunod sa kong ano ang order sa inyo.maling items na nga ang binigay niyo may damage pa sa ilalim yong 2000ml order ko yong dumating 1100ml sana sa susunod wag ganyan lalo na at pa order ko yan...,1,
order ko color yellow dumating red nakakadismga lang,1,
"mali po ng kulay yung bigay nyo, color gray po yung order ko",1,
1st time pa lang i charge umosok na yung isa. ang isa nman lubog ang pindutan. 1 lang napakinabangan.,1,
bad ang pretty ng color kaya inorder ko and akala k maganda rin quality kaso hindi pala. gumagana naman pero nag oautomatic magplay yung music at google kahit dko naman pinipindot,1,
"don't buy at this shop. they're sending incomplete parcel and doesn't have a plan to give you a refund on the item that they never include on your package. sent them already pictures and videos, yet... thrice have been cancelled for just 15 pesos refund. simpleng manloloko tong shop ",1,
"akala ko ok sya kasi gumagana naman sa simula. ngayon, 3 days pa lang ayaw na mag charge. sayang pera ko!! para sa anak ko to eh...sana mapalitan po",1,
defective walang usok need refund wla kwenta ung product nio,1,
"tsssk di naman beigi, light grey ipinadala sana sumunod naman kayo haya",1,
hndi nagana yung fan.yung mga lights lang. grabe nakakhinayang ang mahal pa nman . chinarge ko na buong araw sa araw ayaw pa rin. chinarge ko nman overnight sa kuryente d parin naikot .sana nman chineck nyu dba bago nyu ibenta. karma strikes worst.. doble yung mawawala sa inyo,1,
"seller pls i need a refund!!! sira yunv pinadala niyo sakin excited pa naman ako kasi alam kong magagamit ko to dahil sa sobrang alinsangan ng panahon, tapos sira ippapadala niyo sakinnn!! i do not recommend this shoppp! may pa free kayo para ano pampa lubag loob ng buyers? hindi",1,
defective item yung net nya tabingi at di naistraight ganito ba talaga to? yung unan at foam maganda okay sana okay na sana kaso yung net nya may sira tabingi sana bago pinack chineck muna nakakadisappoint sobra,1,
wala man lang po tumama sa order ko. sana pag wala na tanggalin na sa option. or magmessage kung okay lang ba ganitong design. layo sa pic.,1,
"anong fragrance pag dating ng package yupi yung box.walang bubble wrap. next,defective yung item.ayaw umusok. nilakihan ko na yung butas wala talaga don't order here",1,
naku sobrang light nmn pala ang panget pag nilagay mo sa kamay kala mo colorless lang na peke paku,1,
"yung mapupunta ka sa shop na walang kwenta! tngina sorry pero sobrang walang hiyang shop nato! 30pcs binili ko ipapadala 27pcs, 2 wrong item, 2 wrong color, 3 damage!! 3 kulang!! ang karma andyan lang yan, pasalamat ka na lang tamad ako mag return! si seller na walang kwenta",1,
"maganda naman pero wrong item pa di buyers beware of this seller, i ordered a 2 liter bottle as seen on the third pic pero pagdating ng order ibang tumbler ang pinadala nila, 1100 ml...so ayun nag order na lang ako sa iba... hindi din po nagreresponse itong seller",1,
"3/10 i'm disappointed! mahirap siyang icharge and di mo malaman kung nagchacharge ba siya. mabilis malowbat wala pang 2 or 3 mins. di na siya iilaw or di na gagana yung fan, pero i still give it a 5/10 because of the mirror and design.",1,
cute ung case dahil cheap price sira ung binigay ni seller hindi ko alam kung maiinis ako or ewan pero sayang kc ngbayad ako ng tama tpos gnto mkukuha mo khit maliit n halaga pinghirapan prin un kitain sana wag nmn kau mg dayas mga buyer nio mging tapat kau,1,
"i changed my rating kasi half of the pairs magkakaiba ng designs! maganda ang quality pero hindi tama ang pairs na pinadala sa akin! napansin na lang namin nung magsusukat na ang customer. unless the seller fixes this issue, i will not go back to my previous good rating.",1,
07) departed at soc 3 station 12.22 ( ang tagal d2 grabe) delivered 12.23 tagal!,1,
sira ung tumbler..sayang shipping fee..pa piso2 deal pa tas my damade pla ung item..tas yung shipping fee ang mhal.. sinayang q lng yung pera q....,1,
not good ang bilis maglowbat .. ndi man lang tumatagal ng 3-4 hours disappointed ako ..,1,
i thought na makapal sya kaso super manipis. easy to tear. so sad.,1,
bakit naman po nakalubog yung pindutan agad? nakaka disappoint. excited pa naman po ako tapos ganto,1,
"masasayang lang pera nyo dito..low quality and poor service,ung isa basag ung isa hnd tlga gumagana..hindi nag rereply ng maayos ung seller.400 peros ko nasayang lang.wag na kayong bumili dito..",1,
black order ko pero kalahateng black kalahateng brown natanggap ko!,1,
sobrang disqppointed dko. di naman pala rechargeable usb cord operated lang sya. even sa lalagyan ng batter jusko wala naman lagayan ng battery.,1,
basag po sya tapos ..sira ung tunong nya..kla ko makakamura ako mapakikinabangan ko ..first time kong na dissapoint sa shoppe,1,
okay naman sya nung una pero di na ma charge na low bat sya nung pangalawang araw pakatapos ko makuha kaya yun i chacharge ko sana kaso di sya na chacharge sayang pera 2 days lang napakinabangan first time ko po mag bigay ng low rate,1,
kala ko lahat is good product pero kau bahala kong bibili kau,1,
"dumating na ganyan kahit maganda pala pag kakabalot ganyan parin partida po naka bubble wrap pa yan ha,,, grabe so disappointed po hindi ko maicharge dahil damage sa may pin ng charger satisfied naman sa hangin ng pero bat ganyan may damage na dumating",1,
kaso di pantay hays expectation vs reality.,1,
i want wine red not white. kaloka naman po.,1,
"nakakadisappoint! puro reject. ang daming sira yung tape yung iba wala, yung iba isa lang. nag reach out ako kay seller pero di sila nagrerespond",1,
dumatingnpo ang item na hindi nagfunction. very disappointed po talaga..first time po na naka order dito sa shop na ito....kaso po.... sira po ung pinadala sa akin sana po sira ang ebebenta niyo..... sayang po ang pera,1,
not goode sayang lang po pera nyo dito.wag po kayo oorder sa seller na ito.payment is unfair to the item that you going to received.837 binayad ko pinadala sa akin cord lang po ng charger...charger connector lang po deliver. scammer po itong seller na ito,1,
green nadisappointed po ako sa dumating saken. maganda po sa picture saka yung iba pong reviews pero di po ganun kaganda yung quality na dumating saken,1,
"mouse is'nt working,hindi man lng nakabubble wrap,yupi yupi pa ang karton hindi gumagana ang mouse,hindi man lang nakabubble wrap,yupi yupi ang karton.",1,
sobrang tagal ng delivery at hindi pa maayos yung packaging. and worst thing is kulang yung product,1,
hindi naman oil based yung consistency niya parang tubig. i always buy oil based pero sobrang layo ng consistency tapos yung amoy parang bulok na ulam. sobrang layo sa amoy ng vanilla lace na nabili ko sa iba! paki ayos ng service niyo sayang binabayad ng customers,1,
di maayos makipag usap yung seller. the seller offered me 150 pesos for the damage product.,1,
not satisfied yung beige parang gamit na angbdumi.sa ilalim.tas sira na yung sa ibabaw sana yunh maayos ayos naman binigay kasi binayaran naman ng tama anyways thank you padin,1,
"sira ang one pair ng earbuds, hindi gumagana . plus, 2 weeks pa siya bago dumating.",1,
"sira ung left.. grabe naman, kahit mura lang yung binili ko pero sana dapat working properly naman sana",1,
wasak dumating yung black umbrella tanggal yung handle pinipilit kong ireturn wala dinaman ina accept refund ko kung may zero star lang dito itlog talaga tong rate na to! kainis sayang pera hindi maayos yung courier nila seller ayusin niyo pagka pack kung pwede ikarton niyo para di nawawasak payong,1,
seller wag kayu mag sisend nang items nang hindi kompleto ano akala niyo pinupulot lng namin yung pera? kaya pala diniyo sisend yung picture before shipping tas ang tagal pa bago na ship wag kayu ganyan oy,1,
i buy 4 products on their shop and i was received just one item at pag dating pa sakin nung led sira sira at yupi ng yung lalagayan niya mismo kaya open na yung item. i try to refund 3-4 times but they always cancelling it. at wala na ata,1,
1/10 very bad experience in purchasing this store!!!. sira sira ang dineliver naka ilang follow up para sa return/refund item hindi pinipick up hanggang nag expired nalang ang request. sobrang sayang ang pera ko dito!!!! very poor customer service! non sense ang mga autoreply!!!!!,1,
more than 2 weeks na sakin yung defective na item di pa rin nagrerespond yung seller,1,
"maliit. hindi nako oorder ulit.mali nmn dinilever sakin.dapat 2 letter.malinaman yong order q,tapus mali yong dumating.nakakadismaya po.",1,
"mahirap mag type. kaylangan madiin. e dahil madiin, maingay na tuloy. sana nag mechaical ka nalang maingay din pala. haha. habol ko kasi yung sleek and silent keys sana. kaso, hindi pwedeng gentle ung pag type mo kasi hindi n kiclick ng maayos. sa manual din, may usb charging port.",1,
"deformed nang dumating alam mo yung nilagay lang yung salamin sa parcel walanh bubble wrap gurl! so anong expect mo dun. edi na deformed tpos yung pinaka glass kupi na, plastic lng plaa yung material ng lens. negative 1zillion ang rating ko dito",1,
manipis ung quality at nakakainis is almost 10 days din bago dumating dinaig pa ung overseas order ko na nauna dumating and hindi na umabot sa bday ng pagbibigay ko chinat ko si seller but hindi nagrerespond..sana naman kapag my problem regarding to order magreply naman kayo..,1,
"liquid honest review, i don't like its smell. sweet na parang may amoy goma na parang amoy ng bubbles. nakakahilo yung smell nya.",1,
arrived 4 days after expected delivery date. i have no interest already at nakakawalang gana na bumili ulit dito. no more pirchases to come.,1,
disappointed ako sa quality sa picture lang pala maganda size 7 order ko parang size 5 lng sa liit,1,
irresponsible ang seller na ito. kulang kulang ang sinishipped. i will not recommend this shop. wg n kyong bumili dito,1,
"i ordered 3 pouches, came and delivered 1 parcel na may 3 pouch, 3 pouch ng mousepads haha nauumay naba kung anong ilalagay, 3 mousepad talaga. ung packer neto maderpacker. napaka misteryoso talaga hahaha.",1,
1 star dahil yung 1 box ng green is walang bakal sa ilong buong 1 box yun tapos tupi2 yung box at sira di manlang inayos sa susunod paki double check para di kami lugi!,1,
item shipped quickly. fit sana kaso see through. kitang kita ang loob. kaya pala mura lang. poor quality. will not order again.,1,
not useful it is so manipis like it will break immediately im not happy with my purchase its kinda sad to experience this thing,1,
not really good ho. pag dating ho sakin is na wawala yung tornilyo nung isang pang sabit sa ilong pfft.,1,
hindi yung mga color ng iba yung dumating hindi ako satisfied ibang size and colors ang dumating,1,
sira yung isang product. hindi nagoopen. and irereturn bago pa irefund. ok lang sana if ipick up yung item na damaged pero ikaw pa yung mageeffort mag dala sa mga courier branches because of their mistake. kaya ka nga nag online shopping kasi wala ka na time for additional errands.,1,
kapangit ng dumating maliit lang akala ko 2l hindi naman pala black order ko iba pa kulay ng dumating mali mali,1,
nakakainis ky0 ang panget nang kulay nang manga pinadlang mejas at ung isa dipa mag kapareho next time paki check ny0 mbuti sayang pera eh.,1,
sayang pera chinarge namin pag ka deliver dahil lowbat then nangamoy tapos di na gumana paki quality check po ng product nyo para di kami nag aaksaya ng pera!!!,1,
"zero star, maayos dumating ang parcel pero nd gumagana, kahit pla not functioning na parcel ibebenta ninyo p dn. nd na nga mapakinabangan, sayang ang pera kahit mura, pera bayad pa dn yun noh... sayang ang pera.",1,
hnd angkop ang kulay fake yung product hms katulad yung nabili ko. .ito fake mabilis mabura. .tapos yung order ko pink ang nakasulat s takip kapag inapply n kulay orange,1,
not good magagamit molang pala sya habang nakasaksak. pero pag nakatanggal hindi magamit. sorry po pero dissapointed po ako.,1,
nextime paki check bago ipa ship sobrang excited ko tapos yung idedeliver na items di naman gumagana first and last order sa shop niyo!!!,1,
"poor not satisfieddamaged lahat ung binigay na items sa akin pati box luma!! i asked for the refund lagi lng sagot sa akin ""follow up"" tpos gsto lng na i-refund sa akin is 15 pesos lng?! may mabibili ba na ringlight sa halagang 15 pesos??",1,
"hindi flexible, may sira sa bandang charging port, malakas ung tunog ng hangin kahit no. 1 pa lang siya, mabilis malowbat, pero matagal naman magcharge.",1,
not with this shop. the seller was so unresponsive. nagpadala ng damaged na item. napaka hassle mag return then yung isang item nagana naman pero grabe super bilis malowbat,1,
"not worth it yung mystery pouch, mas mura pa kung bbli ka ng same item sa ibang shop basta may kasabay or free shipping sya.",1,
poor quality ang sungit pa ni seller.,1,
wag na kyo mag order sa shop na ito!!! sira ung product na pinadeliver nyo!!! sna nman next time pki ayos ung trbaho nyo dhil di nmin pinupulot ung pera!!!!!!!!!,1,
iba ung kulay na narecieve ko white inorder ko blue dumating yawa,1,
"bali yung isang bakal sa umbrella kaya hindi sya nagsasara ng maayos. sinabihan ko na yung seller na before na ang iship na item ay yung walang sira, tapos pagdating ganyan. nakakadisapoint kasi sobrang excited ka sa order mo tapos biglang ang ipapadala sayo ng seller ay sira haha",1,
"1/10 unresponsive si seller. hindi matibay ang tahi, tastas na agad. d ko nasuli kasi malau j&t 80 balikan pamasahe.",1,
after 20 ddays dumating din!!! mas daig pa ang overseas sa tagal ng ship out..,1,
mali naman yong binigay nyo na kulay. sky blue binigay nyo eh ocean blue yung order ko. kakainis 80 pcs pa naman to. eh ocean blue naka dikit sa wall ko,1,
palpak purple pink and yellow order ko puro yellow naman dumating,1,
sira agad wag na kayo umorder shish,1,
"0 wag kayong oorder dto, manloloko seller na to, tumblr inorder ko wipes pnadala. tapos nagpparefund ako gusto ibalik muna ung wipes na halagang 10 piso! parang ikaw pa magmamakaawa mabalik pera mo kahit hndi naman ikaw may mali. ilang araw nako naghhntay ng refund ko wala pa dn gusto",1,
"not worth the price but expect what you paid for. better kung bibili kayo ng medyo mahal. the first time i use it, nasira agad yung stand.",1,
"not really good medjo sira na yung box, then ang dumi tapos nag stop sya di ko pa nagagamit.",1,
kung may negative pa na star yun ibibigay ko. wtf! nag hintay ako for almost 3 weeks tapos kulang yung item ko. wala yung headphone case at armband para sa phone. kaloka kaayu kahit hindi yun mahal pjnag hirapan ko parin hanapin pang bayad dun.,1,
di dumating sakin ang parcel pero may proof of payment? shopee ano na?,1,
wala manlang pakialam c seller kung mayuyupi yung inorder sakanya sa lau ba naman ng papadalhan mo dapat sinisigurado mong maayos na makkrating ang mga inoorder sayo.ni d muman lang nilagyan ng carton para hindi yupi na makarating sakin i am very disappointed pangbenta ko tapos ganito ang hitsura,1,
the product is too expensive to its feature. napakanipis at marupok ang mahal pa,1,
item is damage. paasa nmn si seller na irerefund. hindi lang raw napansin ag nlagy. will definity not recommendable to shop here!,1,
mali mali ang product sinend. pls check d orders well b4 sending out.,1,
"7 black po inorder ko gold yung dumating excited sana, nakaka disappoint",1,
bilis malowbat.. hindi rin ganun kalakas ang sound nya. mnsan yung isa lang tumutunog.. photo not related,1,
0/10 napaka panget nya at mahina ang hangin mali din yung kulay na binigay saakin sabi ko green binigay blue tas sira din yung mga gilid at not recommended .................. tas maingay pa........,1,
all size are wrong... kaya naka disappoint..,1,
good pangit ng tunog ano to? di pa gumagana yung sensors. cute lang talaga yung design ng product pero audio quality wise hindi recommended pangit ng tungog. ang tagal pa dumating ng order. may inorder din akong headset sa ibang shop(remax) like 1 week pa to nauna ng order pero,1,
very poor dalawa order ko pareho sira di responsive si seller,1,
"tfff not satisfied, sira yung inpods",1,
panget ng amoy. kaya pala mura kesa sa ibang shop.. will not recommend this shop to buy perfume.,1,
dalawa pants inorder ko isa lang po yung nasa pack ninyo,1,
expectation to reality. di sya maganda sa personal. sorry,1,
sayang ang pera sira ang item not recommended this... hindi nkikipag communication si seller...,1,
"just check my parcel, okay na sana kaso sira pala ung inpods. kala ko lowbat lang pero kahit charge na di parin gumagana not expecting much kasi nga mystery siya pero wag naman sanang sira at parang gamit na ung binibigay",1,
sira yung item na pinadala di gumagana . sana bgo kayo mag padala ng item sure na ayos . oo ayos nga nag chacharge di nmn nag working yung power botton pag inoopen hayss sana mabalik yung binili ko . grabe ang mahal pa namn tapos sira ibibigay .,1,
i pay fully but i received missing item. nag message ako sa seller pero ini-scam lang. pindutin ko dw yung order received para ma refund pero hanggang seen mode nalang. good luck nalang sa business mo seller. may kalalagyan din yung ganyang ugali.,1,
ang laki laki nang naka note na check the items before shipping to avoid error and damages pero walang paki si seller kahit ano nalang ata madampot nila yung ang pinapadala kay buyer. very disappointed ako sa shop na to. will never ever order again from this shop. sayang pera,1,
nag order ako ng 10meter na led strip binigay 5 meters lng ....madaya kayo balik nyo pera ko....,1,
yong order ko dalawa sira naman ang isa yang color white.,1,
"terrible ,malakas pa yung hangin ng ut*t ko ,sayang lang yung pera ko sana bumili nalang ako ng saillingfan walang kwenta yung item na to hindi ko magagamit to ,wala po talagang hangin na lumalabas ,parang laroan lang ewan bat kailangan manloko kayo",1,
"not sure kung kita po ang comparison sa video pero yung green ang nabili ko sa other shop, mas makapal, tapos same price range lang sila. itong mga nabili ko sa shop na ito ay parang papel lang sa nipis nagtry lang ako kung may mas okay na quality ",1,
grabe ang lag at di nagrerespond yung apps kahit fb at yt. such a waste of money talaga. i suggest na bibili nalang talaga ng mahal kaysa sa mura kasi di mo rin namn magagamit,1,
poor 6 inorder ko 5 lang dumating. 10 pesos nalang mang iiscam pa kayo. di nyo manlang isure kung ano ipinapadala nyo. pati sa rider na tamad laging di nakukuha/2nd attempt ang parcel ko. ang galing nyo kuhang kuha nyo inis ko,1,
walang kwenta parang bumili ako ng basura walang kwenta as in. sana si seller chineck muna product before ibigay. wala pa 5 minutes hindi na gumagana. chinarge namin pero di parin gumagana. tinry namin sa ibang charger pero wala parin. wag na kayo bumili ng product na to sayang pera!,1,
"super beyond low quality nakaka pagsisi na binili ko ito,nakapa liit ng size pang teenager ung size flat ung foam ska para syang goma na ginupit lang na hubog bra.sayang pera avon soft cup bra nlng sana binili kokung gusto nyo din makaramdam ng regret sa buhay nyo bumili kayo",1,
"sinukat ko sya, need to edit hindi mo sya masusuot pang swimming gosh!!! kitang kita yung padding! hindi ko makuhanan nang pic kase parang bastusin.",1,
mali yung dinilever saken di naman leggings inorder ko!! tapos may dumi pang kasama tsk.. first time kong makaencounter neto i'm super disappointed,1,
i didn’t expect of what i received. nadismaya ako. tssk,1,
"i ordered black, but i received blue. nakaka dissappoint. they never chat or contact us before they ship the item kung ok ba ang kulay.",1,
akala ko original hindi namn pa nag iinit yung adaptor definitely not to order ever again,1,
now ko lang na kita walang laman un 1 sim. 5 order ko. scam ka. nag babayad kame ng tama. god bless na lang sayo.,1,
honest review kaya pala mura. mapapamura kalang din sa inis. grabe ang bagal super duper delayed ung galaw ng mouse sa laptop. ang ending diko na ginamit. sayang pera,1,
"i ordered two. yung isa okay, ung isa hindi. hindi rn nagrereply c seller. syang pera.",1,
"ka disappoint , bat kitchen tissue dumating , hairclips inorder ko ? idk kung nagbabasa or inaayos nyo pagpapack nyo !!",1,
"wrong color unresponsive seller, i ordered black and they gave me white, i messaged her to double check the color since they sent wrong color for my 1st order but still, wrong color for my 2nd order, walang pasabi, walang pasensya na po, so disappointing",1,
no po...maiinis ka lang saying ang pera muh kapag bumili ka nito usad pagong ikot ikot lang mahahighblood ka kapag ganurn.....,1,
walang kwenta sobrang bilis malowbat wala pa ata 30mins tpos ang ingay ng electric fan para kang may dalang helicopter pero malakas electric fan nya maingay lg talaga sobra tpos super bilig malowbat as in dalawang buong araw ko yan chinarge tpos ambilis nya malowbat,1,
ok sana dahil walang sira pero bakit puro bench ang binigay nyu eh diba bench at h&m ang order ko palpak si seller,1,
"very poor i received defective item, pero as you can see pinapa ikot lang ako ni seller. walang balak mag refund. if willing kayo mag send balik ng item to china then buy and take the risk. maganda quality ng sounds on the earbuds pero after 2 minutes nawalan na",1,
sad may flaw yung isang eye glass,1,
malabo .. wala pong kwenta ang daming scratches yung lense .. hayss sayang pera.. sana naman. please lang find another shop nalang kasi ang daming scratches yung kanila,1,
"na disappointed ako dahil sa parang old stock na yung sandals na binigay, super dami pa ng dumi tsaka may maliit na scratch. hindi na beige yung kulay dahil sa dumi.",1,
kung pwede sana na walang star to e. white ung inorder ko light gray ang binigay! buti sana kung isang piraso lang e 5 piraso un! tapos tagal pa magreply ng seller!,1,
i expect more in this product but its disappoint me the sound is not really good and also hinde umiilaw yung box kaya d ko malaman kung full-charge na or hindi pa. overall this product is not really good for me but if you want to buy it then buy,1,
seller is not cooperative hindi man lang kino consider ang sa side ng buyer. never again! so disappointing. seller is not cooperative hindi man lang kino consider ang sa side ng buyer. never again! so disappointing.,1,
"ilan araw lng ung cp sira agad ayaw gumana ng keypad at kpag tinatwagan wla mrinig..syang lang pera..minessage ko din c seller pero 1 time lang xa ngreply and after non wla na d ko na xa mamessage,sna man lang plitan kht ibang item ",1,
0 out of 10 0/10 cute sana kaya lang seller anong gusto mo po gawin namin dito? ilaw lang sa gabi? susko naman!!!,1,
kulang ang napadala sa akin. minessage ko ang seller gusto bigyan na lang ako ng discount voucher pero need ko pa rin bumili from the same shop. husay.,1,
"ang bilis lang sana ng delivery, kaso mali naman ung dumating boxer order ko hinfi brief bat naman ganun sino naman sosout neto. tapus ang liit pa ng xxl at ang nipis pa ng tela, i'm very disappointe of this!!!!!",1,
biglang pumutok bbksan plng nmin request for refund,1,
"super disappointed. imagine, 17 items inorder ko? pero ni-isa walang tamang scents yung naipadala. i contact already the seller, pero hindi nag-reply. ang lala pa kasi, nabayaran ko na. paano naman yung mga umorder sa akin? ano na lang sasabihin ko? maliit lang naman tinutubo ko, tapos lolokohin nyo pa",1,
wala useless po delivery nyo sobrang liit di po ako baby para mag suot ng ganyan size 40 to size 41 pero bat ganon liit padin,1,
bwiset nag avail ako ng box tapos dumating samin wala bara bara ng pagkalagay ng bag over all wag na kayo umorder dito nakakawalan ng gana sayang lang 66 pesos ko punyenta.,1,
hindi magamit hindi kasya sa kalan nag chat aqo sa seller na kung pwede ibalik hindi nmn nag rereply sayang lang pera ko,1,
kung pwede lng no star nlng kase dissapointed ako mgkaiba ng size pinadala nyo buti nlng kaliwa at kanan pero yung size isang 6 at 7 hndi n halata kpg sinuot .kaya pala mura..,1,
mali ang nasa description . 10 meters daw pero ang binibigay 5 to 6 meters lang. sinubukan ko umorder ulit at para maisabay nila yung kulang sa unang order ganun pa din ang sumunod na binigay. wag niyo lokohin mga buyer niyo .,1,
poor white yung binili ko pang regalo to kaso mukhang gamit na medyo madumi tapps may mga scratches ng kuko.,1,
"may mga punit yung bra huhuhuh, i hope next time na magbibigay kayo ng mga items check it first kase mapapa never again mga customer sainyo hahahahah",1,
mali yung size na pinadala wlang coordinate si seller. next time kya nga may chat box para mag inform sa customer if may problem sa item. hindi yung kayo nag de decide binabayaran nmn yan hindi libre,1,
i am so disappointed! my order took almost 2 weeks to arrive. i ordered 4 tumblers but only received 3 tumblers. 1 of the 3 tumblers is broken as seen in the picture. they also sent me a wrong color. i tried to contact the seller pero walang reply,1,
dissappointed mali yong pinadala white yung order ko di tuloy natapos yung room ko. instead of white gray ang pinadala no seller,1,
not a good quality at all di ko nagamit binigay ko nlng sa friend ko pangit sya tlga di matibay. ibang iba sa pic nila. im just wasting my money sa item na ito.,1,
mali ang kulay wala ung plum red at cherry lang haissssssstttt ung dati ko pinag orderan tama magbigay ng order ung color,1,
no damage naman pero mali ng kulay ang pinadala at ganyan lang ang pagka package nya. color blind ka ba seller? o di ka marunong magbasa? pala desisyon pede naman mag msg muna kung di available ang color makabenta lang tong mga to,1,
sng ingay ng fan. d mn lng testing before shipout. pangrregalo ko p nmn,1,
"mystery pouch po order ko di man lang binigyan ng chance to get excited walang mystery na nangyari. there was no box, item na agad ang bumungad pagkabukas ng parcel. haiiizzztttt",1,
"1/10 wla png 5mins n ginagamit, pg uminit n ung motor humihinto n ung suction mode...w8 ka ulit n lumamig pra gumana ulit. ang-hassle! di n ako nagrequest ng return/refund, bka kc lalo lng akong ma-stress ky seller, kc upon reading 1 rates, ung iba di n nabalik ung pera",1,
0 nang hihingi shapi evidence. pano ko vivideo yung sounds ahhhhhhhahahahh di nga sira physical sirannaman yung sounds. hays hirap kabonding. bala na kayo jan,1,
hindi okay sumabog po yong nabili kong isang item.yong other item sobrang nag iinit naman po akala ko maganda hindi pala..,1,
ang pangit ng glasses wag kayo bumili madali sya masira at napaka nipis nya at ang screen pangit nag mumukhang yellow at natatangal sya at plastic lang siya basta ang pàngit promise wag kayo bumili please lang please lang wt_f,1,
hindi sya photochromic. it doesn't changed it's color when it faced direct sunlight.. not worth it,1,
bakit iba po ang pina dala nyo sa inorder ko nag chat po ako sa iyo na my order po yan sana po pag wlang stocks nag inform po kaagad kayo diba po nag negusyo po kayo same din po tayo oh sapalagay nyo po kukunin to ni customer kasi,1,
ang panget po sira sira ska namumuti ung black paper...poor,1,
kulang yung item na pinadala sakin. wala ung toothbrush sterilizer. i was about to message the seller pero pag view ko ng profile niya there is no chat button. i found a way to message her pero wala silang sagot kahit isa.,1,
4% not satisfied sa product.. kasi hindi naman nagtatgal sa lips. nakukuwarin agad. akala ko tumatagal.,1,
xx eedit ko to sakali mag reply ang seller pinalitan ung mga micro sim ng inorder ko 3pcs pa nmn . hnd po biro ung halaga nun . ps hnd ako mkaadd ng pic at vid mtgal mag submit,1,
"walang sira naman nung dumating kahit hindi naka bubble wrap. i tried ng ilang weeks muna bago maglagay ng ratings. mabilis malowbat, hindi siya tatagal for one day. after 1hr of use lowbat na agad. nung bagong dating lang din malakas yung hangin niya.",1,
hays fake di nmn cya mkapet sa labi nattanggal din di cya original n lip balm,1,
so dissappinted pang gift ko pa naman un tapos nakalagay sa box damage tapos ang ingay ng tunog. di pala kau legit na shop di maayos ang product nyo.,1,
"grabe naman po kayo, super bilis ma lowbat ng battery or sadyang sira lang yung battery na nabigay sakin... sana pwedeng ibalik yung item.",1,
"simple request not granted, 1 pink 1 violet lang di pa mapagbigyan.",1,
bokya to sakin nakakainis ayaw pa mag reply nang seller may defect pa ang headset d pa sabay malobat ayaw pa umandar pariho,1,
dpt nga zero star ayaw lang mag sero pangit ang pag ka leader ng bag at hnde matibay ang sbitan ng bag bago nyo ibigay check nyo muna ayan rejeck pa ang binigay nyo wag kau oorder ng bag nila ang pangit at agad nasisira ang sbitan ng bg sobrang,1,
hindi nagana yung order ko hindi nagana yung mouthpiece nia pag may kacall ako hindi nia naririnig..,1,
i ordered color white and pink pero ang dumating green and pink. hindi man lang nag inform si seller na ibang color ang ipapadala. wala din bubble wrap ung item kaya yupi din ang box ng dumating.,1,
"bibili ako around 100pcs to 500pcs, ang tagal sumagot, sabog kausap yung chat support nila",1,
nag order nga ako ng dalawa para different ang item pero pinackage lang sa iisa???? im not really required you to buy this. sayang sa pera promise,1,
fake fake po ito sorry po. sinasabi kolang totoo. ibang iba sa original walang cooling effect.parang krayola na tinunaw lang.,1,
2 items in inorder ko pero ito lang nareceive ko. sana maging aware din kayo na iniexpect din namin yong missing item,1,
dont buy anything from this shop the quality is the worst parang nagsuot ka ng papel de hapon and worst kulang pa yung item na ibibigay sayo that cause hassle for you and inconvenience kaya wag kayong bibili na dito dont recommend it may ibang shop na matino dont but,1,
"bad seller nag message ako jan sayo paki reply naman hu, bigla lang kasi itong nag power off pero di namn lowbat tapos hindi na ma charge at hindi na ma open sana gawan nyo po ito nang action wala pa itong 1week nabasa ko sa description may 1month warranty",1,
napaka unsatisfying ng product niyo lalo na ung mystery box sana di na lang ako bumili sainyo.,1,
sabi ko kay seller na mali pinadala wala man lang action. kulet mo seller. pagdating dto nagchat agad ako. kaloka ka. mas makapal p mukha ni seller sa tsinelas sa true lang.,1,
nakakasad lang kasi mali ang kulay na dumating... white ang order ko kasi favorite color ko kaso black ang dumating... sana next time po check nyo yung items.,1,
"poor ang pangit ng packaging, alam naman ng seller na babasagin ang gamit, bakit hindi binalot ng selopin na makapal? at isa pa, ung na click ko ung ""crack screen protection"" nag charge agad ng 200, pero hindi ko alam kung bakit wala akong makita",1,
sayang pera amoy plastic poor quality,1,
okay sana..kaso kulang pinadala nilang items..sb ko pa double check ehh..d cguro binasa ng ayos..haynako..,1,
"akala kopa naman magic lip balm di pala , para siyang matte at walang naiiwan na stain pag binura, asan yung magic dun , dami kopa naman binili nakakadry pa ng lips",1,
sira po yong pinadala yong mystery item nagmessage ako pero walang response.. sana naman cheneck muna bago iship..,1,
bakit order ko 2 litters na color gray black binigay nyo 1litter na color blue,1,
"not good kulang nang isang item order parcel,,,, nakaka disappointed talaga",1,
dumating ng buo kaso naging christmas light kumukurap kurap masaket sa mata pano to magagamet ng maayos paki ayos nmn po yung packaging siguro na alog sya or sadyang sira na yung bumbilya nya sa loob,1,
0/10 super ingay nung neck fan pero super hina ng lumalabas na hangin. hindi rin gumagana left side ng fan.,1,
white yung pinaka hindi magandang kulay dahil kitang-kita yung detachable foam. mukang maganda yung bra sa photo pero sa personal di mo siya kayang suotin ng yun lang para pang gym. mukang joke yung bralette,1,
huhu. maling shade po nabigay nyo excited pa naman ako na dumating to.,1,
sira agad kahit 3 time ko pang nagamit. sobrang nakakainis gusto ko pa namannnn yunh color huhuhuhuhu sana mapalitann huhuhu dont know,1,
"wag kayo bibili sa shop na to. di matino seller. nag sesend ng items na di naman yon ang order. tapos pag nag ask ka for refund, papabayaran pa yung maling utem na sinend nya. almost 700 pesos item, very disappointed!!!!",1,
waste of time if magrereturn pa,1,
"poor quality blue un order ko black binigay nyo sira p un dlwa sayang ang pera,,tas un pink luma n",1,
ang tagal rin dumating neto 3.3 ko pa inorder tas ngayon lang dumating tyaka pangit my damage sya sa bandang gilidran tyaka at a front dinn ayoko na ulit mag order sa shop neto kahit mora pangit naman nung quality sana naman seller tingnan nyo muna bago ipa deliver,1,
mukha bang yeezy slides ba yan? awit sa seller,1,
violet order pink dumating isa sira pa,1,
1 item not the color that i ordered one item is not what i ordered and gusto ni seller ireceived ko nlng at click delivered ang maling item... returning the item is a big hassle... hndi na uulit..,1,
"wala ung unang picture un sau po,nd ko gusto ang amoy,mabango p ang cologne na tag 15pesos ung 2nd photo un sa ibang shop ko binili my hawig sa orig ang amoy pro tong sau seller manlng kaht konting amoy,sayang",1,
"0/10 weak maganda reviews nya pero reality it doesn't work, pero maybe panget lang yung nabigay sakin. pero it doesn't work talaga.",1,
look is deceiving talaga. iba sya sa picture sa actual na slippers. ka sad. sa picture may logo ng adidas ng dumating wala!!! na scam na naman ako sa shopee!,1,
not working tas matagal pa second order koto pero bat naman ganon??,1,
scam sira yung product defective,1,
scammer ampt!!! blush on inorder ko tsaka make up brush set ang binigay lang set ng make up brush binayaran ng buo binigay kulang,1,
"thin hays , kulang ng 10pcs order ko nag payment first pa naman ako tapos ng chat kay seller na please double count my items , at eto na , naipadala na dito sa cebu pero kulang , sakto naman binayad ko tapos nauna pa yong bayad , pano na",1,
d naman nag b-black kapag nasa araw???tsaka d q naman to inorder letche ang pangittt sobraaa,1,
naka disapoint kayu hindi sya maganda nakaka disapoint,1,
nasira agad sya first try palang sa pinsan q haha,1,
thin wrong size i ordered xxl but i received medium only. tapos yung isang nakalagay na size ginupit pa nga haaays,1,
"ilang days palang sira na agad. hays. sana po if you really checked well, how about those buyers na they invest trust? this kinda disappointing tho",1,
"bakit po ganyan lang nung binuksan? all white lang po sya? please answer po, sira po ba?",1,
d nmn ganong epektibo yung product parang laroan lg mabilis masira pag kagamit q natanggal agad then d sya nakakahiya curl maayos,1,
this is my 4th time buying on this shop. and unfortunately.this is the second time na defective item.last time crack ringlight.ngayon naman crack ring light plus loose tripod.iba pa yung tip unlike the one i ordered before.this is too much.,1,
nascam ako ng shop na ito 2 item order ko isa lang pinadala..nag messege ako hindi kau nagreply.. inipon ipon pa ng dalawa kong anak ung pambili nila ng tsinelas ang ending isa lang pinadala nyo,1,
sobrang nipis po pala. ang bilis mapunit. aka ko makapal kase ganun yung sa picture. tapos sobrang liit pala .tapos yung white wallpaper may damages din po,1,
1 anonto random scent lg ginagawa nyo hahaha napaka cheap,1,
sobrang maingay nkaka sakit ng ulot sobrang hina din ng hangin. sorry po,1,
"not good grabe seller nito napaka unresponsive nareciv ko item oct 31. tapos finile ko to return ung item pero hnd pinipick up ni courier puro lang text lahat gnwa q na naka 3 attemptt ako to file the return, kaso ayun nga gang 3 file lang pla ng ako",1,
poor basang basa pagdating kita nmn sa vid masyadong sininsin pagkakapack. di nakakatuwa. tagal ko na naorder ng ganto not sure if same seller but this is really dissapointing,1,
"panget fake news , plum yung order ko dapat purple yung lalagyanan pero ang dumating color pink then hindi naman long lasting , i am very disappointed tapos wala pa ng spatula",1,
x photos and videos are not related. kung hindi mahaba ang pasensya niyo wag na kayo mag order dito. kasi it's either sira ang item or gumagana lang kapag naka charge. will not recommend this shop and i will not order again.,1,
"poor maluwag ang charging port, low bat, madumi muka luma n ang item",1,
"wrong color maganda kaso mali yung color, black n gray inorder ko. colorblind ba yung nag pack?",1,
hnd nmn nagana .. hay sayang lang pera ko irrefund ko sana d nmn ako nakpag refund agad gang to rate n pla agad.,1,
ang pangit maliit ung size 9 will not order again.,1,
"item received ..will test kung okay talaga based on reviews ! wasn’t able to use the product , not working properly ,overheat ,bad customer service with no resolution, wasted money",1,
deliver pa kayo ng mga deffective item piso deal nga di nman nagana,1,
"baliktad yung bulsa nung gray, nasa likod. pero sinend parin ni seller kahit na faulty product sya.",1,
no quality wrong color i order pink pero white dumating madaling malobat mahina ang hangin in short ang pangit ng items,1,
post misleading. it's not a samsung brand. battery life last only an hour. camera is very poor. front camera is sooo dark. sayang pera dito.,1,
"tagal ko hinintay , i was so excited pero di ung isa hindi gumagana! please pakichange po or refund na lang",1,
iba ang texture and ang bigat sa paa. scam po to,1,
"yung akala mong 3 items worth 350, pero hindi pala. maling mali ang advertising nyo paki palitan ang images na ilalagay nyo at iklaro nyo sa mga customer pra wala nang mabiktima!",1,
"ibang iba ang itsura sa personal compared sa picture wag pong gumamit ng ibang photos para lang ibenta ang item,, lalong lalo na po ang brand ng adidas,, and medjo maliit ang size nia,, sana nag advice nman c seller na add 1 size man lang sana",1,
wrong product ibang iba sa pic orange na pala ang bagong grey ngayon. so disappointed. paki ayos po ahh kaya nga may choices dba,1,
wala sa ayos kausap ibang yung pinadala tapos 2l inorder ko pero binigay nila 1l lang..,1,
not sure kung anong smell ng perfume toh very disappointed,1,
pangilang order q na to sa shop na to pero nadissapoint aq dis time since may leak then sobrang init nung bottle tas di siya mabango nahaluan ng plastik na natunaw,1,
"i could accept the unsafe packaging & lots of dents in its box, but the product didn't even last long enough for me to use it where i bought it for. gumana siya nung unang gamit then after malowbat di na nacharge ulit ",1,
wag kayo mag oder nitto kaka recieve ko lang ayaw umilaw,1,
"editing my rate from 5 star to 2 star kasi ayaw na nya magwork after 2 days of being used. di rin pwede lagyan ng batt kasi wala nmn connector to operate it sa battery. ayaw din nya magcharge like 4hours na nkacharge ayaw pa rin. sayang nmn, ang cute",1,
not satisfied. expectation vs.reality ang peg. akala ko malaki laki din yung foam niya pero hindi naman pala. pero mura naman kasi yung price kaya given na din siguro na hindi ganun ka ganda yung quality.,1,
bakit naman po pare parehas ung color .buti nalang pla hindi 1 dozen ang order ko,1,
defective yung product. ayaw mag open ng button. hindi ko man to magagamit. sayang lang pera! sana dinouble check nyo muna bago iship!!!,1,
wrong na wrong i needed the 2 liter bottle so i ordered one black kaso mali naman ng pinadala so i need to purchase a new one from other store. what a waste of money. 2 liters para isang bitbitan na lang sa office enough for my daily water consumption.,1,
mali ang kulay na binigay ni seller light pink order ko,1,
d nagana pag may calls d ka maritinig ng kausap,1,
low quality super low quality. parang di safe gamitin lip balm,1,
"black yung pinili ko pero white na ship .2star lang kasi mali yung color na pinadala sakin ,ayusin nyu naman seller pinadala nyu ibang kulay kahit sold sold na yun available parin",1,
nkakadisapointed ang shop nato.. i minisage qo na bago aqo ng order mali padin pinadala.. trubblesome.,1,
di mabango pang second bottle ko nato kaso parang mali ata ibang iba sya sa unang order ko,1,
"product not worth the price, super not durable ikakabit ko pa lng phone ko nabasag na sya agad",1,
sayang pera ibang iba sa una kong inorder sa shop din na to kung kelan dlwa na ulit inorder ko saka nmn napaka panget anliit anu to pambata ... imessage mo yun seller tatawanan ka lng...so disappointed,1,
"hindi gumagana. palpak, mahal pa ng bili. kulang ng parts. late lang rating kasi namatayan kami. saka senior may ari ng shopee. hindi marunong gumamit.",1,
"0/10 nasasayang ako kasi mahal2 ng nabayad ko tas sira sya. may missing knot, may visible cracked na visible sa front and back nakikita na yung led sa loob. yung packaging ang panget napaka unsafe. nasira at nabasa tuloy yung item.",1,
"manipis ang tela at malinaw pag sinuot mo, walang naka indicate na size iba iba ang size and cut nya isa lang size binili ko, pangit din ng tahi.",1,
caster oil lang dumating. walang lip therapy. kula g yung item tapos di pa nagrereply si seller,1,
sa picture colored screen sa actual na bakit black and white screen..immitation lng..,1,
walang dumating na item. no replies from seller only automated message. so disappointed. buti na lang cod. pero sana huwag kayong ganyan mga paasa,1,
ang bilis malowbat as in pagkaopen ko turn off agad kahit 5 oras nakacharge tapos yung isang part lang tumutunog awit yun seller tapos halatang nagamit na to eh kase pag open ko ng cushioning bukas yung box hnd nakafull yung plastic cover ng item ano gagawen ko dito?,1,
"nakakainis lang kasi pangalawang order ko na sa shop na to ng same item, okay naman yung una. itong pangalawa okay ang packaging pero, makikita mo sa picture may sira, tatabingi yung isasalang mo. next time sana icheck muna yung item bago iship kasi nagbayad naman ng tama ang customer.",1,
iba ang na received ko hindi yung tulad na nasa picture scammmm,1,
order q bumawi lng s mouse pero ung isa malay q kung para san un ... mat ata na ewan bsta not useful for me.. very risky tpos delivery very loud and stressful.. nagicng sa lkas ng boses .,1,
it came broken and the seller is unresponsive. sayang pera ko.,1,
"watery for my preference, it doesn't smell good. the scent is too sweet. as other reviewers say, it doesn't smell close to ""cloud"". the scent is very nakakasuka pero i think dahil hindi ko lng sya prefer? for me it smells sweet and like pawis and rubber. idk i can't",1,
not recommended!! short battery life!! alam ko 120 lang pero sayang pa din.,1,
not good sa una lang maganda ..nag order ulit ako 2nd time pangit ang nipis .tapos umasa ako baka maganda na kaya nag order ulit ako kaso mas lumala xa wala pakinabang subra nipis na nakaka sugat pa sa baby not good to recommend this shop,1,
not working. di po siya makasipsip kahit buhok man lang lol. dont waste ur money guys. tagal ko pinag isipan bilhin. so disappointed.,1,
sobrang tagal mag deliver laging unavailable for pick up not responsive seller!!,1,
2nd order ko eto kala ko ok parin ang pangalawa... si seller di marunong makipag usap di panga na pick up return/refunds ko sa status completed nadaw. mahirap pong hanapin ang pera na binabayad namin sana naman maging makatao kayo. eh sira nga pinadla nyo sna palitan nyo kung di,1,
ndi q nman yan mgamit sayang lng pera q wlang kwenta mystery box nyo....,1,
not for person in a hurry matigas buksan... sobra! not recommended.,1,
i'm so disappointed. hindi po naka bubble wrap kaya medyo deform po sya,1,
"di ganto order ko! 1 litter lang ata to. will definitely not order again sa shop na to, di din sila nagrereply.",1,
sira siya pag ino on ko tumutunog parang may naka harang ang ingay pa tapos yung dumating saakin tuping tupi yung box tapos yung neck fan naka buka kitang kita yung mga wire,1,
hindi maganda yung quality kasi hindi gumagana yung right bud im not satisfied kasi hindi gumagana yung isa,1,
"not working pag d nkasakska maski na charge na.. need na nkasaksak para umandar.. seller should try it first bago e deliver..we are paying for it kaya sana maging fair dn kau, hnd ung mnloloko. kau para lang kumita.. isa pang abala sa ngddeliver at sa amin pag bnalik. hay",1,
kalungkot naman to. kumuha ako dalawang mystery box na magkaiba ang price hoping maiwasan ang mouse pad.. parehong mouse pad pa ang natanggap..,1,
hindi gumagana yung item scamer ! wag kayong oorder dto scamer po ito sira po yung item hindi gumagana,1,
yung plain black talaga order ko tas 2l pero yung dumating color blue tas dipa sya plain and 1l lang nakakalungkot lang talaga yung expectation vs. reality (pero atleast tumbler parin yung dumating),1,
wrong item recieved. ang layo ng order ko sa item na dumating. 2l order ko 1l ang pinadala niyo,1,
hindi nag charge ang fan ka inis i hope seller notice me,1,
sinabihan ako na scammer eh dami kung binayaran sa shop mo .. kahit gusto ko ipa cancel di ko tinuloy dahil. naawa ako sau tapos ganyan i cocoment mo sa akin naka upload jan proof na di ako scammer,1,
not good color black yung inorder ko pero coffe dumating,1,
3 inorder q for 310.00 pero nung dumating ung parcel 1 lang ang laman. wag basta basta maniwala at magtiwala sa mga scammer.,1,
bogus walang dumating na item kulang pinadala nyo na item bs nagbayad ng husto yong tao tapos kulang ipapadala nyo bastos na seller,1,
sira ang items sana sinubukan nyo muna bago nyo pinadala dna ako oorder ule a inyo,1,
"mabango sa una,parang 1min wala ng amoy tssssk... scamm .matagal na nag titinda mama ko pabangong ganito eh. mas more on alcohol to not recommend do not buy here!!!",1,
please stop selling deffective items. hindi naman nmin pinupulot ung pera. then c seller di rin maayos magresponse. do not buy from this shop kung ayaw nyo magsisi.,1,
"will never order again. magkaiba ang sinend na sandals. panget pa ng packaging, yupi-yupi.",1,
sobrang bilis malowbat in just 20 minutes of using it lowbat na agad.,1,
"thank you sa napakagandang product niyo. ang saya saya ko worth it ang bayad! oorder ako ulit bukas ng sampu christmas gift ko sayo in advance. basag yung ring light, kulang yung parts, lumihis yung isang part ng stand ang pangit pa ng packaging butas at pitpit yung kahon. ",1,
"hinde maganda ang quality at ang sabi may lagayan ng sim wala nman pala,saka madaling m lowbat....at madaling ma full din.... tssssk umayos kayu mag benta dahil binabayaran kayo ng ma ayos...",1,
"ang bobo naman di alam ang color black bakit nman ibang kulay binigay nio sa order ko, kaka disappoint di man ako naabisuhan . di ko pa nakabit sana ok sya",1,
"not good madali lang po masira, twice lang nagamit sira na kaagad",1,
pang boy po inorder ko di po ba kayo nakakaintindi? ang simple lang po ng sinabi ko. hirap talaga pag tanga tangahan yung seller lagi nag aadjust customer.,1,
not good tiningnan nyo sana ng mabuti kung okay ba yong item na bininta nyomalayo po ako sa bayan para pumunta sa j&t office. please naman help me na maibalik ito sa sa inyo para masauli yong pero na ibinayad ko,1,
damage pinadala naka plastik lng ..wla buble wrapper. .tas ang gaspang ng bottle hayysss ..dami ko naorder mali pa damage pa,1,
"wrong item ang pinadala. imbes na light grey, dark grey pinadala. tapos sabi new stock daw pero halata naman na dark grey kasi nagtry ako mag-order sa ibang store ng dark grey ganun nga ang kulay gaya ng pinadala ng shop na to. tapos maiksi pa at medyo maliit compare",1,
incomplete sila magpadala ng orders then ang siste need mo umorder ulit para maipadala yung kulang nung unang order mo then di naman nila pinaliwanag ng maayos na need mag message para masabay yung kulang na order mo. nagorder nga ko ulit 1 pair pero wala di pa din naman,1,
"item is different from the picture, im so disappointed!! expectations vs. reality talaga ang nangyari! won't order again from this shop, bye! judge nyo nalang nasa pic and from pic nila.",1,
scam!!! scam !! scam!! i ordered 3 items pero dalawa lang dumating!! 10 days pa bago dumating!! i am very disappointed!!!!,1,
no good ang layo sa picture talagaa. pang cr tong gantong tsenilas !!!!,1,
"i don’t mind the bad packaging, bukas at butas yung box ng heels, pero next time, sana tama yung kulay na ibibigay nyo. i asked for white, you gave ne purple sandals. poor and shitty experience you have. boooo! wag kayo bumili here",1,
shop na ang benta e walang kwenta hmn magamit ang wall paper dahil walang dikit mga bwisit kayo.manloloko sayang lang pera ko sa inyo.mali na nga pinadala hnd pa nadikit.magsara na kayo,1,
black and pink ang inorder ko tapos pink lang ang dumating,1,
idk hindi naman 10meters yung roll e. umay.,1,
"subpar quality, mishandled item, may dent sa gitna, butas na yung kahon before nila bubble wrap, ibig sabihin alam nila na may tama yung item. pang regalo pa naman.",1,
damage item and poor customer service. fragile item but packaging is so poor that it caused the ring light to be broken upon receipt. bubble wrap is thin and already popped. raised the issue to the seller but they insist that the product is working naman. ayaw magrefund/return. see vid,1,
may butas yung parcel!! wala manlang bubble wrap so hindi secured yung items!! kulang pa pinadala jusko walang eyelash curler!! nagbayad naman ng buo pero kulang pinadala. #neveragain #notrecommended,1,
dalwa inorder ko pero yung isa hindi nagana i want refund,1,
di ko ineexpect na ganto ang amoy. sabi kase eto mabango wag talagang bibili ng mura. mapapamura ka din sa kalalabasan,1,
sira after 1 week working naman kaso 1 week lang sira na,1,
poor performance is poor. product quality is very poor. then madaling mag lowbat and matagal mag charge on and off pa when u charge it. 100% no good!,1,
"bad im sorry but im an unsatisfied costumer, di nagana ung charger, and pag tapos nun di na sya nailaw. + wasnt sailed safely.",1,
very poor quality. kaya very mura kasi very poor ang quality. dapat wala n lang strap,1,
"yukot yukot halatang walang pakialam sa satisfaction ng customer, kayo kayo lang ata nagpopost dito ng good review. basta makapagbenta lang paano babalik ang consumer?",1,
maganda sana sya .kaso kulang nag 10pcs ang pinadala ng seller .. verry disssapointed ..,1,
far from the size 36 tag 38.. nope 27 inches lng. nag try lang ako bumili kaya 2pcs lng binili ko.pero no way na uulitin pa.,1,
very low ung nagbayad ka ng tama kaso ang wall sticker na binigay wla ng dikit tapos manipis pa.,1,
maling size wag kyong bumili dito. sinayang lang pera ko. anlinaw ng order ko size 28 pero ang pinadala paden size 24. pano masusuot ng anak ko to. ang hirap na nga kumita ng pera pambili makakatapat kapa ng gantong seller.,1,
ok po ang product. kaya lng ang shopee delivery express delivery man ay hindi maingat sa pagkarga ng produkto. walang fragile na nakalagay sa labas. the way na kinarga ang product is 1 hand lng. hindi sya worth it sa binayad na shipping fee. kasi trusted ang company na makadeliver,1,
"hndi ko na tanggap...sana ma bigyn ng action yung mga driver n tinitake advantage yung parcel na maliit yung halaga kasi binabayaran nila at kinukuha...my proof of picture ng delivery pero hndi ko namn na kuha..saan mo bingay kuya?..shout out po sa driver kung cnu kamn ""tutana jade cyrus""..",1,
mali po yung binigay boxer po yung order at panty short.. ang dumating panty saka brief lahat.. i will not recommend this seller... malimali talaga yung binigay... sayang yung pera d ko magaga gamit to..,1,
"100 so far this is my second order,dahil napa dami ng order nagkanda gasgas dahil pinag isa ng balot,im so disappointed po kasi puro gasgas na",1,
ok sana kaya lang kulang ng 2 usb adapters the seller was not responsive. never order again,1,
yung pinakapili mo tas iba padin ibibigay sayo na kulay. kyng ano pa pinaka ayaw ko. mapeperwisyo lang ako kung rerefund ko pa to. i do not recommend shops na nagbibigay ng maling order. sana sabihin kung walang stock bago irelease. bad service.,1,
"ano ba nmn to seller baliktad yung salamin pano ko to magagamit, bago sana kayo mag padala i check nyo namn",1,
sira naman to salamin lang magagamit di pwede lagyan ng battery di pwede icharge kasi sira din need refund plss,1,
ok received products but not the one i ordered. pang gift ko sa niece ko yun kaya yung nasa picture na may stickers ang inorder ko pero iba ang ipinadala si seller. first time to order in this shop pero nakaka disappoint.,1,
ok nmn pero sira yung isang led light strip na na tagap ko tas yung manong driver masungit nakaka inis dischashtinngsheet,1,
"nadismaya ako sa earbuds kase malaki, tas lagi nalalaglag sa tenga ko",1,
sayang pera sana tinest muna bago pinadala. kaya ko pa naman binili dahil sa bluetooth clicker hindi naman pala gumagana hahahahahaha,1,
wala pang 5meters yun dinideliver 3meters lang nag chachat ako sa seller hindi nag rereply!!!,1,
"not same quality as before. plastic na sya at madaling mabali. tumutungo kusa, paktay na. cable is so short. t_t. sa j&t, hwag sinungaling sa pag-tag ng delivery status. its very unfair to us buyers that you blame us for failing to deliver the item. twice happened to me. reported",1,
got my order nakaka disappoint lang kasi basag yun light sana next time paka ayos ang packaging.,1,
okay lng nkaka disappoint lng kc nkabalot lng sya sa plastic.. like hello ? gagamitin ng baby yun sna yung maayos na pagka pack hndi yung ibinalot lng sa plastic.,1,
nasira agad defective item,1,
"very dissapointed!!! iba ang style ng order ko pero iba ang dumating! ano nangyari??? hays! anyways,compy naman sya.malamang ibigay ko na lang sa alalay ko.salamat sa kuya rider.salamat shopee.",1,
mabilis nmn shipping.. kaso mali nmn size nung gray.. matanggap ko pa kung wrong color eh..pero wrong size pano nmn isusuot diba..saktong sakto lng xxl eh..nakakalungkot tlga.. sayang lng.,1,
napaka layo ng itsura sa personal bogus na seller nagbabayad sa inyo ng ayos e puro kakupalan ginagawa nyo sa customer nyo,1,
"poor i followed the instruction written on the box.. almost 30 minutes na nga nakababad yung filter with essential oil, kaso defective talaga ang product na binigay nyo. working lang yung ilaw..",1,
wrong item delivered.. seller doesn't send a pic. of the item first before shipping it out. 99 pesos lang pinagpalit sa pangit na rating at review ng shop. hayys. sana di bumalik sa inyo mga pinaggagawa niyo.,1,
basag ang panel. panu naman kasi nilalagay ang product sa loob ng other item. fix your packaging style!. rineremejuhan nalang para magamit.!,1,
maganda ung design kaso maliit pala ung item hndi pala malaki sa personal super disappointed,1,
not good sira yung binigay nyo umiilaw lng bulok scammer kayo,1,
some parts are missing like my brush and the rider didn't know how to return the change lol that busty rider feeling gwapo need to educate jusqo it's not fair,1,
anlayo sa pic sayang ang pera. madaling mapunit mdaling mabakbak. mgnda pa quality ng cartolina. definitely will not biy this product again,1,
"from 3pcs we ordered, only one fits the ""xl"" size but ordered 3pcs of xl. so what's the challenges, seller? maideliver lang? buti na lang meron ako mapagbibigyan kundi sayang lang.",1,
kulang kulang ung items very dissapointed... ung thumbler d q magamit until now maamoy ung loob nabutas ung nlalagay na papel kumalat ung chemicals dun sa loob ng thumbler.. hayss...,1,
"maka stress ang product, hindi siya oily like ng nasa photo tapos kay ang dapat pa na color hindi tugma sa gi order #never again",1,
"pangatlong order ko na ng cloud pero ngayon lang naiba yung amoy. ambaho niya, anlayo sa dating order ko. sana icheck muna nila yung amoy bago ilagay sa bottle kasi sayang lang. 2 bottles pa naman inorder ko and pang 4 at 5 bottles ko ",1,
"not worth it, sobrang hina ng hangin kahit naicharge ko na. tapos onti lang part na nahahanginan, panget ng item. nakakasisi lang",1,
"parang gamit na ang nipis po nya kumpara nyo sa photo na nakalagay sa post nila at parang gamit narin dahil maluwang at gusot gusot sa likod nya may maliit na butas narin, yes mura nga pero sana naman maganda din quality hindi porket mura e pangit nadin, next time",1,
mali yung order na dumating... i'm so dissapointed,1,
"hindi din magamit mali naman pinadala,di ganun kadali mag return inaabot ng 1 week ang pick up .sana next time i double check nyo pinapadala nyo hassle sa part namen ng remind paku na dapat sakto ang size",1,
"sira yung pinadala na item. sayang lang pera ko. di nagagamit. nakakadissappoint, di man lang dinouble check.",1,
not recommended sayang pera nio sa shop na 2...dko magamit ung back up phone na bnili q ayaw mgcharge..yan ang reply nila s akn bawal palitan...,1,
tsk panget pamget wag na kau bumili,1,
akala ko water proof hindi pala nalagyan ng tubig mata ko agad natunaw umitim mata ko huhu may iba po kasi. na mascara pag malagyan ng tubig hindi nagkakaganyan sorry.po,1,
ano bayan cra yung pang close ng mga plastic .. d mn lang tinesting ng seller bago iship .. yung ibng items nmn ok po maganda sya .. kaso yun pa nmn ang gusto ko para lahat ng dala ko na plastic bag nakaclose,1,
"di gumagana yung item!!tinry ko irefund pero yung seller di agad nagrersponse nakakainis,wag na kayo oorder sa shop nato magaling lg magreply pag may pakinabang like duhh!!kakasuraaaa!!!!!",1,
nd tumatagal not satisfied nd sya maganda,1,
bakit wala po itong battery very disappointed,1,
okay naman ung product pero bat hindi kumpleto?? seriously?? 9 pcs ang nareceive kong item na dapat 10 plus the extra ballpen na kasama tapos dapat may 6pcs highlighters sya pero kahit isa wala??? nasa waybill naman pero wala sa parcel grr,1,
good okay naman sya nung mga ilang days lang then nung na-lowbatt yung phone di na sya magcharge po. we don't know why so ipatingin na lang namin sa repair shop kung ano yung cause. sayang di tumagal. thanks seller and sa courrier! keep safe everyone.,1,
"waste of money i charged it and it takes 12 hrs of charging still not full., then when i used it, it took only 10 mins and the battery already drained. poor product. sira na dalawang beses lang nagamit. dont waste your money here. its a trash.",1,
damaged item. may butas po yung pants. sana next time edouble check or triple check nyo ung item bago ipadala.,1,
masikip yung bra. hindi maganda ung quality.,1,
amoy goma sya ganern aside sa amoy goma sya mali pa yung nareceived ko. next time paki ayos naman po.,1,
not good kumpleto 50pcs kaso lng un iba wala tape.. iba ang laki sa dating order q medjo maliit parang pang newborn dumating,1,
"different design iba ang texture ng wallpaper na nai-ship, hindi na siya yung plain na gray na inoorder ko, yung dumating sakin may design ng flowers, ndi ko tuloy magamit to kc hindi na maganda tingnan sa room kapag paiba iba",1,
"high price low quality may sira ang napafala sakin, ang chaka ng color",1,
poor madali mag lobat. pangit ng quality. fake samsung!!!!,1,
wrong color! at may gasgas ang item sira sira ang box kahit balot na balot ang item sa seller ang fault dahil di nag sesend ng picture bago ipaship ang item sana di masira agad,1,
not recommmended yung inpods bukas pa tapos yung charger parang sunog pano ma gagamit yan patapon ang wala yung mga item awit sa seller easy money sa seller wag na kayo bumili dito .,1,
hindi oil based scamm ampotek sayang pera ko,1,
ayun nga 3 ang order k. ng dumatinh dito yun 1 item lang ang pinadla at pang 3 items ang binayaran k. at yun yung seller ala paramdam d nag respond s akin.,1,
"5/10 the product is good. sadly yong labas ng mist is so mahina and humihinto every 5 mins. nagtanong pako sa seller if usual lang ba ganto. i'll suggest bumili ka nalang ng good quality, wag kana umasa sa cheap product ma didisapoint ka lang.",1,
never again. isang suot sira agad!,1,
i'm so disappointed! i expected that the gift if fan and adapter tapos ang dumating dalawang cable protector,1,
0 i want to return pero na kabit na ng anak ko yung stickers. di namin magamit ang straw maikli may kulang na isa pang yube i guess. sayang.i wanted to buy gor my niece and nephew pa sana kaya sa ibang shop na oang may nakita ako na complete,1,
nag messakayo pinakita ninyo order ko na tama per pagdating saakin ibang number hai so disappointing reredund sana namin kaso na open na dahil nagbakasali ako na baka sa loob tama ang laman,1,
wrong item! maganda naman talaga yung lip balm i just need the color changing knowing anong klaseng lips ang meron. pero ayan colorless nareceive ko. nakabili nako noon ng ganto color changing. sayang naman parin pera ay nag antay pako ng payday para makatipid sana di maulit yung ganto,1,
"hindi gumagawa kapag hindi nakasaksak. pag tinanggal mo kahit gaano katagal i charge, hindj sya gagana. smells like burning plastic too",1,
may gasgas na very disappointed po pero magagamit panaman,1,
"bakit naman po ganun my butas ung pinadala ninyo,chinat ko naman kayo before ako mag rate eh wla d man lng nagrereply. tapos nakalagay sa picture nyo pasando pero crop top pala,manipis lng pala sya hndi makapal.hndi sya pwedeng pang benta,ganun din sa bralette manipis din.",1,
fake! not working sira yung item! hindi gumagana! sira nung dumating saakin! ayaw nila palitan!,1,
"very low quality madali sya malowbat, as in kkcharge lang lowbat agad, sayang pera ko dalawa p nmn inorder ko",1,
d sya gumana bebs kala ko ung battery may deperensya ung shaver tlga kc nakailang bili nako ng battery and then tinatry ko sya sa wall clock namen gumagana sya tapos nung tinray ko na sa shaver ayaw na gumana literal na,1,
"ok lng pero hindi samsung ang product at may kulang na pen at stand, na lalagyan so sad!,,! that‘s not fair.",1,
bakit iba naman ung dumating. hmm 2l ang order ko pero bakit ganito. ang liit.,1,
"good ok sana ang products pero na disappoint ako sa item kc missing ang usb niya nawawala, bluetooth lang available, pero useless pa rin kc ayaw mag pair nakakainis lang gamitin , sayang lang pera ko dito",1,
not worth it please do not order sa shop na to! they sent me a defective mouse. may scratches and stains yung pad na parang gamit na. tas yung box sira and tampered na parang galing sa ibang tao na binalik sakanila dati tas sinend sayo. the seller won’t even,1,
hindi gumagana i wish i can return it. hindi sya gumagana waste of money,1,
parang di naman to cloud -_-,1,
poor -wrong color. i remember yung order ko color grey tapos ang dumating color green. ok lang sana kaso hindi naman ako inupdate na wala nang color grey. -very poor battery. grabe!! 56% pag off ko tapos pag open ko ulit 3% nlang!! ang sabi 10 hours ang life capacity,1,
very late dumating ang item i ordered the item last nov 14 and dumating sya november 26 lampas 2 weeks ako nag antay and mukhang madaling masira ang item,1,
incomplete orders tapos hindi responsive sa refund and all.,1,
mali yung kulay na binigay blue order ko gold yung binigay,1,
i felt so disappointed kasi sa description 3d pero ang binigay ordinary sock lang..sana di na lang mgpost ng picture if hindi the same sa ipapadala..,1,
pero napaka delay nya sa games not recommend for gaming po hindi ko alam bat recommended for gaming to grabe ang delay,1,
naiinis ako kasi tagal kong hinintay dahil overseas. ang product tapos ... sa ibang bahay lang diniliver.. diba .... unresponsible ng seller....at ibang adress ata ang nilagay nya dun sa parcel,1,
"parang alcohol it does not smell like ari's cloud! parang alcohol siya na may shampoo, ari's cloud has that creamy vanilla with a hint of coconut na scent its far different from what i bought. i get na its an "" inspiration "" pero napakalayo ng amoy from the inspiration",1,
"low quality low quality anlayo,sa original sa picture..di sulit kung bibilhin.",1,
nakakadismaya lang po na hindi ko natanggap ang item na to..wla po xa sa list of orders ko.,1,
basura damage basura ung item damage naman. sayang lang pera potan...naa,1,
"last day na receiv ko pang 5 transction ko sa shop na i2, & 4th time they fail imagine out of 5 trans 4 trans hndi perfect! on d 1st 2nd 3rd i jst considr thm, but now 3 pcs of my item r wrong n 1 trans",1,
malfunction disappointed buyer sira hindi gumagana ung isang buds hindi rin nag charge,1,
wrong color black gray ang order ko..blue and orange ang pinadala..hindi man lang mag inform ang seller..be responsible naman po,1,
ilang weeks ko palang nagagamit di na nagana. low quality.,1,
diko alam kung natural na to or what pero pinalitan q sa hipag kong online seller meron din sya ganito . yung sakin kc di nalolock kelangan q p itape pag ififix q sa taas . super luwag. sabi ko sa seller check muna bago iship eh.,1,
"ang order ko royal blue,red at maroon...ang dumating navy blue...maroon at black....nu bayan",1,
2/10 mali ang ibinigay na order 2l ang order ko ang dumating is 850ml lang mali pa color. nag chat ako sa seller walang reply so disappointed. sana ayusin nyo best seller pa naman pero ganto nakuha ko. mahirap din buksan ang pindutan pangit,1,
"sana po sinabi niyo! kung ano kulay yung available, hindi yung ipapadala niyo pang babae kainis! lalake jowa ko! orange po na may blue, hindi po violet",1,
"not bad don't expect too much so you won't get hurt. akala mo jowa lang yong paasa, seller din pala.",1,
"sana man lang yung gumagana or nagagamit ang laman ng mystery pouch.. pero sira ang pods, mukhang nagamit na yung cord at box. mukhang isinoli din ng iba at ipinadala naman sa akin.. not recommended seller",1,
nagiinit sobra ung charger pati cord.kakatakot gamitin bka sumabog di din fast charger,1,
very disappointed po sira ang left side ng neck fan at ang bilis mglow batt,1,
madali siyang ma lowbat lalo na nka connect sa internet 30 mins.lng lowbat n agad....matagal mag connect sa utube at fb,1,
hindi naman adjustable. pag binanat ko to madudurog ito. false advertisement!,1,
i purchased 2 bottles.yung isa lang ang maayos. the other 1 my mga gasgas at yung parang rubber ng straw my parang ngatngat sa dulo. hindi nman sya buy 1 take 1,1,
wrong color.. green ang order ko pero blue ang binigay ni seller.,1,
first picture is the image of my order and the second picture yung dumating different color seller hanubayan kaya may stain na tuloy ang isang light order ng dahil sa red color,1,
mali binigay sakin. 210cm ang tripod na inorder q. e kita naman sa picture na iba dun sa naunang naorder ko!nasa right side ung old purchased q kahit sa ring ligh bulb at switch an. iba ang laki nung bulb nasa right side ang old purchase q,1,
hina ng hanging wala pa 20 minutes no bat na.. sayang lng pera,1,
black yung dineliver . black white yung order ko tas may konting sira . excited pa naman ako magkabit mali namang kulay yung dumating ayss,1,
sorry seller pero ekiss po ako sainyo kasi binigyan nyo po ako ng product na ipods na 1min lng gagamitin lowbat na agad kahit halos isang oras kona in chargenext time po seller paki ayus nmn po mura nga pero mapapamura ka nmn sa product sorry seller sinabi ko lng,1,
bakit ganun ung suction d effective nakailang pasada na ako andun pa rin ung dumi. hindi effective hayyysss,1,
"ok na sana fast delivery naman kaso may damage and ang dali ma lowbat as in wala pa na abot ng 1 hour na lowbat na agad and hindi matibay, im disappointed ordering this",1,
lupet ng design ng mouse pad kaso medyo manipis sya pero ok narin at sana next time lagay nyo muna sa pouch or box para ma excite naman kami habang binubuksan yung item kahit alam namin na posibleng walang kwenta yung nasa loob hindi yung direct shopee bag lang,1,
"real review ba? eto. im quite disappointed sa item kasi parang gamit na sya, madumi sya at may sticker something na natorn which is makikita nyo sa mga pics. may konting opening din sa gilid and im not sure kung nabasag ba to nung dineliver",1,
waste of money item is deffective. poor packaging kasi kaya may possibility talaga na masira sya.,1,
4/10 nabudol ako akala ko same sa picture yung design mas maganda pa yung sa miniso sayang lang ang bili ko ₱235.00 pa naman. pangit yung quality basag yung sound. not happy mukhang 1 month lang tatagal sa akin. yung quality ng charging pod parang 3-5 laglagan masisira agad eh.,1,
"so bad pang 3rd ko nang order to pero now lang ako nadismaya, mali na yung kulay mali pa yung liter nya, 2l inorder ko na black pero ito yung dumating, sobrang nakaka dismaya talaga, naki order lang sakin yung bayaw ko",1,
madaya si seller iba inorder iba pinadala.. d nag rereply sa chat.. nag bbyad ng tama pero maling items pindala.. kung walang stock d nag sasabi...,1,
ang tagal dumating halos two weeks ako nag antay bago maideliver,1,
"2 star only, paulit ulit nalang ang item sa mystery pouch na toh, okay naman dahil ang real price nyan ay mahal kesa sa mystery pouch na toh thank you parin sa seller pero sana ibahin nyo rin po minsan.",1,
"para saan pang pwedeng makamapili ng kulay, kung ibang kulay din naman pala papadala!!! nagnote pa ako ah na kung pwede icheck muna bago ship pero hindi ata marunong magbasa itong seller na 'to or sadyang color blind? naging seller ka pa kung hindi ka naman marunong sumunod sa instruction!!!",1,
dalawa ang inorder ko. isang white and isang pink. kaso itong pink sira. paano mai cha charge? nag message ako kay seller kung pwede ba palitan. kaso di manlang ako nireplyan.,1,
"pala desisyon kayo green po yung order ko hindi light green, di man lang nag message muna!",1,
grbe dito...hndi po tenatae ang pera.sira yong square pants nyo...nkawalang gana dto...diyos na bahal sau ..wag na kau mag benta kong kanito lang namn item nyo..,1,
"matapang na hindi kaamoy ng cloud im so disappointed po kase hindi po sya kaamoy ng cloud tapos ung amoy nya is paaang alcohol tapos katulad lang din nu vanilla lace pag pinisit mo sayo aas mamasa masa pa amoy alcohol tas pagtumagal mag aamoy cloud na, pero ung pagka",1,
pangit cya.. parang nagamit na ung eyeglasses kasi nahuhulog sa taenga ko pg.nilalagay ko marami nadin akong nabili na ganyan pero d katulad ngayun as in pangit talaga.. i'm disappointed...nakakainis my gasgas pah. nextime see to it na okay ung items.. sayang pera koh,1,
sobrang nakakadismaya basta maka deliver lng at kumita lng c seller hindi muna chineck kung ok ba kung gumagana ba,1,
anyare bakit ganyan? very disappointed,1,
"plastic so yun nga, no response from the seller . as you can see, there's a sign of usage. haven't tried to wear it pero ganyan na ichura.",1,
"di gumagana na item nag request pako ng return refund wala din nangyari, apakabulok mag assist ng seller pareport sayang p397 ko",1,
hindi po namin nareceive ang order na ito pero nakalagay sa shopee acct ko na na deliver na at may picture pa ang rider sa gate na d nman samin. iba ang kulay ng gate namin. sana tunawag o nagmsg muna ss amin kung d sure at inalam muna name,1,
royal blue yung inorder ko kaso pag dating black. sana man lang nag update si seller na wala ng stock yung royal blue.,1,
we received it na already opened and medyo madumi as if already used,1,
amoy alcohol di ganto smell ng cloud s,1,
i ordered 3 mystery pouch. pero yung dumating dalawa lang. so disappointing lang kasi ayaw mag reply ng seller kung may concern ka sa kanila. ka dismaya lang official store pa naman sana.,1,
walang kwenta yung pinadala hindi man lang umabot sa 5h pesos yung worth ng item sana nman sa susunod kahit hindi jackpot at least aabot nman sa halaga,1,
"yung isa damage at ang daming gasgas , then yung isa walang charger cord. sana kung may damage na yung item wag na iship-out, akala ko kasi okay sya kasi fully sealed naman.",1,
napakaiksi nito halos di nga macover yung isang plywood compare dun sa nabili ko sa ibang shop which is umabot 10m long. sobra pa nga. buti nalang isa lang binili ko dito.will not order again!,1,
sira ayaw gumana ng mouth piece hindi worth it. sira sya tapos ayaw pa ipa return test nyo muna paninda nyo bago iship . dapat no star sa product quality e . haaayyyyssstttt,1,
di ako sure kung ano ba ung sinasabing mystery pouch kasi eto yung dumating sakin.. i asked the seller pero d naman ako inasikaso.. sana ng sumagot man lang si sellr to explain.. thanks,1,
sira lahat ng power button also ayaw mgcharge! sayang pera,1,
ang daming butas na maliliit. sana bago niyo i-deliver i-check niyo muna,1,
"sa totoo lang ang hirap nya gamitin, hindi sya pwede pang bata, kasi sobrang selan ng sensor nya pramis, mabubuwisit ka lang sa bluetooth earphones na to",1,
black order ko pero white ang dumating,1,
"don't like it dko gsto yong amoy, at nagleak pa amoy prang kulob na simapay",1,
looks pambalot ng tinapa sorry for my word maliit din compare sa mga naorder ko n i don’t recommend this shop,1,
wala akong natanggap na product pero to rate na agad desisyon yarn di responsable si seller,1,
"sira ung item nung dumating hindi nailaw ung kulay blue, meron kaso dalawa lang edi red at green lng tuloy colors na napakinabngan",1,
first time kong umorder at hindi na mauulit!!! apat inorder ko tatlo lang pinadala nyo!!! ang galing nyo!!!!,1,
good pag bukas ko ng parcel nayupi yung right side ng glass tapos di angkop sa inorder ko di photochromic.. i was so disappointed.,1,
"mabango nman sya walang kwenta tlaga mag order sa shop na toh, i even instructed the seller na wag syang mag send ng may leak but then again all the bottles has leak non sense na naka bubble wrap pa!",1,
manloloko ang store nato bumili ako 4 pairs of slipper ang dumating 1 green&1 white lang. rerefund ko sana kaso hindi ko na nagawan picturan or videohan ang pag open ng package isang pang abala plus pinapalipasan muna namin ng ilang araw ang pagbuksan ng parcel para iwas sa cross,1,
nakakainis size 42 6pcs pa pinadala at yong isa may sira pa.grabe kaka stress. hindi nyo check before nyo i shipnagbabayad ng tama panloloko ginagawa nyo.seen pa message ko.nag pm ako before nag order need ko size 38 and 40 lang.,1,
hindi gumagana medj disappointing like i waited for it for 2 week then di pla gagana,1,
the quality is terrible very dispointed... i was very excited to see my order pero dko inexpect na sayang lng ung binayad ko,1,
wala ako masabe. unang gamit palang ng products not working na!! sana po sa susunud kung alam naman pong hindi na gumagana ang products wag napo ipa deliver!!!,1,
kinabit na 3 days ago..2 days gumana ng maayos pero last night hndi na cya lumalamig..hanggang 26 na lng cya..hndi na umaakyat pa .. i thought it was good buy because its cheap and nice looking but now im disappointed kasi hndi na cya lumalamig..wala man man kahit 1 week,1,
not good very disappointed super nipis ng cloth as in see through talaga sya,1,
"may punit yung iba, gumamit sila ng tape para iseal ang roll kaya bumabakat sa wallpaper yung tape mark scam. fake ads. hindi totoong 10 meters ang haba. more or less 6 meters lang kada roll. seller does not responded",1,
sira namam d macharge ayaw na gumana agad,1,
ang tagal bago iship yun pala walang size 8 kaya yung pinadala size 9. hindi manlang kinansel or ininform sakin. wasted money! ang laki ng shoes.,1,
worst shop ever sa lahat ng na orderan ko. ang tagal mag shipped tapos mali pa pinadala. 2 lng tama yung tatlo pa talaga ang mali. hindi responsive si seller. worst customer service.,1,
wag kayo bibili sa shop na to. 2pairs ang order ko isang pair lang dmating. bayad ko na sa shopee pay pero ayaw irefund. sa halagang 70 pesos hnd nagparamdam ang shop. sana karmahin kayo lahat kyo jan. ukininam,1,
disappointed. naka remarks pa correct color please. pero yun mali pa den pinadala auto palit ng color si seller without asking the buyer. kung hindi pa ako nag chat ng ilang beses hindi pa magrereply.,1,
sa picture lang maganda ..yung payong low quality at sira pa yung order ko nde man lang nag quality check.....,1,
i'm so disappointed. hindi na follow yung color na inorder ko at may damage pa yung isang bottle.,1,
very disappointed bakit ganun yung dumating manipis sya tapos iba yung pagkaitsura nya kesa sa una kong binilicompare sa una kong binili maganda sa padalawang picture use ko na yan 1year ko na sya ginagamit maganda pa din kaso itong dumating saakin ngayon di ko alam bakit ganito maliit pa,1,
definitely not ordering again sa shop na to! di ka nagkulang ng pag follow up pero ano pinadala nyo kulang? tapos ayaw nyo irefund!!! kakapal ng mukha. follow up ka any updates ayawag reply un pala may isa out of stock!! tapos ayaw process refund ko!!!! kapal,1,
not recomended para sa mga may sensitive skin na kagaya ko. i don't know ha kasi gumagamit naman ako ng ganyan noon pero hindi sya mainit sa mata. yung ginamit ko sya mga 2 hours na ya nasa eye lashes ko and init nya na tas ambigat sa mata,1,
damaged / defective item. huwag na kayo magbenta kung sira lang din ibebenta niyo. plastics were very soft. may crack na sa likod. feet extension not that effective. “mabuay”. i won’t order again!,1,
"1/10 plastic lang yung pinaka glass nya hindi tlaga sya glass, tapos palubog pa yung plastic and subrang luwag pa",1,
kulang po dalawang sandal na white tapos nag request ako for refund kaso ayaw tanggapin po. sayang pa naman yun liit nalang nang kita tapos kinulangan pa.,1,
kulang kulang ung pinadala saken wala po ung ice cube maker bakit nman ganun seller?,1,
"order pink,green dumating..gift q p nmn s bunso q yun..nkakawalang gana umorder",1,
isang xl mouse pad lang natanggap ko but i ordered 2 pouches.,1,
poor quality and hindi gumagana ang airpods,1,
"sayang lang pera mo! wag na mag check out! hindi gumagana ang item na received ko, open na ang sealed ng box, halatang ginalaw na at may dents pa. pa swerte2x lang, bahala na kayo!",1,
delivered damaged!!! tapos kami pa maghahatid ng items nyo sa napakalayong lugar!! what the fuck!! alam nyong mahirap magreturn sainyo sana maayos naman ang item na dinideliver nyo!!!,1,
sana po hindi nu na pinadala kasi alam ninyong may sira na ang bra at madumi ang bra extender.kaya pala nakatago ang kulay pink kasi.sira na nung nagpadala kayo ng pic.sayang ang pera. i will not recommend this store. please do not use the name jesus because you are not,1,
kulang pinadala nla s amin n panty order ko tag 1dozen n small at medium ang pinadala tag6pcs lng kulang sla ng 1 dozen. d nla tinitingnan ang pinapadala nla. kng complete. nagrefund ako d nla pinansin. ang pangit s kanila walang number nla nkalagay.,1,
black order ko ganito ibinigay lalaki gagamit ganito kulay pambabae,1,
2/ 10 wag kayo mag pa hype sa nakita nyo sa home buddies wala pang 1 week sira na agad. ambilis umiinit. kya di ko tinatagalan pag gamit.pero nasunog prin sya na deform yung plastik nya. sabi ng seller para ma palitan need pa mismong ipadala sa kanila para ma,1,
"pangit. yupi yupi yung box. parang di brandnew. sobrang low quality. madaling masira. ang dalu pa maputol. sayang lang 300 ko dito. pero mabilis delivery, order ko kahapon received ko agad ngayon taga province pa ako.",1,
"edited my rating from 5 star to 1 kasi after 1 week of using, sira na kagad ang button although maganda naman yung cloth and ribs but yung button nagstucked na.",1,
"why 1 star? becuase po mali ung color na dumating sa amin and wla npong reply si seller about sa request nmin,mdyo mtagal p nmn namin ito hinintay dumating..btw good nmn ung products wlang damage but dissapointed padin.",1,
panget mali kulay pinadala dear seller ng chat po ako sa inyo regarding na pinadala. nyo na mali na nga ang kulay mali pa ung size 2l order ko pinadala. nyo sa akin 800ml lang tpos hindi po kayo ng reply kagabi pako ng chat till now wlang reply kahit,1,
"napaka pangit ng item nyo low quality nanga, sira pa tssk",1,
bought 2pcs. hindi gumagana ang isa. chinachat ko si seller. nung una nag rereply. nung huli wala na. so disappointed. they dont check aiguro bago iship.,1,
wrong size naman binigay nyo order size 31 size 30 naman binigay nyo,1,
"i received the order complete yesterday.. quality was not really good medyo manipis.. isang item may butas sa likod, message ko so seller walang reply. nextime po,check muna bago e pack kasi nagbabayad ng maayos yung customer niyo..kawawa naman di pa nagamit butas na",1,
sana naman po .ayusin ninyo ang pinag gagawawa ninyu.. pag walang stock mark sold out na sana ninyo . hindi yung ibang ang ibabalot ninyo... yung order ko inang model po dumating,1,
napakalinaw po ng order ko dark grey and black color.. pero kayo po ang nasunod blue at maroon... sana inindicate nyo na bawal mamili ng kulay,1,
same color yung inorder pero nung dumating iba na yung color nung isa and yung may issue din sa size kasi 44 yung size dapat ng isa pero 38-39 yung dumating hindi man lang umabot ng 40 so sayang yung bayad kasi hindi naman magagamit yung isang item. nakaka disappoint,1,
wrong item i order 2l pero an ibinigay 1. 1l lng at ibang design din!! please make sure na tama ang ibinibigay niyo na item sa mga customer niyo. nakadismaya talaga!!,1,
"1/10 2nd order ko na to ,yung una palpak , mali yung napadala , tester yung napadala and super bango niya kaya nag order ako ulit ng mas malaki . problema nga lang , aside sa may leak sya , wala pang amoy, tas parang tubig lang. ang layo ng",1,
wala power and off button 1 day lang di man lang nagamit.wag na kayo bumili ang bilis masira nito!!!!!,1,
"not good, same as other cheap umbrella kala ko maganda at mas makapal ang quality ng payong, di pala. hahahaha.",1,
will not order again! very disappointed with the product the quality was not good hindi pa nagagamit sira na agad.,1,
"d xha same nung nsa picture, expectation vs reality nkaka disappointed lng, pa order lang dn kc skin 2,",1,
"10meters daw po pero nung nakadikit na sa wall, nagtaka ako bat onti lang ang nacover na area. sinukat ko, 5.2meters lang po lahat sa isang roll. sana maaddress po ito. if you're willing to risk it, then buy. if 10meters talaga hanap mo, i won't recommend this shop. ",1,
"not good wag kayo oorder dine, mura man sya pero ung seller sarap murahin ehh pero i'm a good girl kaya diko ggwin un.. sa iba na lng kayo umorder.",1,
diko gusto ung mali na diniliber nyo baby nose cleaner pump order ko pero ayan dumating,1,
kung meron lng 0 star yan ibibgay ko grabe sa ilang ulit kong nag order 3x d nalang naisip ni seller na good buyer ako unang pinadeliver madaming reject magaspang yung loob pangalawa plastic hnd magic tape etong last mahigit sa kalahati walang tape salamat nlng sa 3 beses na,1,
namamatay po yung right..chinarge ko xa mga 2 hours kc akala ko lowbat lng.. pero ganon parin yung kanan.. namamatay after a seconds. yung left ok nmn. sana magawan nyu ng solution.. kc sayang pera.. i change my rate later if you do solution for this.,1,
"huwag na po kayong bumili dito! once lang gagana, wala pang ilang oras, malolowbatt na siya. then, kapag i-chacharge mo na, hindi na gagana talaga. sana naman seller truthful ka sa mga binebenta mo. hindi yung nagsesend ka ng mga defective items.",1,
"bumili kami ng mystery pouch at mystery box for excitement, para masaya.. ung exciting habang binubuksan mo sana khit alam namin posibleng walang kwenta ang laman nya. pero eto na nga hindi nakabox, hindi nakapouch. basta nasa shopee bag lang. nadefeat ang purpose. ang corny ni seller! ang kj!",1,
"0/10 at first, okey sya. maganda tunog, hindi basag at hindi mabilis malobat. pero after ilan gamit, ayan na sya. hindi na sya gumagana. ayaw ng mag power on, at ayaw nrin mag charge. so disappointing",1,
not worth it sira po ang binigay tapos unaccommodating ang seller sabi lang eh return. eh kung malaki magagastos pa pag binalik pa. nu ga yun! kung ayos sana ang binigay in the first place. edi wala problema! dapat kasi chineck muna bago ideliver para wala problema.,1,
"fvckk i dont know baket ganun ung amoy, first para syang alcohol, malamig and the spell? not really sure kung long lasting pero kase nde sya maamoy and medj wlang amoy, im tryinh to shake baka ganun but no, im really really disappointed for this product, dont buy ariana guys",1,
im so disappointed! una sa lahat... nung nareceive ko sya prng gamit na kasi walang plastic.... nakabuka pa mismo yung harap tpos ung filter wala rn plstic.... ang pangit sayang pera sana bumili na lang ako ng original sa mall... sobrang nakakainis tpos unh remote chinese pa leche. kakainis kabwisit,1,
maling size naman po ung pinadala nyo. large po ung order q hnd small.sana sa susunod kung wla kayong available nong ino order sa inyo sabihin nyo nlang hnd ung magpapadala kayo nang d ayon sa order....,1,
not good sya sa aking .kasi kapag mag charge ka indi kasya yong charger sa mini electrifan.,1,
wrong color received! i ordered 2nd time dahil nakulangan ako kaso ibang kulay yung dumating!,1,
"low quality hindi sya nagana nung dumating. kaya naicharge muna kasi akala namin lowbatt lang. then ilang araw na naka charge, hindi talaga gumagana. nakaka disappoint ng sobra!!!",1,
"not good too hindi ito yung inorder ko, okay lang sana kaso madaling mapunit yung sa sintasan ganyan na pagdating sakin, next time ho kung ano yung nakalagay sa picture sana ganun din ibigay niyo, bakit sa iba okay naman? first time ko omorder dito sa shopee na naloko ako",1,
dont order here! comp. mouse ang inorder ko tsinels ang dumating..update ako ng update pero walng sumasagot,1,
malamig sya just like an ordinary alcohol worst purchase. nilagyan lang ng oil2 pro parang alcohol dahil malamig sya!! sana mabasa ito ng mga future buyers! this make sense bakit 79 lang. sorry but ang layu sa orig scent. parang nag purchase ka lang ng alcohol literal,1,
"bobo ng seller hindi ata alam ang kulay ng black o baka color blind ang seller, ang order ko black pero ang dumating gray , ang bobo mo bumalik ka nga ng grade school nakakagigil ka.",1,
sayang lang ang pera sira p ung charger haha kainis gsto q sna ireturm kso ntapon qna ung box kainis tlga sira n cxa agad isang araw plng tps kupas p ung print ng mukha ng pig d recommmend,1,
ang layo sa inorder ko kulay nung inorder green tas ung wipes na inorder ko pangsapatos hindi pang mukha,1,
"pagka open ko ng handle crack sya ang panget, dumating syang may crack tas ka bukas ko ng handle sira sya so diko manlang nakagamit kahit isang beses",1,
"excited pa nmn sana ako kasi ang bilis lng dumating ang problema my damage yung items na pinadala sakin at hindi rin yung color na gusto ko sana...ni replace nga ng iba kaso may damage pa,ano bayan??? dissapointed talaga ako...ok lng iniba ung color pero dapat ok rin ung",1,
"sayang naman ng review kung di ako magpapakahonest dito. sira yung dalawang payong na binigay sakin. pati yung earphone di man lang triny bago iship. i'm very disappointed! tapos nung chinat di man lang nagrereply kahit active naman, nakapa irresponsible hays.",1,
not recommended to buy masasayang lng pera nyo dito..,1,
not satisfied ung bayad mong maayos dadting sayong di maayos di gumagana .,1,
"ka dismaya naman hinaloan ng isang pang girl yellow flowers pa, sabi ko pang boys eh ramdoms for boykainis kayo",1,
"i dont think so.. i think it is not 10meters long.. i think it is just 8 or 9meters.. and its wide is only 40cm not 43cm nor 45cm.. its just 40cm. nabulag aq sa presyo akala q makakamura aq... well sorry to me, lugi!",1,
"dont buy it, wag nyo bilihin nasira agad fan a few minutes after using it.",1,
okay naman siya considering the price. kung medium size ka dapat large orderin mo. mas maganda tela ng dark gray kasi yung black naghihimulmol siya. pina ayaw ko lang hindi responsive si seller. at yung rider siningil ako ng sobra pasalamat siya lowbatt ako kaya wala tuloy proof na 243,1,
why po white ? black po order ko para po sana hndi madumihin..,1,
disappointed nasa message na nga #2 #3 pareho padin pinadala nyu sana ng memessage ka seller d yun disisyon ka ng disisyon 2 ka lng saken,1,
item is not in good condition when received. understood that in could be the courier but the seller must take note to at least put a carton or more bubble wrap on the box of the light itself. ung stand naman naka box na so dapat mas protected ung light,1,
mali yung design na dumating sakin. excited pa naman yung panganay ko kasi sya pumili ng design. sana next time kung ano yung design na nakalagay ayan pa din yung ipapaship nyo or pwede kontakin nyo kami. order ko 2 liters hindi 1 liters,1,
"not good ndi maganda, kompara sa mga nauna ko ng naorder. nahiwalay ang 1st layer sa diaper",1,
not good/ very disappointed masyadong madaya si seller. ang order ko ay small. sinulatan nya yung plastic ng diaper ng small pero ang nakalagay sa diaper ay newborn. kaya pala nakakapagtaka na maliit yung diaper. tapos ang presyo nya ay pang small. napaka galing no seller. masyado kang matalino,1,
im very disappointed kasi di gumana ang dalawa kung order,1,
not good. kulang po yung item na nareceived ko. nakakalungkot lang. anyways sana next time naoorder ako complete na yung items na ibibigay sakin. hehehe,1,
wrong color hassle pa ng refund wag nlang,1,
yung isang fan walang charger...hindi kumpleto...sana next time i check pls,1,
kaya naman pala mura matagal syang mamaga sa eyelash mo kaya kapag naglagay kyo wag kayo pipikit kasi kakalat yung mascarra so ayun 2 star poor quality lang hehe,1,
na kulang ung dumating may maling item instead of mascara eye liner ang dumating hindi maganda ung fake nails masakit at wala pang glue,1,
sira nmn gilid very poor quality!!!,1,
not recommended mali ung size mali ung color pati ung itsura hnd naman yeezy to,1,
hindii kasama ang wallpaper flattener sa pack. kailangan ko pa naman iyon dahil di ko pa nailagay lahat ng adhesive wallpaper na binili ko rin sa inyo. lakip ko siyang binayaran. paano na iyon,1,
"i am not happy with their service, i ordered 2 umbrellas with bag pero walang bag ung pinada, sabi ni seller baka pwd na daw un kasi magagamit ko din naman daw un. tsk! tama ba un? kaya ka nga umorder ng tamang item na gusto mo tas marunong pa",1,
"sira po ung gilid pagka open q..d q navideohan dhl twala nmn aq n ok ung item...nxt time po pacheck ng items bago iship,tpos pki picturan send sa client para sure....",1,
mga hayop... akala nu ba magtatagumpay kayo jan na niloloko ninyo ung buyers. nag order ako tv taz olo ng cp charger ang pinadaka ninyo. nag tagumpay kayo kc ung anak ko nag claim sa jnt at hinde ako. hende ako ang naloko ninyo kundi mismo sarili niyo.,1,
bad its so iritating i apply sis .napaka tagal matuyo sa eyelash.ialang minute na pero waley nasa parin tapos ayun nag sasabog sa mata.not waterproof,1,
"poor quality mabilis dumating almost 2 days lang. mabilis siyang mapunit, hindi maganda yung pagkatahi at wala siyang plastic nung dumating.",1,
alcohol ang amoy. super bilis mawala ng amoy. bili na lng kau sa ibang store ung tig 160 ang price mas ok pa un nagtatagal amoy. sa bagay what do you expect sa price,1,
mabilis malowbat at samsung ang kinoha ko mali ang bibigay,1,
very disappointed may crack yung gilid... hindi man lang inaayos ang pagpack para hindi sana nadamage.,1,
pink po inorder ko tas red po yung dumating,1,
kala ko ba fit to sa lahat. pota hindi naman fit sa gas stove namin!!!! 2 pa naman binili ko!!!,1,
not good mali binigay nyong order 2l order ko bingay nyo 32oz .,1,
"sana kung may gasgas at unpleasant visible stain or marks huwag ng isend sa buyer 2l ang inorder ko, 1l ang dumating.. nakakalungkot experience ko sa seller na ito",1,
hnd sya talagang pink kulay. para syang maroon sa lips at hnd sya pigmented. natatanggal din sya agad.,1,
"very disappointed, 1 day lng gumana pag 2nd day n nag blurd yung lcd ng cp at tuluyan ng di gumana.... haist.....",1,
tang * na talaga nakaka gag* kulang at sira binigay nla ang hussle pa need mo ibalik sa jnt bago nla refund kuno walang remote walang manual defective pa item wag kayong bumili dto sinabhan pku order ko ulit isasama na nla ung kulang dumating nxt order ko wala napaka,1,
"it's not a real samsung. it's not. first time buying on a low price and i was like shock when i saw how cheap this product is not until i received the product. to those who want to buy this, i tell you na po na it's not a real",1,
mali ang dumating na items nakaka disappoint. i paid right amount you should ship the wrong order. wont order again in this shop.,1,
mali ang product na binigay!!!! i ordered intelligent sweeping robot pero ang dumating air humidifier na maliit!! nakakainis sobrang hassle!!!,1,
"very disappointed, hindi po gumagana ung item. we already charge na pero not working parin.",1,
so i2 n nga vry disapntd tlga aq kc inorder q i2 ng dec. 28 2020. tapos kara2ting lng ngaung jan 30 2020. ide wow. grbe npktmad ng courier jan sa tacloban porket umabot lng ng 304 order ko dna maihatid at nagchat pa aq ky seller na ipacncel nlng,1,
no good baliktad ang pagkaka kabit ng pinaka glass s frame as u can see in the pictures hindi sya fit s frame may parang lukot ung pinaka main purpose qng bakit q to binili at kung ano ung naka advertise is not what i get... this is trash waste,1,
"mali nmn ang dumating..bkit nmn ganto..portable neck fan bladeless order q..bakit dumating cotton buds,baby wipes,face mask etc..",1,
idunno so dissapointed hindi nag iiwan ng stain pag winape na at ang layo layo ng pili kung shade sa personal ang layo layo! ano bayan,1,
"sa pagkakaalam ko wala akong order na may tatak na fila, ok na sana e kaya lang yung kabilang side ng print e reverse ang pagkakadikit. manlolokong seller!!! huwag kayong oorder dito ng marami kasi mafrufrustrate lang kayo!!! walang kwentang kausap dapat hindi ka nagnegosyo. babalik syo ang karma.",1,
defective earbuds .. sawi sa unang try,1,
di marunong mag double check yung seller .. kulang yung pinadala.. wag nalang kayo bumili dito.. di rin marunong mag refund kahit gcash nalang .. sayang lang pera nyo,1,
"sakto lang sa quality, thinking na mas mura pa sa ibang shop. deflated din sya, makikita sa picture. not worth it sa price, parang mabilis na ninipis. kudos sa delivery, 3days lang dumating na.",1,
"napaka bulag ng taga tingin ng po nio, ang order ko puti pero blue binigay nio, ang pangit ng store nio",1,
pangit grabe ka naman seller. expectation vs. reality ah. lakas ng amats mo po hay nako ka po. buti may nabentahan ako at nabawi ko ang nabayad ko putol pa ang tali ngvtumbler mo .,1,
we ordered 2item but we received 1item only yung binayaran namin amount is amount ng pang two item kaloka awit dipa nag reresponse yung seller hahaha bogos yarn for todays video sana masaya kayo.,1,
anlitttt anlittttanlittttanlittttanlitttt sobrang liiy naman ng size niyo 40 na yun pero parang 36 lang sa paa ko jusko,1,
wrong item ang dineliver. 2lt yung order ko pero 850 ml lang pinadala. wrong color din. unresponsive pa si seller. wag na kayong oorder sa shop na tao. bogus!,1,
"hindi siya nausokk, sana next time bago man i deliver sana subukan muna kung gumagana para yung mga bibili ay ganahan ulit bumili sa shop. i'm very disappointed, pag dating saakin excieted ako makuha agad yung item pero pag dating saakin hindi na gana i mean yung usok lang problema.",1,
"not good, madali masira hindi nagana yung lights nya. tinary ko icharge. pero wala tlaga nangyari. yung fan nagana pero yung ilaw hindi. kinda dissappointed on the item. ang cute pa naman nya. diko na lang nirefund atleast magamit ko man lang yung mirror at fan.",1,
napakapanget ng cp na ito ibang iba sa personal good for 1min wag na kayo bumili,1,
"the lense are both plastic wala sa ayos yung lenses,tagal ng shipping,kya pla nahilo ako!!!sayang lang pera nyo.ung rider lng maayos kausap",1,
maliit pam bata hindi ng inform c seller,1,
for its price mura pero ang tela di cotton..mukhang mainit sa katawan ito..at mukhang madaling masisira..di na po ako order ulit..hindi po maganda sorry..pero mabilis naman po dumating yun item..salamat pa din,1,
wala sa ayos maayos so its been 5 days at di pa rin ako nirereplyan ng seller. mali ang ipiladala nilang item. hindi na sana ako mag rerate pero grabe talaga wala man lang nag reply.,1,
picture not related .hundi maganda klase iba kulay pa nilagay,1,
"mali mali ang pinadala mo seller, kulang kulang pa!! dalawa ang inorder na purple tpos isang green, iba na nga ang pinadala mo na item kulang kulang pa!! wag kana magtinda kung pasala sala ka namemera ka lang e mabayad ng tama sayo tapos ganyan gawa mo. wag kayo magorder",1,
not good kahit fully charge xa. wala png 1hour low battery na agad. nakakadisappoint. gustuhin ko man ireturn para makuha yung refund hindi ko magawa dahil need ko pa bumiyahe para iresend to sa seller. mejo busy p nmn. tpos ilang days lng ang palugit ni shopee para maireturn. goodluck,1,
"binawasan ng 1 sapatos pinalitan ng freebies kuno eh nakihati naman pala sa shipping fee. before placing our orders we made sure of our items and we payed exact amount. it was not our fault that the items were returned to sender. wrong color, wrong style, wrong sizes. palpak lahat.",1,
6/10 super tagal nya dumating like feb 24 ako umorder then dumating sya ng march 6 and may isang maling naibigay saken,1,
hindi tama yung color na pinadala... iba na pala yung camel color saknila white na!!! ang ayos ayos ng order eh mali mali naman yung binibigy na color very much disappointed! hindi ulit uulit bumili dito! hassle lang!,1,
xxxx di po natutuyo agad and panget gamitin honest review thanks po .,1,
fast delivery naman ! ung sizing ang request ko ay 3-6 months may naligaw na 12 months! and gray pa!!! 3 out of 5 gray sa romper!!! chinecheck nyo naman cguro ang item bago ipadala!!!,1,
"i don't have pictures and vid ng product pero yung packaging medyo nakakakaba na baka basag yung product or sira. sobrang tagal pa ng shipment, i ordered it august 8 dumating lang siya ng august 25. although pre-order siya pero para sa akin napakatagal nun. super unresponsive pa ni seller.",1,
iba sa picture white na white kala ko hnd puti dko type hnd p maayos yung tahi lumabas kailangan pang tusukin pra pumsok sa loob...,1,
di ko naaprecaite texture niya kc mdli mtanggal sana kung ano ung video clips niyo totoo kaso hindi khit svhin mo p n mura ung items or mahal kaso ung paniniwala ng seller buyer niyo nwawala dahil pagdating ng ptoduct samin ung eniexprctbnmin ei walang wala sa katotohanan #dissapoint,1,
not recommended nakakadissapoint lang po ung mystery gift kong inorder. 3 order po iyon pero ung dumating sakin isang package lang tapos 3 pare parehas pang item at parehas ng design pa. parang hndi nmn sya random. sana ginawa n lng individual ung packaging para nmn individually ko syang bubuksan,1,
"so ano na seller? disputed yung request refund return ko? so yabg 3 pcs na sira at isang pa dito na ayaw mag detect ang sin wala na din akong refund? marami pa naman akong binili sa inyo, sinira nyo tiwala ko bibili pa sana ako ng mas marami pa",1,
purple blue ang inorder pero pink blue ang dumating mali mali ang denideliver,1,
"masyadong low quality,,sira pa ung pinadala,ndi gumagana haystttkakabwesit",1,
juskooooo nung isang bwan ko pa to inorder. ngayon lang dumating. palibhasa binayaran ko na thru gcash nung pagka order ko pa lang. omg,1,
sabi ko icancelled na yung item tas dumating sakin wrong item pa karaoke microphone order ko tas dumating sakin 6pcs na correction tape?! kuhang kuha mo gigil kong seller ka.,1,
"napakapanget po ng mga items sa shop na to!! as in, lahat ng inorder ko di tugma. i gave them a chance to settle sana kasi kulang din ng pinadal but no response si seller! nakakainis lang. sa lahat ng shop na inorderan ko, dito ako nadisappoint ng sobra. may",1,
if i were you!! do not buy to this shop. please do double check the reviews. kulang ang items na binili ko dito. the seller is not accommodating very irresponsible.,1,
wrong item ito. tinag nyo lang na xxl pero pang medium ang size. sana maging honest po kayo sa sizes bumase kami sa sizing ninyo na nakalagay sa discription. ano yan leggings? kaya nga jagger eh edi muka ng leggings sa magsusuot. kahit mura sana ayusin ang sizing,1,
mali ung size nung benchbody imbes na 3xl... 2xl lng binigay,1,
kulang ang items na binili ko.kulang ng mousepad at wlang connector ang isang bluetooth mouse.contacted seller but never get back to me.,1,
"8/10 1 beses palang nagagamit ng anak ko sa online class sira na agad, namatay bigla tapos ayaw na magopen at magcharge",1,
"very disappointing, hindi sinunod ni seller ung color na order ko. tsk tsk kahit mura sya but still sana nagsabi man lang before shipping. service is very very poor",1,
hindi ko alam pano kayo irerate dahil hindi kayo matino mag bigay ng mga item niyo pang baby sun glasses inorder ko pero pinadala niyo pang adult,1,
"di sya mganda,mgkaibang kulay inorder ko pero prang same lng,,nkaka disappoint....i will not order again,,sayang pera",1,
kulang naman pinadala nio order ko 3 2lang andto kulang ng isang black,1,
in less than a month nasira na siya. sayang yung pera,1,
mabilis ang delivery pero sira yung naibigay sa akin.. nagrerequest ako ng return/refund puro ichecheck at mag antay lang daw ako ang sinasabe sa akin.. hindi i aasikaso ng seller pagka naideliver wala na sila ata pakialam hanggang ngayon walang nangyare paano ang item na yan sayang pera,1,
tatlo order q yung isa dun ordinary nasira agad,1,
"not recommended, dumating sakin frame sira..nasira lang tuwa ko",1,
"parang binili mo lang din yung mousepad e, potek",1,
order ko black and red dumating all blackpalpak na nman si seller,1,
"hindi nka balot sa bubble wrap, yupi ang box, hindi gumagana ang right side ng isang fan at hina ng hangin, sayang ang pera",1,
mali ang size bwiset . 42 43 order ko . dumating 38-39,1,
"2nd time to order sana kaso 1 item lang this time, then nadeliver is parang used na! and hindi maayos packaging! hayst",1,
tagal dumating mga beh almost one month na halos na una pa dumating sumonod na order ko,1,
"ayaw mag charge!!! maganda naman ung item eh, kaso ayaw mag charge. aanuhin koto? nag send nga ng picture si seller, hindi naman gumagana ung charger. wag kayo bumili dito, marami pang ibang mas ok na item jan.",1,
not long lasting parang tubig lng parang tubig lng parang tubig lng na nilagyan ng kunting bango na nilagyan ng kunting bango...sa bagay mura lng xa...kaya cguro ganun...pero sayang pa din pera kc hindi worth it ung bayad...tubig lng xa at saglit lng ung amoy wala agad sorry seller honest,1,
kulang ang ipinadala. will not order again,1,
incomplete items kulang n remote hindi ni refund mg seller ng shop n to so anyways ok lng pero 0star sana e rate koo if ever .merun,1,
disappointed i order 2l pero 1l lang kulang sa anak ko ang 1l kaya expect ko 2l ganda ng feed back kaya ko sa inu nag order pag sken palpak haist,1,
pale masyado hindi tama yong dumating na order nag request ako ng maroon and yellow green e tapos parehas yellow green lang yong dumating. tsk pangit pa ng kulay kung baga sa tao ang lamya. tsktsk,1,
"d pweding erecommend sa iba,ang liit ng sizes ng shoes i ordered size 40 peru ang liit ng sapatos niyo po,mga sapatos ko size 40 bat d maliit? ang sa inyo ang sikit d talaga kasya sa paa ko. kung may zero star sana nag zero na ako,hindi rin responsive",1,
huhuhuhuhu sayang yung pera ko kasi ayaw niya gumana and ayaw mag respond nung seller and feel ko yung napunta sakin yung return na product...ayaw gumana and iilaw siya pero saglit lang and ayaw niya mag connect and lastly wala siyang manual....one star kasi cute siya,1,
"item is not working. had to wait several days for the replacement. birthday gift sana, sobrang late na. such a hassle",1,
flashlight to garbage bag real quick. earphone dalawang araw lang gumana. mini ringlight di gagana ng di nakacharge. beauty bear/pig portable led mirror fan pocket di gumagana ang led tapos ung fan mas malakas pa ihip ko kaysa sa hangin ng fan. this shop was not recommended.,1,
"local po ito, dinikit lang yung samsung natanggal din agad pagdiin ko ilang beses nako nagkaron ng samsung na keypad same model pero hindi ganito and interface this is not legit!!!!",1,
wrong color received. hassle na maxado ibalik pa. do not order from this seller. they will just send you whatever is available without even informing you that the order is not on stock anymore.,1,
di nag spray disappointed buyer here. may parts n di kasama sa pinadala nyo. sana double check naman and be responsible enough as a seller. paano p po ito magamit ?,1,
sa umpisa lang nag reresponce seller .purkit bayad na ung item walang pakialam na ung seller ..sira ung deniliver sakin nag memessage ako kahapon pa until now walang responce..sana ma ban tong seller na to nakakahiya sa shoppee ..mga ganitong seller ang nakaka sira sa shoppee .dont order guys please,1,
sorry but this shop is not recommended. sa mga bibili i warn u na wag umorder ng base sa sukat na nailagay nila which is standard daw pero super liit naman pala ng size. unfair ng shopee kasi ireturn ko daw but the sf is my shoulder,1,
wrong item delivered wag na po kayong oorder sa shop na to..kaya pala mabilis lang madeliver kasi maling item ang ipapadala sa inyo..sayang sa oras..,1,
sabi sa tiktok mabango raw. sinungaling ang mga reviews. hayst. nanghinayang tuloy ako,1,
sobrang liit ng sizes parang pambata. di rin namin masuot super disappointed talaga.,1,
"dalawang beses ko finullcharge pero di ko pa ginamit kahit minsan, nalolowbat mag isa. sabi ng seller bilhan ko dw battery, edi doble gastos pa ako. akala ko papalitan ng iba, bebentahan pala ako ulit ng another item",1,
"fast delivery ,pero not satisfied nttanggal po kc yun handle.",1,
not good may sira yung item tas ayaw pa mg reply ng seller sakn!,1,
na deliver naman agad yung order. kylangan plus one ang size kasi maliit. na disappoint lang ako sa isa may parang sira sa edge.,1,
"manipis mali po ang print ng isa nakalagay sa likod yung isa tama hmmmp nakakatamad na mag return next time po paki check ang product bago ibalot to make sure na tama kaya nga nag order online para hindi na ma huslle eh,",1,
defective yata napabigay sakin ipapalit ko sana kaya lang waste of time lang ang ingay nya kailangan pa pukpukin para mawala ung ingay minsan naman nawawala hangin sa kabila pukpukin ulit para magkaron uli ng hangin .tsaka mabilis malowbat. akala ko 14-16hrs parang wala pa 1hr lowbat na.,1,
sira yung product kaloka tsk. sira yung product kaloka tsk. sira yung product kaloka tsk. sira yung product kaloka tsk. sira yung product kaloka tsk. scammer sayo na yang 300+ ko,1,
ndi sulit yun nkuha ko.. 99pesos at 20pcs anq order ko peo pare pareho ..naq kroon p nq calculator n 20pesos lnq dinalawa pa at qaminq pad n hlqanq 20 wla manlanq nkuha n lumaqpas sa 100+ sa hlqanq 99pesos at 20pcs sna kht isa naqkaroon manlanq nq isanq item,1,
ndi maganda sira pa ang mouse nkaka disappoint,1,
madaling ma lowbat and hindi naririning boses nang caller. will not order again.,1,
wag kayo bibili dito. sinasadya nila magpadala ng sirang item tapos ipapareturn sayo para palitan daw nila. sobrang laki abala. very rude din ung seller.,1,
"sad to say, pero kailangan ko mag rate, 4 items inorder ko isa lang dumating, baket naman po ganun, nag bayad naman po ako ng tama, kung ako naka receive ng items diko siya tatanggapin kaso nasa work ako that time kaya di din alam ng nag receive sa bahay",1,
wasting money nakakagigil kau..it not s legit seller it's fake my god.,1,
wag mag base sa sold at good ratings...item is damaged.waisting of money.item is deffective not working.this seller is not responsible.before u ship your item u must check idiot,1,
4 akala ko ba 10meters long eh 6 lang naman to. tapos d pa nka sealed tape lg dami ko pa sana orderin ulit kaso nakaka disappointed,1,
"d kopa alam sira na yong isa sa likod! very poor packaging.. sana lagyan man lng karton yong gilid kahit mag kabilaan lng... e babalik ko sana tong items kng d ko lng truepa si delivery raider, naawa na ako kay raider na ulan pa ng malakas kaya kinuha ko",1,
terrible so disappointing.i charged almost half the day tapos wala pang 5 mins nag stop na hindi na gumana ulit. ang isang unit hindi talaga nag on after hours of charging. sayang lang ang pera ang mahal pa naman niya. tsk tsk tsk,1,
manipis masyado.. grabe kya pala mura.. may pa excellent quality pang nalalaman. wala naman.,1,
ang panget sobra....yong item lokot lokot ang layo ng nasa picture sa picture is malaki at parang square sa akin ang ediniliver ay pahaba tas maliit hating pinili q is 70cmx30cm,1,
very disappointed sa shop na to wag kayo bili dto.ayaw nila palitan ang d gumagana na inorder ko.may defect yung item n binigay hindi gumagana,1,
"panget ng ilaw pumutok yung isang ilaw! hwag kayo oordee.dito ampanget , di worth it sa price. delikado kung ayaw niyo masunugan wag kayo oorder dito.!",1,
watery na alcohol any way fav q pabango c meow tlaga may original aq pero dahil ang mahal ndi q xa maxado ginagamit kaya nag try aq bumili sa shop nato kaso ayun kaya mura kc bapaka layo ng amoy nia as in wala man lang sa katiting na amoy,1,
hindi man langnaka bubble wrap..pag dating d2 damage na may umaalog sa loob..amoy wire kapag ginagamit.maingay din sya,1,
white ang order ko hindi black bakit black yung dumating d ba kayo marunong mag basa ng disription ....sa susunod sana eh double check muna ninyong mabuti kung anong color ng item... bago ninyo ipadala...,1,
plastic sabi ko seller black tignan mo pinadala mo light blue black ba yan.. nxt time magremind kau kung wala available sa mga order namin mga buyer. kakadissapoint kau.. nakakawalang gana mag order.. go lang ng go makabenta lang naku wag ganon.,1,
not happy and not satisfied with the product. not worth the price. full charge naman pero sobrang hina ng hangin. nasa pinaka malakas na sya pero mahina pa din. ang mahal pa naman. sayang lang pera.,1,
very low and not sealed pa disappointed sa product. we receive old stocks at naninilaw na yung iba plus the wallpaper is no longer sealed. the end is sealed by scotch tape na lumang luma and very sticky na kapag tinanggal and prang kulang na yung length ng wallpaper.,1,
nakakalongkot..kasi iba ang pinadala ky seller sa akin na tumbler..2l pa naman enorder kokaso pgdating 1100ml lang..bat ganon ka seller..sana nga totoo ka sa ibang tao..,1,
hndi responsive si seller nakakainis kita sa pic na ang liit ng isa pero same size pinagloloko nyo ata kami eh sayang pera budol ung magandang review dito...wwg ng mag attemp umorder pagsisisihan nyo....,1,
low quality saying pera nyo dito mali item ibibigay sa inyo,1,
"baliko ung glass nya natatanggal pa tapos di nman nagiiba kulay pag tinapat sa araw, so dissappointed",1,
iba naman klase ng wipes to. apat pa naman binili ko akala ko kagaya talaga sa picture.!!!!,1,
"1 star lang kuno sabi ni mama, ang liit daw kase nung shoes sakanya kahit sakto lang yung piniling size tsaka hindi rin sya nakabox.",1,
hindi natatouch ung screen nya ts basag basag so disappointed,1,
not working yung naorder ko po. sira yung pinaka tip nung item.,1,
"missing item,70 pesos din to",1,
not good worng color nag review ako sa mga nag order maganda nm. mag feedback nila. pero bakit pag dting sa order mo palpak??? mali ang kulay at sira ang isa nag chat ako sa seller sabi ko pink at blue kc babae lalaki ank ko pero ang dumating green,1,
disappointed ako. kahit sa tela ang pangit... free size pero ang liit parang pang bata...,1,
"wag kayo mag sayang ng pera dito. di nyo pinupulot pera nyo. para sayo, i've waited for a week para i rate ka kasi baka mag response ka dahil lahat ng binili ko mali! i've talked to you and give u a calm attitude kasi baka maibalik ko pa. ",1,
"ang tagal ng shipping then pag dating sayo sira sira at ang dumi ng dadating grabe i'm so disappointed don't buy here na, not kidding sasakit lng ulo mo grabe.",1,
hanggang ngayon di parin nag rerefund dun sa kulang na square pants. ipapabalik pa sakin yung items wala o kulang nga yung pinadala.,1,
sira ung right earbuds.nakakadismaya mura nga.mapapamura ka talaga!****** ***,1,
wala ka wenta wenta ung item?!!! pwede xa kung ang laptop mo maliit pero pag malaki nalundo xa.. parang anytime soon babagsak ung laptop?!! pero nagana ung fan nya... and nkapa tagal dumating,1,
kulang ang items na pinadala kala ko okay ang seller na to pero kulang ung 6pcs na order ko tatlo lang pinadala..nag bayad naman ako nag ayos tapos ang deliver kulang ng tatlo nakaka disappointed naman ang seller na to at store na to..,1,
not the same ng nasa picture and i ordered 2l 850ml ang pinadala. very disappointed,1,
"nagbayad ka in full pero andami plang kulang sa mga items na inorder mo. what an irresponsible seller, unresponsive pa",1,
subrang bilis magdrain nga battery. i requested first return/refund peru si seller una gusto 200 compensate next 300 next 500 offer peru gusto nya cancel ko yung request first at magbigay ng 5 stars diba? kaya siguro mataas rate nila kasi ganun ginagawa nila. sad kasi reseller sana ako.,1,
"150 i would not recommend this product if you are looking for a long lasting things for everyday use. the quality, as expected for its price. not really that kind of quality i was looking for. kahit man lang maayus pagkalagay ng charger pod. i suggest do not buy this",1,
mali yung dineliver 2l order ko naging 1l bulok!,1,
cheap wrong size! wrong design! sayang pera ko..how could you send me a wrong item?,1,
"di mukhang bago yung ring light, may scratches at may slight crack sa side. pati yung box ng ring light mismo mukhang luma na. yung wire din ng ring light di naka attach mabuti. di na kasya sa upload ko kaya di ko malagay. tapos super luwag nung sa tripod",1,
very very poor informed seller that i requested for a refund but seller was unresponsive. he responded after 3 days only with a sad emoji. no explanation whatsoever. sayang lang pera nyo pag bumili kayo dito. hindi gumagana ang items! 2 pcs pa nman binili ko.. super sayang. wlang nagawa,1,
zero rating nakakainis. sayang lang pera ko dito sa item na to. full charge na pero wala pang 30 mins lobat na. waste of money. hindi talaga napakinabangan...,1,
"different from what displayed sobrang nakakadissapoint kase iba yung dumating sobrang layo kaysa sa photo nakalagay,tatlo pa naman yung inorder ko. walang problema naman yung delivery kasi wala damage yung product. seller was not responsible kasi hindi manlang siya nag respond sa concern ko about sa product. ",1,
"hndi man tumatagal yung init nya, but it's ok kc p1 ko lang nman syang nabili... excited pa nman akong gamitin sya tpos yung payong nman parang mababali yung mga tadyang,,, ang ninipis,. minsanang gamitan lang yata,,, kakadismaya",1,
next time seller kng wala ang items na order saiyo mag sabi ka tulad nitong pinadala mo mali ang tagal mopa mag ship tas wrong item lang pala padala mo imbes matuwa anak ko hindi umayos ka magtinda para wala kang makaaway sakin ok lang ang item kaso pang bata,1,
ano bayan 2weeks kung hinintay wala din palang dadating na item tapos nag notify na din na narecieve ko na daw ano ba yun . 1piso lang bili ko sana dahil sa new user ako piro paasa lang pala ganun? hahah grabii ka badtrip hhintayin mo ng matagal tapos joke,1,
manipis mali lng caption niyo para makabenta. nakalagay 10 meters pero walang 10 meters isang roll. di rin sia gnun kalapad tulad ng ibang wall paper.,1,
"the item was shipped late. i thought it will arrive after two to three days, but i was wrong. also, grrr, yung square pants chuchu bells, may sulat na numbers and was written using a permanent marker. like hello? matatanggal pa ba yun ihh permanent marker yung ginamit panulat. jusko.",1,
incomplete order tapos nabuksan pa yung sinend na patch. tinatry ko makakuha ng refund pero ayaw aminin na may pagkakamali sila. and di nila sinabi bago mag deliver na may mga missing item pa. hayst nakaka disappoint. 2 stars nalang kasi nakuha ko naman yung iba item.,1,
not satisfied because walang lagayan yung gel pen,1,
baligtad po yung lens bakit nman ganun di man lang check ng quality control yung isang parte sa salamin baligtad pagkakalagay hinde halata pero pag titingnan ng maigi baligtad paan yung isang mata ko useless lang talaga yung pag bili ko,1,
not good 10 m inorder ko dumating sakin 5m lng umay naman tapos yung remot 24keys lng,1,
pag may 0 na star i will probably choose kasi wala kwenta kausap ang seller huwag kayo mag order dito,1,
failed one day use for 1hour pa...then wala na hindi na cxa gumana...sawi..,1,
well packaged! maganda sana kaso pagka bukas po ang baho kasi basa pala sya tapos may yellow stain na rin yong higaan at yong mosquito net is may itim2 na gilid,1,
no effect at all (dissapointed) super dissapointed sa amoy vanilla lace should smell sweet pero may halong alcohol ata ung perfume ganun din sa ariana grande na cloud very dissapointed,1,
kulang nman kayo mg deliver kaya minsan mas gusto q yung cod eh. kc pg na payment na wala na kaung pakealam kung tama or kulang yung pinadedeliver nyong item mas ok tlga pg cod nlng....ngbayad ka ng tama tapos idedeliver sayo kulang,1,
sorry to say na bkit po kau nagbbinta ng phone na ngamit na,1,
wrong color . i ordered light grey . pero dark pinadala nakaka disappoint,1,
ok ok naman ang power kaso lang lumolubog siya then yong fan umiingay pag ayosin yong para di na ayos na pag close pag ayusin naman nag iingay ang fan...not satisfying product...na disappoint talaga ako,1,
poor defect. di gumagana sayang pera,1,
k sobrang nipis at sobrang fragile. mdaling mapunit. hndi worth sa price. tinahi q pa ung napunit. hindi p maaus pgkakatahi. so poor.,1,
not good not good nasusunog pag china charge,1,
"sayang pera, not even working!",1,
product description is misleading..di po ito micro usb type.kelangan ng 2 aaa battery.bumili pa ako.,1,
kaka recieve ko lang ng item ngayon pagbukas ko mali ung isang kulay bakit naging green ung pink? hayyy sana po icheck muna ng maigi bago i-ship ung item. pano masatisfied customer nyan kung ganyan? tapos kapag mababa rating mag memessage ang seller hayyy nako,1,
"seller unresponsive, walang mouse na nadeliver sa mouse and mousepad bundle, chaka may depekto ang keyboard. pls reply seller sayang din yung 500 na gastos ko.",1,
medyo malabo sorry seller but na disappoint ako sa product nyo isa lang nag connect nag failed yung isa,1,
wag kayong oorder dto kng ayaw nyong ma stress.. walang paki seller nito makabenta maka kubra lng tlga sila. ika unlad sana ng buhay nyo pang iscam sa tao,1,
not worth it disappointed!!!! hindi kumpleto pinadala niyo!!!! kulang ng leeg nung phone holder yun pa naman ang need ko!!! ilang araw/linggo ako nag follow up puro please wait wala namang nangyari!!!ang hina pa nung ilaw niyo not worth it yung product parang pinabayaan ng seller yung mga problemang ganto,1,
scam po mali po yung binigay saken hindi po yung led light ano yan ayusin ninyo naman ano gagawin ko sa massage,1,
"wala daw defect yung item bago shinip, wala kamong check na nangyare, sino ba naman t*ngang customer ang magsasayng ng panahong mag reach out sa seller kung wala naman talagang sira yung product nya. napaka inconsiderate ng seller na to. will never order again.",1,
"manipis at mabilis mapunit mabilis mapunit dahil manipis. nka scotch tape para ma i-roll. pagtinangal ang tape, punit! mahirap ilapat sa wall.",1,
wag kayong bumili neto kase wala pang 1w hndi na gumagana yung fan at umiinit amoy sunog tapos tinry kong kontakin si seller hndi naman nag rerespond.,1,
im so disappointed ibang kulay sa inorder ko sa narecieved ko. tskkk! im so disappointed ibang kulay sa inorder ko sa narecieved ko.,1,
damaged po ang item. tanggal yung isang fan. sira na. wala pong bubble wrap. very disappointing.,1,
"wag kayo mag order nito,sayang lang pera nyo,mahina na madali pa malowbat, at higit sa lahat ang singaw ng hangin nya mainit ang buga,sobrang bilis malowbat wala pa 5mins lowbat na",1,
seller paki ayos naman ng pagpapadala!! binabayaran naman to di ko hinihingi!di mo man lang nilagyan ng box..ayan pipe at basa na tpos ang dumi pa.,1,
"not worth it. ang hirap pa buksan sobrang tigas not worth the price. parang hindi naman uv. yung color black sa likod, kulay lang ng mismong payong hindi another layer of cloth kaya pag maaraw tagos parin ang init. tagal mag ship ng seller.",1,
sayang pera nd nkakashave,1,
ang pangiiiiiitttttttttttttttttttt. one day ko pa lang nagamit nasira agaaaaaaaaaaaaaad,1,
"bad 1st order namin dito, wag na kayo mag order dito scam yung item nila, tama ang bayad pero ang product hnde tama",1,
what the heck bakit ganto ang liit so disappointed for this store,1,
"remote is not functioning well. sinabi ko kay seller, sabi niya order daw ako ng facemask at bigyan niya ako ng replacement remote, so nag order ako at binigay ko order id no ng facemask. pagkatanggap ko ng facemask, walang kasamang remote. tsk!!!! super boooooo!!! scam!",1,
madaya hindi legit ung sinasabi na 10 pcs at 5 pcs tskk unsatisfied,1,
"wrong color!! i ordered dark blue/light blue tas binigay saken navy blue/maroon???kapag naman wala kayo nung color na gusto nung customer, magreply naman kayo sa chat. disappointing seller , not recommendable.",1,
wrong size and i think sinasadya ni seller na magbigay ng wrong size kasi binura nya yung size sa sandals though kita pa rin naman then yung plastic nilagyan lang ng size base sa order ng customer,1,
sobrang panget nung item nakakainis gamitin. may nabilan ako dati same price pero super goods quality kaso di ko ma makita yung shop kaya nag try ako sa iba super nakaka dismaya sayang pera may damage pa bukod sa oanget quality may damage pa,1,
"not working when i read the comments na encourage akong umorder kc puro good nman, but um so disappointed nung dumating sakin, 2 pa man din inorder ko, both not working, haisst i dnt want to go to the ofis para lng papalitan its s waste of time, super busy,",1,
not good hindi maganda tong diliver sakin sobrang nipis nanga kulang pa 48 pcs lang to,1,
kahit sira isinend nyo pa rin dapat wala kayong star hassle kc pag ireturn,1,
1 star kol lang par bagal dumating anong petsa na isang buwan sabe ko cancel na to diba wag kayo bumili dito scammer to,1,
okay lang yung quality niya. pero dapat po binalot ng mabuti ng seller. pagbukas ko kasi ng black ng plastic boom yun! panty na. hindi man lang nilagay ng plastic. the fact na undies siya. hay nako! hindi naman kayo siguro lugi sa paglagay sa plastic nu? mahirap ba yon?,1,
bra foams ay tiklop na kaya pangit tingnan kapag sinuot. i wish the seller is more careful w the packaging.hindi maayos yung pagka-package kaya siguro tupi na. might also be the carelessness of the courier but the fact that the items were just stashed to the j&t bag bothered me.,1,
"not worth it parang gamit na yung pinadala jusko wala manlang quality check before i ship ang dumi pa at puro gasgas buti nalang gumagana pero feeling ko hindi mag tatagal to, naka angat agad yung sa may charging port",1,
"narecieved ko na yung order ko and disappointed ako. plain black yung order pero white yung dumating. tho tama naman yung size. yung quality, understandable since naaayon lang din sa presyo. sana lang next time magmessage muna yung seller ng pic ng order para sa confirmation ng customer kung tama",1,
bad order ko black bt ganto pinadala nyoooo!!!!!,1,
so very disappointed! excited pa naman ako tas mali ung dumating. nakakalungkot lang. 2 liter inorder ko. tas 1 liter lang tong tumbler. sana kung ndi available. nagsabe kayo! gagamitin ko to sa anak ko paglagyan ng tubig nya para ndi ako panay kuha sa wilkins tapos ganito? hayst!!!!,1,
the product came damaged. i requested for refund and they were asking for a video then i asked them if san isesend since i cant send it sa chat box but no one answered til maexpire yung request for refund. what a waste.,1,
yung isa hindi nag chacharge wag kyo oorder dto bibigyan kyo ng sira ..,1,
walang signal ung phone nyo laging naka no service ung sim kahit may signal namn sa lugar namin tss.,1,
i felt a bit disappointed kasi hindi ganun kalakas suction nya. ilan balik bago makuha hair strands.,1,
reject po sira ayaw manlang sumindi,1,
"nag bigay po ako ng d magandang ratting kase ang inorder ko po ay size 34 ang pinadala size 36 size 34 ay malaki na saakin ano p kaya kung size 36 diba,, pero ok lng pang bahay lng nmn,,, pero na disappointed ako,,,",1,
pangit... mabilisa low bat. mahina ang volume etc..,1,
"walang dumating dyosko sa tinagal tagal ko na sa shopee nag oorder dito lang talga ako na dismaya ng grabi, nag order ako ng 6pcs na brief tapuz 6 pcs na boxer ang dumating 6 pcs na brief lang. wort of 404 imbis na maka tipid ako",1,
wrong item po tapos di man nalng magreply si seller ng sinabi kong mali. nagababayad ng tama pero mali binigay di man lang nag inform!! hays!!!,1,
hindi gumagana yung remote!!! ok na sana kasi di gumagana yung remoteeee!!! seller baka naman pwedeng ipalit tooo....well sainyo naman ang prob baka pwede nyong palitan ok naman sana kaso pano ko to papaganahin ng walang remote?? basta jusko nasa vid lahat nandun lahat watch nyo na lang!!!!,1,
"basag yung ringlight, deformed din yung stand.. pasensya lang natanggap ko sa seller,hnd pa responsive,tadtad na ng chat, hindi pa nagrereply kahit online naman.. kung hnd ko lang talaga kailangan,hnd ko 'to pagtyatyagaan..seller din ako alam ko ang good item sa hndi so please be responsible, tnx",1,
hindi maingat ung seller at delivery yupi ang carton ewan ko lng ung item sana wlang problema,1,
ordered 07/07 with expected delivery date of 07/14 but i received it 07/27. two weeks late! mas mabilis pa nareceive mga orders galing china. it came so late that i was no longer interested and excited to open it when i received it.,1,
"bat ganito kulay ,yellow order ko subra nman light 2 ,ayusin nyu nman",1,
7/10 2 order ko parehong di nagana mic amf,1,
mali ang size na pinadala. order ko dalawang xxl. ang pinadala isang xxl at isang xl. at hindi sumagot ng maayos si seller sa reklamo ko.,1,
hello! i ordered this 2days ago and dumating sya ngayon lng iba yung amoy nya sobrang baho anlayo sa totoong ariana grande cloud and nag leak sya ng malala so i rate this 1.,1,
maganda sana ang tunog. what will i do with this earphones? hindi pa nag 2weeks sira agad ung isa. ayaw nang gumana. nag order pa naman ako ulit ng isa. sayang lang. ganda pa naman sana...,1,
kadiri jusko sana sinabi nyu na ung tela at tahi ay napaka pangit. jusko mahhiya ang pagbibigyan nyu neto. mpapamura ka tlga eh. appearance=0 pag arrive at bnuksan ko ano to basahan? yung tahi kadiri pang basahan na tahi! ung pang lalake na brief okay naman sobrang nkaka frustrate lang,1,
"dear seller pakiusap lang ha, kung ano ung nasa description un dapat ipadala nyu wag nyu kmi pinagluluko malinaw naka lagay jan cotton ang tela, cotton ba yan? out of 3 orders ko 2 lang ung cotton? wag nyu po kami sinasamantala. nakka disappoint kau",1,
sa sobrang galing ng nag wrapped nasa labas na ung cp any silbi ng wrapper..napakakapal ng ng bubble wrap peo hnd safe ung cp dahil nawrap lang ng tamad ... dko na naisuli kasi napaka busy ko .nakakairita lang talaga .sa delivery naman satisfied at hnd naman sila ang may,1,
not good seller. hindi maganda pagka package nagka yupi yupi ang iten. nakaka disappoint,1,
di tama yong binigay mukhang mga retaso walang kwentang seller scammer,1,
not packed well. bukas na yung box,1,
"hindi ok 2times ko palang ginagamit , pero parang matatanggal na un nasa upper side..tas may hiwa pa..hindi na ako oorder ulet. nakakadisappoint sayang pera ko.",1,
"paano po ito gagamitin e walang switch , walang lalagyan ng battery i am so disappointed! hindi na talaga ako bibili sa shop na ito.",1,
"sira at luma yung battery na nakakabit sira yung isang pinadala. sira din ung battery n nakakabit, at may putol n wire.. inayos lng ng asawa ko. tagal pa reply ng seller para s refund.",1,
disappointed! madumi! kahit e brush mo ayaw matanggal dumi nya!! parang gamit na !!!,1,
"pangit, nag le leak hindi nag a absorb ang pangit!!!! sobrang nipis literal!! parang wala manlang laman sa sobrang kanipisan, at syempre mag le leak tlga sya ano pa ba ine expect e halos walang laman kaya walang mag aabsorb ng wiwi ni baby, sayang pera kakainis ka seller.. ",1,
wag wag na wag na kayong bibili dito madami pang ibang shop dyan hindi pa nag rereply wag kayong umorder dito kung ayaw nyo masira yung araw nyo walang pang refund daming hassle nagbayad naman ng walang ka hassle 'hassle !!!,1,
ang pangit nang amoy. swear. okay naman yung slipper. yung ang amoy ang sakit sa ulo at ilong. paano bato mawawala kahit ibabad sa detergent powder. ayaw.,1,
not good no good kulang ung item na pinadala saken.,1,
bilis naman sana ng delivery..kaya lng sobrang nakakalungkot kasi nakikita naman na may load naactivate na yung sim pero walang internet kahit connected naman..till now tlgang wala..anong klase ba naman simcard to..sa tagal ko ng lagi nag oorder ng gomo sim ngayon lng nagka ganito..,1,
di naman effective natanggalan lang ako ng eye lashes sayang pera,1,
anlayo sa picture bogus,1,
"local mas gusto ko pa bumili ng cologne mas mabango pa ang mga baby cologne, itoh parang tubig lang hindi ako satisfy",1,
unsatisfied you have to shake it for the glitter to spread kasi baba ba yung glitters pag di mo ginalaw or shini shake. parang tubig lang na nilagyan ng glitters,1,
hindi dumating order ko! nag bayad na ako thru gcash pero hindi dumating,1,
not working ano gagawin ko dito laspag na gamit na pinadala nyo saken cable lang npakinabangan,1,
low quality hindi naman photochromic yung eye glass . sobrang low quality ... di na ako uulit sa store na ito ... plastic lang ata yung glass ...baliktad pa pagka install ... not again ...,1,
ok i am so disappointed. wrong color na nga yung binigsy may pa freebie pero parang ilang taon tinago sa baol. napaka dumi ng shoes. ibanh color pa. sana nag update yung seller na walang available yung color na gusto ng customer hindi yung nagdisisyon lang,1,
i dont recommend this di sya pangmatagalan bilis magcharge mabilid malowbat or na chempo siguro sakin nabigay!,1,
"hindi amoy cloud katulad last time lol. hindi rin siya oil based, and hindi naglalast.",1,
"3/10 tamagal na nga dumating, mabilis pa masira. i'm really disappointed.",1,
ang tagal dumating cacancel kuna sana nag arrive sa hub tapo ang tagal nang move ment lagpas isang buwan kong inantay,1,
violet yung inorder ko plum. tas ibang kulay ang nasa loob ng violet? instead of medyo red/dark red is color pink yung nasa loob? unlike ng nakita ko sa posted pics and review photos dito! nakaka disappoint,1,
ang layo sa variation ng order ko 2l ang order ko 1l lang pinadala hindi sumusunod sa variation memah padala lang ano!!??? mali mali pa hayst!!! hassle mag balik noh!!!! dapat sa ssunod sumunod kayo sa order ng customer. kapag wala magsabi kayo!!!!!! pala desisyon naman kayo.,1,
maingay po ang item hindi po namin magamit. sayang naman po ang inorder ko. sana magreply po si seller don sa sinend ko na video. thank you,1,
pare-parehas ang amoy nasayang ang 800! lahat hindi kaamoy! do not buy ! i know thatt his is just a replication pero ang baho talaga!,1,
there are items that was not included and the seller wont even reply to my messages. sa sobrang mura ng product mapapamura ka na rin sa behavior ng seller. dont trust this seller. read the reviews.,1,
"so disappointed 2l ang in-order a bakit 1l lang dumating tapus iba sia sa picture?haist bibili panaman sana aq ng madami ng try lang aq ng isa kaso ito binigay sakin,nakaka dismaya naman.",1,
3/10 ok sana kaso napaka dali masira napaka dali nya mdamage hindi matibay sayang. better think twice if gagamitin nyo ito.,1,
"seller not recommended. wala man lang bubble wrap yung mismong box to protect the item, buti nlng gumana yung product. ipangreregalo sana kaso sira sira yung box. seller should be responsible sa maayos na pag wrap ng item. may basag din sa bandang taas ng item. will never buy again",1,
very pangit maganda ang packaging. kaso ang pangit nang item guyss. sana naamn ayusin niyo kasi pinaghihirapan ang perang binabayad sa inyo. makonsensya naman kayo. to tell the truth po . sira yung item niyo. at i'm very disappointed. ang tagal ko nang nag oorder sa shoppee pero now lang,1,
what you see is what you get very disappointed lang kasi parehas kaliwa yung pinadala sa akin.next time b4 ipapadala yung inorder ng mga customers nyo eh double check nyo naman sayang lang pera eh di rin magagamit kasi puro kaliwa ung pinadala,1,
wag n po kayo. mag order dito .nag order ko ako cellphone stand 5 psc kasi order saakin yun ng bayer's ko.pero 4 lpsc lng dumating,1,
order at your own risk sobrang clear,1,
pangit not recomended promise haha bumili nlng kayo nung iba wag na to,1,
"pangit at manipis ang tela di ko type kung pwede ko nga lngbibalik sa seller ibabalik ko, disappointed",1,
subra nipis ang linaw nman ng order ko large size.. pero pinadala nyo xl sinu mag susuot nito sana kung ndi avail ung size nag message man lang kau nakakainit ng ulo.. first tym ku mag rate ng ganito,1,
ang tagal na shippet out siguro dahil dalawamg piraso lang order ko pangit yung tela ng isa ang nipis at yung isa meduim nakalagay pero small sya bitin d gaya ng order ko dati na meduim sakto tlga sya pangit ang binigay nila ngayon salamat,1,
nakakadisappoint. anlalaki masyado. halos pang grade school na. hindi pangbaby. nakakainis. sana iniindicate ng maayos kung sa anong edad kasya. hindi naman pangbaby 'to e.,1,
i was disappointed w/ my 2nd order dinami kopa naman tsaka order ko light pink ! hindi tuloy pantay ung wall paper ng kwarto ko! i would never order here again!,1,
shiiiit..its not the correct size u send to me...gardemet...pra mk sale lang kyo???..ayusin nyo service nyo...,1,
walanq kwenta kunq pwde lanq 0 ibiqay kumita lanq khit makapanloko nq tao binili to pra mqmit nq anak ko tpos sura ipaddala nyo.kumikita ka sa praan na mali sna mkonsensta ka.nqsayanq nq pera sa store mo !!,1,
nakainis hindi akin umiilaw exited pa nman ako neto at di iilaw sayang lang pera ko i chech nyo nmn bago i ship at nanginginit ang electric fan na maliit at di siya gumana,1,
so where's the belt ? belt not included at the parcel pero binayaran ko so disappointed,1,
bulok dalawang item order ko tapos isa lang dumating!!! binayaran ko ng buo tangina nyo !!!,1,
scam scam! mali nmn pinadala ni seller!di mn lang ng inform bgo iship out bsta k lng pinadalhan kung anong gusto nila ipadala.paladesisyon yan! gamitin pa nmn nmin sa photoshoot ng gender reveal kya puti order ko tpos pinadala pink! kamote ka seller eh boy pa nmn baby namin. minadali,1,
silicon yung sa mid part pero nakakabadtrip yung hangin hina boss mas malakas yung tunog,1,
not good mali ang kulay maliit lng ang pagkatubigan order ko 2l pero 1l lng ang idinating skin,1,
"di naman po sya nag sa charge ,di po magagamit pag brown out",1,
madaling masira di nakaka ano ng eyelashes. waste of money lng,1,
2 liter order ko pero iba pinadala nyo napaka hussle pa namn mag return and refund... hindi nyo chinecheck bago nyo ipa ship nagmessage ako sa seller pero wala responce,1,
"may eyeliner akong order pero, nung dumating walang kasamang eyeliner. very poor customer service din. hindi sumasagot seller. will not order again",1,
ang layo ng items picture sa mismong product!! yes. goods na din dahil mura but still nanloloko pa din kayo ng tao and hnd yon tinotolorate,1,
poor (false advertisement not recommended 6 meters lang) inang yan 10 meters daw sinukat ko kasi duda ako 6 meters lang. di pa responsive ang seller wag kayo bumili dito. sinungaling sayang pera nyo hanap kayoniba.,1,
incomplete product!! tapos iniignore ka lang ng seller!!,1,
haysss kainis 2l yung inorder ko ang dumating ang liit tsk. ang tagal na nga dumating tas ganito pa. not recommended...,1,
totally useless... basag na..mahina pah..kaya pala mura,1,
"bumili ako ng tatlong mouse, lahat tumagal lang ng one week hindi na agad ganon napipindot yung left click. then yung keyboard dalawa binili ko. yung isa biak nung dumating saken then yung performance ay napaka poor. di sya pang gaming, siguro pang office pwede pa. not recommended this",1,
order ko camel khaki hindi black !! medyo disappointed . hindi naman black ang order ko e . pero black ang dumating . kung wala na yung color magmessage. para di naman nakakadisappoint . sana magtagal to . yun lang,1,
green ang order ko black ang dumating pero green ang box.disappointed. first time may nagkamaling order sakin from shopee.,1,
ang layo sa amoy ng cloud as in ang layo.. wala manlang resemblance. ang sakit pa sa ulo ng amoy. i mean in-spray ko sya and amoy sweet sya tapos iniintay ko na mag build up yung prang coconut vanilla butter na amoy nya pero waley.,1,
"dalawa lang naibang kulay tapos sobrang tagal sa warehouse. took 14 days bago ma deliver! grabe yung jnt, dapat palitan na sila, ibalik yung ninjavan",1,
"pangit, mag ipon kayo para worth it yung mabili niyo na version, sira agad tsaka mahina hangin. price for its quality talaga.",1,
"hello seller,. sana bago niyo ipadala chinecheck niyo muna ang item para di nman po sayang perang ipinambibili namin sa product. kayo na po humusga sa product na ipinadala niyo sakin. excited pa naman anak ko sa pagdating nito..kinulit ko pa kayo sa chat..haysst..",1,
no good dumating ng sira. dami pang process sa refund.,1,
im dissapointed. maganda naman sana yung quality pero bakit may gasgas yung sakin? merong line sa glasses nya at yung handler hindi pantay.. seller beke nemen po.,1,
not good panget dumating saken .. 12pcs walang tape yung kabila .. nadayang lang tapos iba madumi pa. .. panget ..di na ko oorder dito.. sayang lang. .. di ko napicture itinapon ko na kase agad sa sobrang asar ko sa diaper na pinadala nyo .dapt check nyo din items,1,
sira na agad ung item after 3x ng pag gamit?nakaka dissapoint naman.pano to ma rerefund or replace?,1,
basag yung isang item. yung isa naman may dent. im so disappointed!,1,
very poor .akala ko pouch pero hindi ..fake yan .wag kayo oorder dito ..halagang 99 sticker lng binigay .grabe,1,
panget ng mga product dto. mali mali binibigay!! nakakadisappoint!! sa iba naalng kayo bumili kesa magsayang ng pera dito,1,
i ordered a bigger size. yes it’s useable but still it’s the wrong size. sellers should be held accountable for things like this. also the fact that i have to take my time to do this for their incompetence? and i dont care if cheap lang yung items. kasalanan nila,1,
wrong size...tapos mag drop off pa ako sa j and t para ma return..ang mahal ng pamasahe...jusko...binenta ko na lang sa iba para di na ako maabala...,1,
ang panget ng item na ibigay sa akin. sira. sna po qng my sira item ninyo wag na po ninyo ibigay sa costumer ninyo. thank you. god bless,1,
di nakakatuwa. apat na lahat ng mouse pad ko galing sa seller. di man lang ngconsider si seller sa binili kong mouse pad yung laman ng pouch mouse pad din. tapos yung 2 order ko pang mystery bos mouse pad din. tapos 2 designs lang ayun apat lahat.,1,
ang pangit ng cutting may mga butas pa..tapos hingi ako ng refund ako pa mgbabayad ng sf ang mahal kaya ng sf ng lbc dito wlang iba...bakit gnun tayo pa mga buyer yung mahahassle upon returning eh hindi n mn natin ksalanan na damaged yung pinadala!,1,
"hello, rose red yung inorder ko bakit pink pinadala..",1,
my dent at deform at sira ung box kahit nk bubble wrap my mga gasgas din hnd lng kita sa pictures,1,
not satisfied hindi nmn gumagana nag turn on yung lights pero paggagamitin d mn lng mkakuha ng hair tsk,1,
defective ung nabigay sakin kasi d na ooff kht ilang pindot na.tapos amoy sunog pag chinarge.sayang lang kc d nmn magagamit.kkdeliver lng 2 hrs ago.,1,
damaged. it's making a noise pag naka on. hassle pa kung irereturn.,1,
"sorry seller pero poor rate ang mabibigay ko, may defect ang fan na received ko at poor ang packaging.",1,
"ang baho bat ganon kasabwat niyo ba tong mga nagrereview bat ang baho parang alcohol nakakainis parang alcohol ang baho sobra ang sakit sa ulo parang tubig at alcohol ano ba naman to! kasabwat niyoba yang mga nagrereview jusko dapat talaga cancel order ko na to, para kayong nakakaloko!",1,
not beautiful nahihinayang ako sa binili kong item sa shop nyo..yung inorder ko hindi tugma sa item na dumating sa akin grabi. naka disappoint kayo.tapos ang wala pang guide kung paano ayosin ang straw sa thumbler. tapos yung kulay hindi tugma sa inorder ko .hindi ito ang hindi ko ito,1,
"nakakainis mali naman yung binigay nyo, sana kung anu yung order sa inyo bigay nyo ng tama, 2l green purple ang order ko, ang dumating 1l nakakadala kayo nagbabayad naman ng tama",1,
"poor packaging, nagasgas tuloy ung bandang gilid.. next time seller pakiayos naman ang packaging nyo, ang dami ko pa namang binili at umabot ng 1k mahigit pero ung pagkakapackage, masisira pa ung product. definitely will not order again kasi sa packaging..",1,
bench yung inorder ko tapos h&m ang dumating wrong item po wag na lang kayo bumili aasa ka sa wrong product,1,
"very bad okay naman sana kausap yung seller kaso ang unreasonable lang ng ibibigay sayo refund , binili mo almost 300 tapos ibibigay lang sayo 80 mas malaki pa ata shipping fee sa 80 pesos. wag na kayo bumili dito ekis mga badi mababadtrip ka lang. triny ko na din",1,
"panget sira yung dumating sakin at ang ingay pa , madali din masira yung button at tyka hindi udjustuble",1,
items are lacking and i was not refunded kahit na kinontak ko na both seller and and shopee. may status na refunded na pero hindi nag reflect sa aking spaylater,1,
seller bakit same color lahat nakakdismaya .. available pa lahat nilagay ni tapos ang e dinilever mali tsssk,1,
4 na xxl order. deniliver 1pc l 2 xl. hindi lahat kasya kahit pala xxl maliit din. pang mapayat lang kasya. hindi ko na binalik kasi abala. nag message pa ako. na wag na deliver kung di xxl kasi nga matataba kami. wala kasi ako nung deniliver. mali yung mga,1,
"before i finalized my order i asked the seller kung available lahat ng sizes of the shoes then she responded immediately na meron daw. please please... do not trust this seller, she sends me 2 shoes na hindi kapareho nang nasa picture na inorder ko. ang pangit ng mga ipinalit",1,
di maayos yung pagka package nila kaya masisira talaga yung product and wala man lang nakalagay na fragile. sayang lang pera dito. mag invest na lang kayo sa mas okay na ring light.,1,
"tagal dumating ng item and pagdating saken defective sya, na detach yung mismong led strip sa connector, so i have to cut and soldered pa para gumana. i dont know kung sino ang may fault yung courier ba o si seller, maayos naman yung package nung dumating, so baka faulty",1,
would not recommend.. mabango naman sha pero d masyadong naaamoy unless issniff mo talaga sa sprinayan mo.. mura na din sha for this big na bottle kaya 6/10,1,
newborn daming reject... d rin responsive ang seller.... halos wlang magamit..... meron p prang luma...kulot lukot ung iba ung iba wlng tape... ung iba wlng garter . d ko na napicturan ung iba dahil busy ako sa baby ko ....,1,
"sobrang higpit ng pagkaka pack kaya na pipi na ung wipes ending nabasa un perfume bag, san binikod sa bubble wrap na di ksama un wipes. chinat ko si seller regarding this bago ako mag rate kaso walang reply tlaga.",1,
"so far diko nagustuhan daming luma na ipinadala.. yung white dirty white na , kulang kulang pa yung green 20pcs. 8 lang dumating kaya bitin yong door ko di naayos nang mabuti.. yung cutting diko maintindihan.",1,
hindi naman color na dumating ee burgande ang aking order ang dumating orange,1,
"im disappointed because the perfume is not what i have ordered.. i ordered ariana grande cloud perfume oil based tas 51 , pero iba dumating.. oo cloud sya pero 22 at 42 ang number sa ibaba.. iba ang amoy.. nagkamali ang dinikitan nyo ng sticker ng cloud.. i waited for",1,
actually iba ineexpect ko na laman kaso lukot ung box the seller is careless for the item sana d ganito mangyari sa ibang umorder,1,
"sub standard dumating sakin na basag yung case ring light. wala sa loob ng box yung basag na part meaning hindi sa shipping nabasag. pinack nila basag na. sinabe ko agad problem, nag offer sila mag refund via gcash ng 25. until now wala pa din narefund. puro ifollow up",1,
d chineck ng maayos ung item ang daming flaws lalo sa straps d matibay,1,
"wag kayong bibili dito sa shop na to.scammers!!!! sobrang bulok ng tablet na binibenta nila ayaw pa ipareturn di pa mabait ang seller kausap. 2023 na nanloloko pa rin ng tao di na nahiya.waggl kayong bibili kung may rating lang na zero yan bagay sa shop na to, sa tagal",1,
ok baguhin ko rate ko nkadidismya nmn dito sa shop n to tama number ng order ko nka lgay sa itaas !!now ko lng napansin nung my ng palgay sakin n customer !!!ung iba mgkakamukha ng kulay ...dinikit nyo lng ata mga number nto .sayang binayad ko .....,1,
poor poor quality maninipis mga items. mukang madali masira. i also received the items with wrong colors pa. sana nagiinform muna si seller bago ipadala. wala man lang bubble wrap or anything mga items sinalpak lang sa pouch kaya deform lahat. for the sake na makabenta lang. sayang lang pera,1,
brown ang dumating sakin hnd pink..pink lng yung lagayan..,1,
"lcd issue one day palang ginagamit may issue na sa lcd. we would like to request for a replacement unit. thank you. one month later, we still don’t have our replacement unit. we already returned the defective tablet. they are also asking us to change our rating to 5 stars",1,
expectation vs. reality ibalik nyo ung excess pera namin pitong 2liters order ko tapos pitong 1100ml lang??? assorted color order tapos dumating dlwang color lang na iba pa ang design??? ayusin nyo sana ung pagpapack nyo icheck nyo naman po sana bago ipadala. sayang lang pera e.,1,
im not satisfied s dumating n bra s akin nd yon order ko at iba yong kulay,1,
madaling masira ang dami na ng msg ko sa inyo hindi kayu nagrereply kulang ang item na ipinadala ninyo i do not recommend this shop hindi marunong mag reply sa customer nila. ang pangit ng service nyo kulang mga items na pinapadala nyo pag marami ang order!!!!!,1,
not good wala tape paano magagamit matagal na nga ideliver di pa magagamit,1,
"iba ang dumating, taslan yung dumating ,ndi cotton ..nubayan, very disappointed",1,
panget di nagchacharge at di sumisignal,1,
luging-lugi! nag order ako ng dalawang mystery items tas dalawang lumang mouse pad lang laman. wag na kayo rito gahaman,1,
not working hindi nag chacharge!!samantalang chinarge ko na po ng 3 hours di pa rin po gumagana!sa una akala ko charger lng po may problema so nag try akong ng ibang charger tas nag wait ako ng 3 hours ayaw padin gumana.pero nung tinesting ko yung dalawang charger gumagana naman.yung,1,
sobrang tagal bago dumating yung item april pa inorder may 16 na dumating isang buwan din mahigit hindi ko pa sya natry kung water proof nga haissst,1,
punit punit naman di maayos ang pag package tas manipis,1,
5/10 tatlo yung binili since affordable naman gumagana naman sa music pero yung sa mouthpiece hindi! un pa naman sana ang main reason ko why i order this earphones tapos palpak!,1,
nakakadismaya po..ang kabilang headset hindi po gumagana...pwedi ba e return at papapalitan??,1,
waste of money sayang pera wag kayo bumili dito. di ka pa papansinin ng seller pag may issue!!! isang araw lang gumana pagkatapos wala na!!! waste of money never again sa shop na to !!!!,1,
"triny ko hehe, dumidikit sa balat ko yung kulay kahit napunasan kona. uminom ako sa baso dumidikit din. tapos hindi pa long lasting, wala pa yung parang kutsara niya hays, super disappointed. excited pa naman ako kasi maputla ako",1,
"anu na ho balita reply naman dyanuso mag reply may kamay nman po kau cguro hindi ko po pinulot ung pera,thanks po",1,
"ang order ko black na f94 angnnilagy ng seller white, and d nag inforn sa akin.",1,
0/10 panget ang sounds and wala mic pg may kausap dika naririnig.,1,
nag leak ung perfume .. sana binalot ng ayos tsk tsk,1,
"bat naka ""order received"" na e wala pa sakin yung order ko?",1,
wala yung usb .. wala din bubble wrap.. yupi ang kahon. ayaw mag charge! nag bili pa naman ako kasi walang usb line na kasama kaso ayaw din gumana.. paki check nmn product nyo bago iship!,1,
not good kulang naman ung binigay walang ballpen nag send pa ng pic ng ballpen d naman isasama sa packaging hyst chinachat ko seller ayaw mag reply order sana ako ulit para mapadala ung ballpen ayaw mag reply na scam ako don ah sayang pera pls ausin nyo ung services,1,
ang dumi grabe nabwibwisit ako okay naman yung hangin pero ang dumi dumi ng fan na dumating sakin parang antagal na naka stock or naka display yung pinadala sakin nakakainis lang nagbayad ako ng buo at tama pero ganito item na marereceive ko,1,
"seriously? nasa description niyo 2l , tas dumating 1l .ayaw pa ma chat ang seller .kahit 1 star di mo deserve",1,
panget di gumagana mouth piece pagkalapag ko nasira agad isang earphone,1,
magkaiba ang connection nung nabili ko hindi siya sabay tumunog one at time lang. maganda na sana kaso di sya sabay tumunog,1,
iba yung na deliver na nasa picture. nakaka ! first time ko na disappoint sa order ko ol.,1,
sabe standard daw size smaller size naman pala sabihin mo mag add ng 1 size and for me hnd maganda quality para sa presyo.,1,
kulang na ng isa tapos same same pa mga design na binigay ayusin niyo trabaho niyo! nasan yung white strawberry order ko?!,1,
"huwag na kayong mag settle sa mababang price, ang chaka ng quality pls",1,
"na tatanggal agad wag kang sinungaling seller. di po maganda sa business yan! instead of 10m as advertised, 5-6m lang sya!!! di pa maganda packaging. di tulad sa mga nauno kong order sa ibang shop. tunay ngang don't settle for less!!!",1,
basag po un item inedit ko un rating kc hindi akin un item pnkakisuyo lng skin .. ngyon lng nya na open and sadly basag cya...sna marefund pa nmin sayang ang pera..,1,
"panget nung payong nato mahal pa! pink ang inorder ko , dalawang black ang dumating???? wag po kaung mgpost ng mga color kung wala pala kau? dapat cnbi nio na lang black lahat ng payong nio, hay naku, scam n nman ako! wag po kaung bumili dito sa seller",1,
"maling items ang pinadala, mas mahal un binayaran ko. hassle mag refund so ginamit ko nalang sa ibang place.",1,
"5/10 hindi sya ganun ka effective once na pinahid s lips, mabilis mawala ung color,tas mainit ung ramdam s lips.",1,
yung boxer lang ang katulad sa mga picture pero the rest ibang iba hindi na ko oorder. kung pwede lang walang star ang ibigay sa inyo hahaha,1,
mali nmn po yong dumating sira pa maka disappointed po,1,
white yung inorder ko black yung dumating hindi ata alam ng seller kung ano ang black at white na kulay,1,
"wag na wag kayo umorder dito, ang seller walang kunsidreasyon..pina cancel ko ang order gawa nga ng mali ang size pero dnedma nya at ipina ship parin regarding sa quality d maganda ang nipis",1,
"kaloka ka seller , hirap mo kausap hahahah sabi ko black n white pero puro black to ekiss na kayo !",1,
"not the same with the description be honest po mga seller kace hindi pinupulot ang pera even it is small amount. hindi naka bubble wrap kaya medyo baliko. it's not legit photochromic. as you can see in my photos and videos, there are no changes when it's exposed to sunlight..",1,
sabi nyo rechargable i expect na machacharge ko sya. tas magagamit ko ng di nakasaksak. ok lang sana kung walang battery. kaso maglagay man ako ng battery wala padin talab since wala sya power supply sa battery. di pa maayos packaging. hay naku.,1,
ang layo ng amoy sa binibili kong strawberry champagne not satisfied.. kaamoy ng bambini na pink.,1,
0 am pangit walang sticker ndi pa responsive ung seller green bnli q pero ung takip blue ee di wow pag may nega comments talaga dpt ndi na tinatangkilik ehh kaka disspoint,1,
"isa lang nagana please pa refund po iisa lang gumagana umiilaw lang sya pero ndi mag play sound iisa lang gumagana,parefund naman masasayang lang kase pag ndi ko ginamit",1,
first time ko mag order sa shop nato nabasa ko ang mga feedback ok nmn kaya na paorder ako kaso.. super disappointed ako dahil nang dumating ang item same na kaliwa.. nakakainis tlaga pano ko to gamitin.. hayzz. sana nmn pakicheck ng maayos if tama na ang item,1,
im so disappointed to the product and specially to the seller. why?? because i ordered 6 items pero nung dumating sakin 5 lang. atska mali rin yung mga shades na nakalagay. yung tan na orange ang shades pero pink pala. hayssst,1,
hindi matched yung color na binigay ibang iba dun sa color chart.,1,
sayang pera ko sira ang phone hindi maka receive ng calls and text tapos kapag tinggal pag charge automatic lowbat,1,
so disappointed seller! kanina lng dineliver to tuwang tuwa pa namn ako ksi sobra lakas ng ilaw at fan dko ineexpect n sayang lng ung pera ko d2 ksi di nagcharge at wala bakal ung battery ang masaklap p d2 nilagy ko n knina ng order received,1,
"masakit sa ulo ung amoy, iba sa ariana grande cloud ang amoy na nabili ko dati",1,
"super disappointed! i ordered blue/pink but blue/orange arrived. huhu. hassle na ireturn. orange is never my color, i don't like orange not my fave. kahit man lng violet ang maling pinadala okay pa. my faves are blue, pink and purple and never orange.",1,
ano ba naman yan? next time seller pakiayos naman ng mga items nyo! tss.,1,
"not worth it, mali ung item na dumating, 2liter order q ang dumating 1,100 liter lng, dalawa pa nmn din bili",1,
di ito yung original creation spa.. kasi yung original meron syang strong scent na talagang nakakatulong sakin makatulog. sorry pero dissapointed ako akala ko kc ito na yung original.,1,
okay sana kso ung order ku nung una ayaw nila irefund ang hirap nila mgrefund .. di nmn aku mggalit kung ntanggap ku item ei kahit ibalik ku item nyu dina pwede ksi order din lng skin un . ung akala mu na tumubo ka nalugi kpa feeling ku sadya,1,
"cheap magkaibang size ang dumating. kahit na mura lang ito, sana naman they send the right order. how am i suppose to wear this? di pareho ng sukat tsk, isang 38, and other one is 39",1,
"antagal nanga nadeliever, my sira pa, pati mga charger local. hard touch pa",1,
mabilis napaship pero hindi ko nagustuhan yung sa pajama. nagsend si seller ng pic bago niya ship. napansin ko parang pare pareho design. message ko siya pero sabi iba iba daw. pagdating 4pcs 2designs lng. 2pcs per design.nakakadisappoint kase sakin lahat,1,
"pagkarating dito samin i was excited, then pagbukas ko may oily texture agad na sumalubong. i'm not satisfied to my order, may pagka amoy alcohol yung scent kasi, hindi ko bet for me ha",1,
"di nasunod ang gusto ko sorry seller but i gave you 1star for making me so much disappointed , ngaun lang ako nakapag bigay ng 1star ever. so much favorite ko ang purple thats why i choose purple blue color but you gave me grey the worst color of me.",1,
not good hindi sya samsung.. hindi rin original.. kaya mura.. pero sana palitan yung nakalagay na 2022 samsung new arrival tablet adroid.. pangit nang graphics..,1,
"deffective siya,one side lang ng fan ang gumagana tapos d naman nagflicker kapag inacharge, sayang ang ibinayad ko ang hirap p naman kitain ng pera..sana bago nyoishipout chk nyo muna kung ok yong parcel",1,
seller doesnt response on chat will not order again and kulang yung mga accesories wala syang supporter,1,
ibang color at design ang pinadala,1,
defective product arrived. hindi magamit at all,1,
hindi ganun ka tibay the worst is nasira siya habang ginagamit lang.nawalan ng sounds yung sa right,1,
manipis ang tela nung january 20 ko pa inorder ngayong february 3 lang dumating.. d agad shinip ng seller.. d pa nagrereply.. i will not order again!,1,
ang liit nang sizes po! kahit 40-41 ang liit size ko talaga 40 pero di kasya!,1,
"0 pinadalhan ako ng defective na unit. ilang araw kami nagtry mag troubleshoot. bumili pa ako ng bagong sim card. wala din. since nakailang araw, di na marefund. tapon pera to. not recommended!!",1,
"pangit ang quality, madaming gasgas at kunwari naka sealed at may note na nacheck na ang items at working good . yun pala sira.",1,
will not order again will not order again will not order again ....panget yung paa nia.....mabilis mabali...at kulng pa ng piyesas na screw,1,
"ok ndi marunong sumunod sa kulay ung seller, first order ko pink, dumating black, umordrr ako ulet ng pink, dumating parang red, yung last pic ung order ko s ibang shop, buti p un binabasa tlga kung anong kulay ung order ng customer",1,
panget yung product! maliit sa ordinaryong sticker wallpaper! not recommended,1,
not worth napakabagal ung number 1 2 at 3 pare parehas lang naman ng lakas at napakahina jusko sayang pera sa inyo if meron lng negative 1,1,
ayos ah isang araw lang ang naorder ko sa inyo na keypad phone. hapon ko ginamit tapos pagka gising ng umaga kala ko lobat kasi naka off kya chinarge ko tpos after ilang minutes sinubukan ko iopen ayaw na.. sino ba naman matutuwa sayang lang pera ko. kainis 1st time,1,
"galawang scam? ""we guarantee that the minimum value of the product you obtain is not less than ₱799 (randomly selected prizes, smartphone, tv, laptop etc.)."" earphones, p799.00?",1,
size 38 ako ha pero binili ko size 40 na.. jusko napakaliit talaga ng sizes nila.. second time ko na to tamang size binili ko nung una napaka liit sakin.. dis time nilakihan ko na maliit parin. jusko anu bang measurement meron kayo ha?,1,
item is not sticky. poor quality. will not order again. ang dami ko pa naman inorder sayang pera,1,
"okay nagorder ako nito kasi sira na ung earphones ko, matagal syang dumating and i needed a new one immediately. pagdating di nagana ung right pair i dont know why. i was expecting a good sound as well pero hindi sya ganon ka high quality. ",1,
"wag kayo bibili sa shop na to, obviously naman na sira ung item pero pinadala parin nila. bogus seller. pano pa magagamit ung item kung sira. sana icheck muna mabuti before ipadala!",1,
dalawa inorder ko for my twins and im very dissapointed... mahina ang hangin. ung isa ayaw umandar kpg hindi cia naka charge. nakakaloka! sayang pera ko!!!!,1,
"nung una kong umorder ang ganda ng packaging,naka bubble wrap pa next order q,napaka poor ng pagkakapack clips po yung inorder ko kya napaka fragile din po non,akala ko jackpot na ko sa shop na to,kasi tuwa nung mga una q napa order ng clip,ngayon pano q pa to mabebenta,lugi",1,
"not satisfied, dalwang wire ni order ko yung isang wire di gumagana .. and di sya fast charger . but thankyou sa rider",1,
"nakaka tanggal nman nang balahibo nang pusa at ibang dumi bsta d lang mabigat, maliit kasi xa. 2 star kasi walang indicator kapag nka charge xa, hay nku!!",1,
not good 2weeks lng nagamit wala nah bumigay na sya..sayang lng pera .,1,
ayaw po gumana tas may problem sa paglagyan ng battery. why naman ganun,1,
tbh pangit po. di po photochromic hehehe di pa nga nabilad sa araw nag dadark na matagal dumating.,1,
"yung picture ng product neck fan ay hindi po katulad ng pinadala same color po pero maliit, hindi nag charge, meron discolor at walang air sa nape area puro side lang.. ive ask seller to change item sagot nya charge ko daw 5 hours ayaw nga po eh... hwag",1,
"gray order ko, maroon pinadala niyo.",1,
not working sira yung payong sayang pera ayaw bumukas,1,
"did not receive item, hndi nagrereply ang seller.. hinihingi ko n ibalio pera ko o ideliver p dn dahil wala ako nareceive pero mukang pera ata ang seller.. wag kayong umorder sa seller na ito.. bogus. baka magsisi kayo. sana matakot kayo sa ginagawa niyong panloloko",1,
okay sana kaso i'm very disappointed dahil yung ibang sinulid tas tas na d manlang chineck ni seller if okay ba yung mga sinulid grabi naman po,1,
mali ung binigay ni seller 2liter ung order ko eh mali nmn ung size na pinadala...,1,
kulang kulang binibigay pakiaayos naman sa susunod seller nakakainis ka 2beses nako nag oorder sayo na kulang parin ang item paulet ulet na una okey na nabalik nyona ang peyment galing vouncher tpos gunamitko ulet sa shop nyo kulang nanaman ang dumating kahit kompleto ang bayad konakakadismaya 50plus lang yan,1,
iba ang natanggap ko sa inorder ko suitable kasi yung inorder ko as a gift to my friends and babae sila tas nagbigay ng dark color eh ayaw nila nun. dapat sinabi nalang nila na di available yung kulay para makapili ng iba pa.,1,
"basag ang mirror, ung sealer d gumagana",1,
"6/10 nakakainis ,mali parehas binigay na order ko yung 2l naging 1100ml nalang. anyari budol is real seller? sana nag chat ka manlang or nag send ng photo ng items. magbabayad ka ng tama pero ibibigay sayo maling items.",1,
isang araw lang nagamit hnd na agad gumagana. hnd nabagsak or naubusan ng battery. hnd na masoli kc natapon na yung barcode and packaging. seller is not responding,1,
light weight. how does this help if wala naman suction. such a waste of hard earned moneywould there be any replacement for this?,1,
dark colors large pero dalawa doon parang medium size samantalang ung apat maluwag sira agad isang araw palang not worth it,1,
0/10 not worth it!!! parang tubig na nilagyan lang ng alcohol. ansakit pa sa ulo ng amoy.,1,
"i'm so dissapointed to this product,plum yung order ko so akala ko dark color, pero yung dumating pink na ewan. di bumagay, tapus akala ko din ,matagal mawala or matanggal. pero ibabad mo n 30 mins sa lips mo, but still nabura parin.expectation vs. reality..",1,
not worth it! sira yung pag bukas ko. marami pa magandang small umbrellas at this price na automatic.,1,
"wala man lng kathrill thrill, pareprehong items sinend ng seller d man lng iniba iba tpos magkkasama pa sa iisang pouch ok lng sana kng magkkaiba size kaso sya at sya prin.. wasting money",1,
masyadong n disappoint ang bunso q at di gumgana ang knya...please po pki ausin po ang product nyo at nkkaawa ang mga bata n xcited mkuha ang parcel nila tpos ganun ang dadating...,1,
sira po yung item cinancel pa yung refund! wag na kayo oorder dito!pareport na lanf po nung shop,1,
"disappointed, palpak ang delivered item. sabi may white light. pagpinindot mo sa remote control ang white, colored light ang umiilaw. be honest seller, inform your buyer",1,
wag na wag nakau bibili dito dami ko panaman order nakaka dismaya iba kulay binigay.scam is real..mas okay bumili nalang sa mall para sure kesa masayang lang pera,1,
0/10 kala ko oil base nag tatagal ang amoy di pala di tulad sa nabili ko sa hubby ko as in kahit 24hrs kapit padin ang amoy eto wala pang 1hr wala na,1,
i never expect na ganito lang to kaliit hindi ako nasayahan sa parcel ko,1,
"sobrang pangit, baliktad pa ung kabit ng isang salamin tsk waste of money wag kayonh bibili hindi rin sya nag change color pag nsa araw na just an ordinary glass,!!!!!",1,
not so good baliktad un lens tapos kahit nasisinagan ng araw hindi naman nagbabago un color.,1,
maganda sana tela... irereturn ko sana kaso nagbabagyuhan...napaka hassle sana bago iship icheck muna..nakakadissapoint..mali kulay nung dalawa light grey at skintone sana..tapos mali din size na binigay tatlong xl inorder ko pero isa lang tumama mali pa kulay yung dalawa medium sobrang sikip saken.,1,
mali mali pinadala ni seller nakaka disappoint ung baby bimb na order ko naging gloves big girl na po baby ko hndi na nya kailangan nang gloves sa sunod pakiayos pakicheck mabuti mga order namin ha!,1,
"maganda nmn, kaso sala ang order n dumating,, malaki order ko pero ang dniliver sakin ay maliit.. very dis appointed.. ung tama sana edeliver nyo nextym...",1,
d worth it yung almost 300 . mukang binili sa palengke,1,
super bad napaka pangit bumaon yung botton at napansin ko rin na yung pic ibang iba sa original yung original na iestrech sya pero yan hindi dapat nga 0 star eh kaso di pede,1,
sayang lang pera nyo dito. pag di gumana yung kaliwa di gagana yung kanan. pag gumana naman yung kaliwa di naman gagana yung kanan. sa madaling salita defective item. mas ok pa yung jbl ko na nabili ko lang sa halagang 200 pesos,1,
pink order ko tapos itim dumating. hays,1,
0 grabe seller wall paper hindi pang balot ng notebook aa nipis,1,
inorder to ng kapatid ko sa acc ko so ako yung nag receive para sakin hindi sya maganda kase pag nilagay mo parang wala lang,1,
"wala lagi lnh naghahang nakakainis naman sayang 1700 ko di cya ok gamitin hard touch saka ma log tas di pa maka fb mabagal sobrrraaa,,,, ok naman si seller walng poblema on pagkapack so far good condition cya,, yung mismong product ang not good china kasi",1,
"10 pero kung oorder kau ng ibang kulay , hndi din matutupad ni wala man lang pasabi ang seller. order ko white , pink ung binigay no choice basta makabenta hndi man lang nag iinform ung customer nila",1,
bad seller attitude gusto pabago ang review kahit honest review binigyan ako nang 1 star tapos yung rotating silicone nila di talaga nakakalinis,1,
i'm very disappointed! i ordered 3 sets of boxer brief. pero yung dumating is 2 sets only. then i already sent a lot of messages but no reply from the seller. irresponsible! dapat kung hindi naman kayo magrereply e double check niyo before e ship. sayang yung pera na binayad,1,
"defective yung pinadala cannot return or refund the item because i accidentally hit the received button thinking it was just drained. but when i charged it for at least one hour to test, its not working you have to put the charger para gumana.",1,
"yung parehong kaliwa ang pinadala,di manlang chineck.kasalanan nyo namn,pabaya. kya nga umorder sa online para convinient tpos need ko pa pmunta sa courier office para lang masoli ang maling item na pinadala nyo.wla akong time for that.will report this shop",1,
"poor quality,nakalubog ang charging point,at mas maliit cya kesa sa charger,sayang pera,di man lamang chineck ni seller,pati packaging mukhang inapura ang pagkakabalot",1,
fake thank you pa rin seller maayos mo nmn binalot un order q maayos din ito na tanngap kaso nun na try q true na man natunaw at naging jelly nun inilagay q kana naku eh para lang po cxa glue stick na tumigas hindi rin sumapit natatanggal or need,1,
"3/5 i ordered gray/black pero ito yong dumating it was so very disappointed, sender. sana nag out of stock na lang kayo kaysa nagshi-shipped ng order na di naman sakto sa inorder namin, huwag kayo mag compromised ng ibang tao. good luck to your store!",1,
di kumukulay maroon kinuha ko pink bnigay pero hindi sya kagaya ng asa pic tsk never na oorder dito tssskkk,1,
"hindi ko po alam kung ng tritrip po kayo basang basa dumating ang aking parcel, parang pinliguan ng pabango and punit punit i tried once more na umorder sainyo pero look what you sent me parang tinusok tusok pa, sayang lng po ang pera .",1,
"'di matibay di po ako satisfied sa product, ang akala ko kung ano ang nasa picture yun din ang ipapadala sakin. ang layo ng itsura sa picture kesa sa actual item. at ang size na inorder ko is 36b ang dumating 36/80 na maliit.",1,
manipis yung matress at unan panget ang quality manipis,1,
"grabe kahit sinabon sabon kona amoy na amoy ko padin yung pagkabaho napakagaling kuhang kuha yung inis ko ng shop na to, ang alam ko kase 2 bottle order ko tas isa lang dumating, gusto ko magalit kay kuya pero i know wala syang alam bout sa order ko",1,
bad bad experience mali na yung na receive ko puro pa factory defect plus di pa responsive si seller pangit yung class ng diaper not recommended waste of money.,1,
ang pangit ng product ang layo sa thumbnail picture!,1,
so thin nalungkot ako kasi magkaiba yung kulay .. i ordered 8pcs ng beige pero yung 5 na dumating parang malapit sya sa light green tapos manipis pero yung 3 makapal at beige. . nung nilapag na medyo malapit yung kulay sa isa't-isa pero makikita mo talaga ang difference. sayang,1,
"grabe i ordered it dec 26, dumating january 07, excited ako gamitin pag dating hindi nag cconnect left side faded pa, so dissapointed...",1,
"disappointed, any hhawkan nalng to hidni namn pordable fan, bilog lang ",1,
worst buy ever! not worth the price! this is the seller’s negligence you should have checked the product before shipping! mahiya naman kayo sa binebenta niyo!,1,
worst yung pinadalang unit iba.. box nalang hindi pa naka sealed tapos wala pang laman karton lang ang laman pabigat. hindi na ko oorder ulit dito sayang pera mahirap mag refund sa shopee ingat kayo sa mga scammer tulad neto.. mga reviews fake grabe kayo sa mga tao.,1,
may gasgas sa salamin tas tabingi nakakadisappoint antagal pa ng delivery time,1,
wala ewan buluk talga sya di worth it nasira agad(kung gusto mo mag sayang ng pera dito kana),1,
quality is very bad..isang try putol agad..i tried another one isang pindot putol din agad waste ofo binili 20pcs one use putol agad..,1,
okay hindi sya long lasting kaya if gusto nyo mag order ng long lasting not recommended to,1,
yung order na dumating hindi ganto yung actual picture. korean sandals inorder ko. at ilan beses nako umorder ng korean sandals sa ibang seller. bat ganto dumating seller. nakakadisappoint! sobra wag na kayo magpapaorder kung sala sala lang din naman nagbabayad naman kami ng ayos. kaurat,1,
"nag sayang lang ako ng pera ,,binigay sayo ung d order mo,,,sira2x pa,,,kaya wag na kau umorder pa sa shop na to,,",1,
gusto ng seller palitan ko muna yung ratings ko bago nila palitan yung damaged filter. ano to naglolokohan ba tayo dito? you address my concern first before i rate your service. nakakatawa kayo! very disappointing! sira yung filter tapos yung wire ng plug madumi. mukhang gamit na. is this brand,1,
sira agad...knbukasan..ung isang fan nya s my rihgt sude....bgla nlng huminto...tas sindi...pro wla na hangin lalabas..andar sindi...kakadismaya...ung digital p nmn..bnili q..kc kala q...ms matibay...sayang...lng s pera...wla pa reply ung seller..nung sinabi kng sira...,1,
30mins ng nakacharge pero di pa rin nag oopen... very disappointed...,1,
hindi man lang inayos ang packaging tsk tsk tsk iba pa itsura sa picture,1,
"ang daming dents nakakadissapoint po na shop natu , mali po mga designs binigay nio 2 colors po dapat sana nag message muna bagonpadala para po maibigay tama sa customer .. ang pangit pa nang pagka balot ..may dents po yung iba .. wag kayo mag order dito",1,
grabeee super liit mg size! 21 naman tlga anak ko pero ung sukat nyo pang infant pala buti nalang maganda ung shoes hnd mahirap ibenta ng paluge sa iba... tapos ung box nung shoes.. gulagulanit na nung dumating pano pala kung gagawing pang gift yun? haaay! paayos next time,1,
"i ordered 3 black pero dumating 3 purple. na disappoint po yung mga nag order sakin, sana naman mag inform kung hindi available yung color. maghahanap pako kung sino may gusto ng kulay na pinili niyo -.-",1,
sobrang baho ng brief nung dumating tagal na atang naistock to tapos binenta pa rin ni seller may mga tagiptip pa makabenta lang seller no? perang pera hahahaha mali pa pinadala bench yung order ko h&m dumating bobo lang,1,
"paka bulok, alam nyo naman yung 1l sa 2l diba? okay lang naman yung price nya hindi ako nag expect ng maganda, pero syempre nakalagay is 2l mag eexpect ka ng malaki. pang 1l lang to wala pang sticker tsaka maling kulay pa! sayang lang! psh!",1,
2/10 bilis masira not recommended ang ingay din,1,
"3rd time na bumili ako dito. at first ok naman, pangalawang beses hindi sinunod ang color na inorder ko,pinalagpas ko. pangatlo hindi nya prin sinunod ang colour na inorder ko,wala pang straw at pang design yung ibang bottles. unresponsive si seller.",1,
walang kwenta porket bayad na sa shopee pay damaged item ang ipapadala? tingin ko hindi kasalanan ng courier to dahil luma din ang karton na pinambalot ni seller bka isinauli na yo tpos pinadala nya ulit ngyn. makakarma ka din,1,
nakakainis shop nato nagfile ako ng refund or return item ayaw nya gsto niya 1peso nalang ibalik jiya saken hndi naman pwede yung kase yung oil na binili ko nadaganan ata taapus nayupi at nagleak tas ang medya ls hndi pareho size okay naman yung strap and yung sa vacum,1,
".. ito yun first time ko na ma kakuha ng ganitong item may damage. sayang sa pera, excited pa naman ako gamitin kaso may butas sa ilalim di man lang na check ni seller bago i deliver yun item. sobrang nakakadisappoint",1,
"damage nman po ung product nung dumating sakin,d maggamit sayang lng pera at effort sa pa g order at pag antay",1,
case upon arrive with den over all di magagamit waste of money,1,
di ko naman po narecieve pero nag kusang order receive sya panget,1,
wala ako mag rarate eh wala nga dumating sakin na parcel hahaha lakas ng tama ng mga to. pla desisyon sa buhay parcel has been delivered daw kahit wala dumating tapos mag paparate pa kayo aba matindi yun hahahahaha.,1,
wrong color!! ang order ko is plum! not violet mygad! kung walang available na color na inorder sabihin naman sa buyer para hindi nag eexpect masyado!! tsk!! pati rider palpak din!! tsk!,1,
mahirap pindutin pag pabukas kelangan pa alalayan parang sa manual. for me not recommended,1,
"i ordered 2 sets. ung isa basag, ung isa naman chinese ang remote. seems like returned lang rn un bnigay na isang unit. 1) customer service = 0 stars, wla manlang nag assist samen when we reported this 2) quality control = 0 stars. 3) return = goodluck kausap",1,
"defective item!! defective item!! defective item!! -received defective item, it doesn't connect to any device either on my laptop or tablet. seller is not responsive as well. will not order again. sayang lang pera niyo.",1,
kadiri okay quality pero shuta pag bukas na pag bukas ko nung payong para tignan gano kalaki yung maco cover pag binuksan shuta napaka baho. inamoy ko pa hanggang ngayon masakit tyan ko dahil sa amoy sobrang nakaka suka shutangina amoy patay na daga yung payong,1,
"dlwa yung order ko yung isa sira, nagnote naman ako pakicheck before shipping kse panggift sayang lang pagbukas mo plang amoy sunog agad sya.. syang lang",1,
yupi na ng dumating wala man lang box or bubble wrap di ko napakinabangan.,1,
hindi photochromic haysss hindi naga black kahit naarawan kaya pala mura kase hindi naman legit,1,
nkaka disappointed kc dlwa order ko peo isa lng dmtng ...tama aman un bayad ko . tpx wla mnlng response un seller wlang siyang mkabenta lng sia,1,
white inorder ko dumating sakin blue edi wow,1,
nakaka badtrip gusto ko nang refund seller d gumagana sayang yung pera ko,1,
tagal dumatin umabot ng 8 days sorry not satisfied,1,
"hindi maganda yong experience ko sa parcel nato. yong courier hindi na ship ka agad at tagged pa nag parcel na hindi ako available. at halos tatlong beses pa. hindi approachable yong seller, ng ask ako nang help. ni refer lang ako sa support. e 2nd chat ko na rin",1,
"item's not completely complete,paki refund yung 2items ko sayang yung byad ko ditu.tapos oorder ako ulit sa inyu sasabihin nyu sa akin maleles kayu kung oorder ako ulet . mahal yung shipping fee nhindi pa completong items ko",1,
"ang layo ng amoy niya sa cloud. kakaiba yung amoy nya ang tapang. kung icocompare mo siya sa orig na cloud magkaiba na magkaiba, nagbabayad po kami ng tama dapat ganun din po kayo",1,
"mentioned above. for a 200 pesos inpods (quality wise), this is so bad. hindi gumagana yung led light and i believe hindi nagchacharge yung inpods sa charging bin. (i'm only basing sa percentage na nasa phone ko since hindi gumagana yung led light) masakit din sa ulo yung sound quality.",1,
sabi mo tv? or laptop or cp bakit charging cord lang to??? scam!!!!,1,
awit talaga sa inyo!!! di nyo padin pinadala yung item na kulang. wow grabe!!! scammer!!!!!!!!!!! bullshit!!!!!!!!!,1,
"wrong item ibang iba mula sa picture, hindi worth it. sayang ang pera",1,
parang old stock na daming gasgas pang reregalo pa naman nakkhyang ibigay kc baka akalain nagamit na haaayys,1,
"sira ang item. hindi nagchacharge, walang hangin. alam nyo nmang sira binebenta nyo pa. nagrequest ako refund until now wala pa update.",1,
not good hindi gumagana ung 1 earbuds sana na check muna ung parcel bago i ship sayang...1 earbuds na ngalang ang hina pa..kalungkot,1,
napakalayo ng itsura sa item. 2nd order ko na to pero dun pa nadisappoint. kung kelan madami kang inorder saka pa pumanget yung service. basta lang may kitain sila. grabe.,1,
first time po itong mangyari sa'kin so i’m kind of upset. next time po kapag may problema sa product wag na po isell. i’m so excited for this product so i’m very disappointed.,1,
"as seen on pictures àng gàling ni seller. alam niyang walang kasya na bottom para sa order na 1000 ml., nag send pa rin siya. para lang makabenta. very good ka seller. ikàw àng tinatawag na suwapang na seller. tapos nung kinontak ko siya para àware siya kung nagkamali man",1,
okay naman ang kaso hindi naman nalock tapos iba pa yung kulay. sana ininform ako nung seller order ko pink dumating blue di naman mahirap mag pakatotoo. ang ganda sa picture ang pangit sa personal. parang tao lang filter lang minsan magugulat ka nalang sa personal.,1,
not worth it not worth it sayang ang pera sobrang hina halos 3hrs na nkchrge pero lobat padin hindi gumagana pag hindi nkasaksak balewala dn tapon lang edit almost 7hrs of charge lobat padin defect pinadala hindi muna chineck bago paship,1,
"nadeliver naman on time! but the problem with this seller is their product description wala syang kasamang rechargeable battery and walang usb port to charge it as what they claim, they're also not responsive for someone na may mali! sobrang hassle i pareturn",1,
"wag kayo bumili sa shop na ito,,, kulang yung item na order ko, di nila pinadala yung 10pcs na tissue,,, wallpaper lng ang dumating kaso kulang nman,,, 30pcs order ko,,, tas pinadala nila 23pcs lng,,, scammer po sila...",1,
"not recommendable!!!! not recommendable !!!! not recommendable !!!! hindi man lang nagsabi na di pala available some of my orders tapos ishinip lang kaagad, kahit man lang chat sguro. tapos pagdating ng refund process, andaming kuskos balungos, di tinanggap refund request ko.",1,
"wrong item!! square pants order ko, face mask ang dumating.. tapos wala manlang reply si seller",1,
sana po mapalitan sya agad... dalawa po binili namin yong color white ok po yong green full charge naman pero ayaw mag-on. sana po na-testing sya bago ipa-shipped. pls. contact me for the return items. na-disappoint yong anak ko... gagamitin na sana nya bukas...,1,
"jusko, pumutok ung charger mga 10 minutes ko palang na chinarge.. torch nia ayaw din mamatay.. pag insert palang ng baterry, automatic on ung torch kahit d pa naoopen ung cp",1,
ok naman kaso may lagpas na color black nakakaasar lang akala ko matibay siya kaso biglang na durog ung sole? ok sana kapit ng tela sa paa kaso ung sole ilang araw ko lang nagamit wala na. sayang lang pera.,1,
"very low quality may damage ang napadala. kaya ako bumili ng cord kasi sira na yung cord ko, yun pala mas may sira itong bago kong bili. kaya ginamit ko nalang ang dati ko pang cord. disappointed talaga ako",1,
not satisfied. wrong brand ang binigay at mali ang sizes na diniliver,1,
"nakaka dissapoint po,akala ko magagamit ko na po yung item na to pagdating pero, hindi pala. kasi ung binigay ninyo hindi man lang mag charge",1,
"hindi gumagana ang earpods, hindj manlang ni check, tsk. sayang bayad. pati phone stand hindi manlang tumatayo. bumabagsak agad, ano na seller. i check nyo muna products nyo bago kayo mag pack. sayang bayad sa inyo",1,
ni hndi man lang inaayus sira ang marecieve q,1,
di worth it sa 300 dalawa lang order ko pero mag kaiba yung balot sa loob sira pa yung box na pinag lagyan. isa pa di manlang ing bubble wrap yung item hindi nasecure. lubog yung button nung isa buti gunagana pa. di na ako mag eexpect kung tatagal to.,1,
"i ordered beige color pero black ang pinadala ng irresponsible seller, sobrang hassle kse nagkaroon pa ng variation d naman pala masusunod. i wont recommend this seller!",1,
poor quality... doon sa picture na stretch siya pero ang pinadala nila ay hindi sira pa ang switch..,1,
"10/10 kala namin nung una ok sya but nung chinarge na not working this item, hindi nag ca-charge at never umilaw while i charge sana mapalitan kasi ang tagal kong inantay tapos cra naman pala yong darating",1,
awit tubig na my alcohol lang,1,
sira ang item. bumili pako uli sa shop nila ng earphones para mapaship bago battery kasi baka daw yun ang sira. pero di padin gumana yung phone ibig sabuhin defective yung phone di marefund or mareturn yung item. super nakakasama ng loob sayang pera ko.,1,
"sobrang madaling masira. di stable yung feet and body ng table. and as of now 2 days pa lang sa akin, natatanggal na mga turnilyo. worst.",1,
"poor quality sobrang nipis, nagsscratch agad ang nagmamark ng fold 5 meters lang yung pinapadala ninyong roll. nakaka disappoint. nagbayad customers nyo for 10m pero 5m lang pinapadala nyo. ipadala nuo sana yung kung anong nakalagay sa description. clearly na false advertising ginagawa nyo. nanloloko kayo ng tao.",1,
"ganun din ito, nung chinarge na namin, lumobo siya. sayang din pera. poor quality. dpa nagagamit dna agad napakinabangan. sana may refund kapag ganito.",1,
"not 2l mali po yung napadala. wrong size and wrong colors. hindi na ako mag rerequest ng refund kasi aksaya lang ng time. if return naman, sayang lang effort, baka gumastos pa ako sa sf. sana icheck muna before shipment kung ano order. hindi ung ship lang kayo ng ship.",1,
i understand na marami po kayong order to take care but pakiusap po pakicheck naman po ng mabuti yung details ng mga order ng buyer nyo! i will never ever make an order from this shop again.,1,
"napakapangit. nagsayang lang ako ng pera dito. chinarge ko na't lahat ayaw mag on, hindi pa nagfflash na nage indicate na nagccharge. ayusin nyo naman.",1,
my sira pa ang charging tapos sira pa ang isa ano ba naman seller laki ng tiwala q sau sobrang bad wag na kau oorder napaka hina ng hangin tapos my sira pa ang papadala ...ang pangit pa ng pagkakabalot lalo sa kahon pag bukas ng plastic kita mona agad,1,
wlang hook yung isa. pano kaya isusuot yun. di man lang chineck. hayst. maliit pa.,1,
iba ang sinend ng seller. rechargeable daw yung fan then naglalast ng 3 hours if nafully charged. pero yung dumating sakin walang battery line so dko sya machacharge at dko madadala kahit saan kasi kailangan ko pa ng outlet para umandar sya..,1,
mga teh ang hirap niya e blend hinde siya blendable maganda yung shade and yung lalagyan pero teh pahirapan sa blend di siya maganda for me 2 paman din binili ko di naman pretty. hayst,1,
nakaka inis poh..hindi pantay ang pag kakagupit ng bawat..medyo matagal rin ang shipping..,1,
"mali ang binigay,,, 2liters ang inorder q, pero 1100ml lng ang pinadala,,, pati itsura at kulay malikakainis...",1,
poor quality ung white slippers may stain..the other one di matched ang color and ung sneakers see the appearance ng tela..mukhang luma p kc madumi na ung sintas..need pagtyagaan n lng..,1,
nkakadisappoint isa lng nreceive q dlwa ung inorder q tas wla prn aksyon s seller ...ung product mdaling malowbat..wla clang pkialam bxta kumita lng ng pera nd man lng mgreply kng anu ggwin isa lng pndla n seller,1,
kaya pala mura minsan lang ginamit sira nah m very very disappointed bruh!.. pero cute talaga ung salamin at design niya.ung electric fan lng hindeeeeee ang ineeeeet pa naman ng panahon. mi beri honest opinion. atm. ung picture ah hinde xa kasali sayang din ung coins,1,
"nakakaloko, dumating ng may punit sa gitna tapos ang dumi pa, tapos yung laman? ayaw ko nalang mag talk. yung belt lang yung maayos eh tas parang gamit pa yung isa. tapos may isa pang tabingi ung pagkakatahi ng strap. btw thank you still seller.",1,
"ang pangit na sim na ito, rank down ml ko bwesit na gomo",1,
not recommendable to order here! damaged / defective item. paasa na seller!,1,
ung color blue sira . ayaw na mamatay ng fan .,1,
never again hnd gumagana ang isa sayang pera nyo kahit mura lang sya sayang lang ang pera kasi nga sira naman,1,
poor daming basag ng ring light..punit din ng box..kaya i'm not sure if during delivery xa nag ka-basag kc nka bubble wrap nman ung parcel...sana next time make sure ok ung items...nag babayad kmi ng maayos...dko nlang xa i-return kc working nman ung light kahit daming basag,1,
"poor defective yung right siide ng fan walang hangin na lumalabs puro ugong, i demand product replacement",1,
"right color, with charger and naka bubble wrap din. pero sa right side nga lang yung umaandar. antagal ko tong hinintay peroo napaka tagaaal pa bago dumating. tama naman yung color kasoo di nga lang umaandar yung isa. nakakadismaya talaga. di naman siguro cya masisira kahit matagal nadeliver ano? i",1,
"manipis po sya psensya na sa rating po. yung black lang yung makapal.. i will not recommend this boxer shorts, hindi to magugustuhan ng asawa ko",1,
"hello po good afternoon, bakit po color maroon ang dumating na order ko , eh tan po yung inorder ko bakit ganito? huhuhu",1,
sayang kasi gumagana pg dating pro pgkatpos kng e charge. d na gumagana na maayos 2 mins lng tapos titirik na. dissapointed ako.,1,
"napaka pangit ng service dito sa shop na 'to. and yes, eto talaga ibubungad ko. first order ko, nacancel agad kahit isang beses pa lang nag attempt yung rider na ideliver ang order ko. second, mali ang color nung isa kaya natural irerefund ko.",1,
have to be honest po di pa nagagamit sira agad,1,
ok n sana lahat eh kaso ung damit bat gnyan ibang iba s nkapost n tinda. ung post mo me botones s harapan iyan sarado hays dapat d n ko nag order nto,1,
amoy guma at alcohol nagkatapon2. sayang pera. sobrang dissapointed. hindi ko alam kung expired ba to.. hindi mo sya matatawag na pabango. pabaho sya. sayang pero nakakahiya na sa pagbibigyan. drtso na sya sa basurahan. excited pa naman ako sa ariana grande na cloud kasi sabi mabango. actually amoy alvohol,1,
"ok juskoooo!!! di pala to pwedeng banlian ng tubig, natutunaw to unlike sa binili ko sa tiktok (yung color blackgray) na kahit lagyan ng mainit di natutunaw. buset. low quality at its finest",1,
first time ko mag order ng ganto good feedbacks lahat kaya napaorder ako pero pag dating ganto naman pinipindot ko yung returns and refund. ayaw ma click hayst sayang pera sana mapalitan nalang excited pa naman akong iopen to nung dumating na pero nung sinubukan ganto naman kinalabasan sorry seller,1,
ayaw gumana hindi umuusok hindi naglalabas ng mist don't buy malfunction itemswarnig don't buy malfunction item i repeat malfunction item,1,
"wrong variation. blue order ko, yun pinili ko sa variation nila pero red ang naideliver sa akin. gusto kong refund nalang kase sobrang hassle kapag ""return and refund"" kase ako ang magda-drop off nun sa courier lalo na its not my fault. pero di pumayag si seller sa request ko.",1,
"not good tagal ko hinintay kasi gagamitin ko sa intrams, pag dating may basag yung isa, can i get a refund sa isang item na basag? sana pansinin ni seller.",1,
poor sobrang ikli hindi to 10m mali binigay sakin dapat pure white lang okay na sana kahit may design sobrang ikli naman mag rereturn and refund sana ako kaso nagamit kona isa ayaw ng isa lang ireturn hay sayang pera ko sobrang nipis pa.,1,
hindi maganda yung product.imitation lang,1,
wag napo kayo umorder dito napaka scam ng seller expecting vs reality nasayang lang 640 pesos ko dito parang yung isang buo hinati hati lang nila sa apat yung isang pahaba nayan 32 pesos na hays binabalaan kuna mga bibili dito,1,
"nakakadissapoint naman po, umasa ako na maibalik yung kulang na binigay nyo nung last na nag order ako, pero wala po nag note din po ako pero wala. sorry pero last order ko na po to thank you",1,
hay basag ang takip. nag chat ako. may remarks pa. na pki balot ang unit ng bubble wrap bago ilagay sa box. hay naku. wla pa rin. nasa kabas ng box anf bubble wrap. tpos kung di ba nman hilo ang wire pinasok sa loob ng purifier.,1,
nakakainis minsan yung ganto. malinaw na nakalagay sa order mo yung pinili mo pero parang hindi man lang tiningnan nung seller nakaplace na order. basta makaship ng items. bench na double xl yung order ko pero binigay sakin h&m na triple xl. di na ko bibili ulit sa shop na,1,
"poor quality paano mag refund? sira yun product kqka bukas ko lang ngayon. sayang ung pera,",1,
"walang laman yung products na dumating, pangalawang beses na nangyari to. nung unang purchase ko, kulang kulang yung mga items nag reach out ako sa seller binigyan ako ng refund through vouchers. binigyan ko ng chance, bumili ako ulit tapos ang dumating walang mga laman. this is the worst shop",1,
not good walang ka lakas lakas . mas gusto ko nlng mag pay pay … haissst.,1,
bkit ganyan dumating hndi po ito ung order q,1,
"di gumagana both sayang ang pera di gumagana ung isa pares,at di wlang maintndhan ung kausap mo.png music lng sya tlga",1,
walang katibay tibay pacenxa napo mahirap talagang magexpect dealing mabali nagamit lang isang bess tas sunod bali na. . .,1,
"kailangan ko ng tubigan very wrong ng item na nasend, it's not even 2 liter, 1 liter lang siya pero hindi ko na ipaparefund kasi kailangan ko ng tubigan. 1 star pa rin kasi ang bilis maship, sana next time icheck ang item ng mabuti bago iship. hmp",1,
scammer kaayo dalawa order isa lang dumating .. i hate this.. shop,1,
ok pag open ko.. hinanap ko pa yung light.. wala pala.. den nung tinatry ko na magconnect s bluetooth.. ayw talaga magconnect.. disappointed talaga ako.. magta timer nlng ako pag gamit ko to.. yun pa nmn habol ko na may pangclik sya pag magpipicture..,1,
antagal n nga dumating ng item tpos ung mare-receive mo p children’s size! sana umasenso kau s panloloko nyo ng tao. hirap n nga kumita s panahon ngaun nkukuha nyo pa manloko!,1,
packaging is not good at yung item parang luma na para bang gamit na white kasi inorder ko sina yung box naka labas na yung item dating gas2 pati madumi .. buti nagka 1 star pa deserved,1,
"feel ko na scam ako. 2 packs inorder ko, 2 mouse pad natanggap ko. sayang pera, wag na kayong mag try.",1,
"ang nipis nang tela! tapos parhas lang ang kulay except for that green and gray, ang layo din doon sa photo na naka lagay! tan yong pinili ko kasi akala ko ""what you see is what you get!""",1,
haysss. too disappointing. mystery pouch but i can see through the packaging. the essence of mystery was gone. too sad.,1,
malas ko nman defective p npunta s kn,1,
isang pouch lng dumating samantalang dalawa order q..,1,
mabilis masira ung item pang curl and ung filter sa faucet peke ..as in fake ..nd nakakafilter ng dumi ...,1,
kaka sad very disappointed hayyy...,1,
masabi ko lang sad ako dahil my gasgas yung item tps pareho kulay ang dumating ng mssge pa ako sa kanila,1,
sobrang nakakadismaya naman etong shop na eto. mang dadaya makabenta lang.size 40 ang order ko pero ang dumating size 38.kitang kita naman sa likod na kinaskas ung size para walang size na makita. my god! bakit naman ganyan kayo. masaya ba kayo na nakakaloko nang kapwa tao? godbless nalang,1,
anlayo ng kulay sa order ko ha...pngbata kc kya mkulay ang order ko pngxchangegift..tpos kulang pa ang sticker...hndi nko oorder sa shop nyo..sa iba nlng,1,
"i bought a deerma dx300 and we loved it. sobrang useful, malakas ang suction, madaling gamitin. kaya ako bumili nito but this one turned out to be disappointing. the suction is practically non-existent. ni hindi makahigop ng mga hair strands sa kama. it will only work for 5 to 10",1,
nahuhulog sa tenga habang ginagamit. needs improvement. waste of money.,1,
"literal na yan lang po ang nareceive ko, walang plastic yung mismong tumber, wala din sticker i recommend everyone not to order from this shop! 0 out of 10!",1,
not good manipis ang mga diapers.,1,
buti na lang mura lang... ano paba aasahan..edi poor quality.. kita naman sa picture,1,
"6/10 not satisfied, nakaangat na pagdting skn then lumulubog un power button nya. ngayon tanggal na d na makabit hnd n sya masara. will not order again",1,
"walang kwenta, sira battery tas di libr yung replacement battery kailangan pa mag order ng ibang item para mapadala",1,
hopefully it is good too not true to its size 10mx45cm according to its description.it is only measures 6mx41cm so far wala na akong magagawa dito. kung nagpurchase din kayo sa store na'to sukatin nyo nlng din...,1,
i received wrong items. hello to you seller next time be responsible po. 2liters po order ko na black and gray pero yan yung dumating napakalayo ng diperensiya.,1,
i ordwred blue/orange ang dumating light blue. seller should not do this just to complete the delivery. be honest kung wala ka na stock.,1,
"oily lang pero wala talaga fragrance, nasira ako sa customer ko hindi daw ganto ang vanilla lace this is the 3rd time na umorder ako pangbenta ko, unang order ko is 10ml tester para may reference ako kung ano ang scent nya sa tester ang bango matamis as in amoy",1,
not good sorry seller hindi ko po nagustuhan yong item ninyo..malaki msyado saakin at manipis lang din..tama lang yong color... salmat din kay kua rider sa pg delever...,1,
i dont know bakit nah crack sa loob pero sa labas okay naman. sana nag lagay ng something sa loob since naka open na yung item. nakatanggal yung pang takip nya kaya siguro. seller not responsive. rider not responsive.,1,
not worth it sira sya..! alam naman ni seller na fragile ang ipapadala di man lang nilagay sa bubble wrap..nakakadisappoint!,1,
manipis. expectation vs reality tlga. pricey para price not recomended,1,
"as you can see in the video, nauga talaga yung parang leeg ng ringlight, marunong po ako mag assemble neto btw. at ang nasabi lang ng seller ay ""pasensya na po sa nangyari"" thanks nalang, naayos nun ang problema (sarcasm) so nakatayo lang sya at bawal aalisin dahil baka malaglag",1,
seller madaming gasgas. halatang nagamit na. and also akala ko earbuds yung gift yun pala sticker lng. mahina yung left ear na sound.,1,
"5/10 maganda yung quality, pangit ngalang yung pag kaka lagay sa box and yung fan sira siya ayaw bumukas then hindi nag chcharge for me 3/10 rate ko sa fan nato kasi maganda naman yung quality sira ngalang paayos nalang po next time hindi ko siya i rerefund",1,
im so sorry pero nung dumating siya sakin is sira yung pinaka dulo ng wire niya na muntik na maging dahilan ng sunog sa bahay,1,
1 bwisit black order pinadala nyo puti???? minsan nalang ako mag order sa shoppee sablay pa,1,
wrong item delivered yeezy slippers ang inorder ko pero ang dumating ay sandals!! tho tama ung isa pero ang clear na inorder ko is yeezy hays. umayos kayo kung ayaw niyo masiraan,1,
"ang hirap paganahin ng dual sim, yung battery kakacharge lang, hindi ginagamit for 6 hours tapos drain na battery.",1,
isang gamitan lng haha! kung kung gusto nyo panregalo or kahit pang sarili nyo eh wag na! sira na agad! hindi na magamit!namanatay na palagi. naka isang charge lng!sayang pera! want refund!,1,
mali yung binigay ni seller. madumi pa. hindi na ako oorder ulit. wrong item recieved damaged item. item different from picture will not order again,1,
sira yung rechargeab̊le fan at isang headset,1,
"this is my first time na dumating yung order ko na kulang yung items n binigay nila wala yung bala ng glue gun..sa maliit na halaga sinisira nyo yung pangalan nyo..sayang balak ko p nman omorder uli,xcited kcng buksan kya dko nrin nvideohan,tama pla yung nbabasa ko d2",1,
soft didn't expect to this soft the first time a bought one black yung color it's hard) please seller next time wag kayong magsend ng ganyang may defect nakakainis,1,
wala wala pang 1 hr lowbat na agad. kapag bubuksan mo mamatay matay siya. hindi pa nagrereply sa customer service nila. nakalagay din sa box sa bilog may lalabas na hangin kahit wala naman. hindi man lang nakabubblewrap nung nareceive ko. tsaka yun nga maingay.,1,
"not good!! may bukol2, bakit ganun isang suot lng nito, punit agad..",1,
"grabe, light grey pinadala pano yan sasakto sa kwarto ko e umorder ako ng 3 white para sa kinulang na wallpaper?? tapos light grey ipapadala?",1,
order recieved! ok naman sya kaso yung lagayan ng toothbrush nasira sya kaya na dissapoint ako..,1,
"defective defective! pano ka maliligo mag isa nag seset ng temperature! mababanlian ka sa init! hahahaha sobrang hassle para mag return para sa tulad namin na busy. kaya nga bumili heater para sa comfortability namin, tapos uutusan pa ako ng seller na ipatingin ko sa mga technician jusko naman ako",1,
okay nmn material made of rubber however even we sized up. one size higher than our normal size still it didn’t fit. so frustrating. the one i bought for my daughter was forcedly tried to fit,1,
low quality kulang yung item na delivered. mabagal magresponse si seller. mahirap magrefund. no no for the store.,1,
very dissapointed!! 10pcs order ko 8pcs lang dumating di ba kayo marunong mag bilang?? di pa nasunod yung design na gusto ko. sana nag chat kayo kung di available kung item na order ko. pati di kayo marunong mag reply. godbless nlng,1,
"damaged ang dumating, hassle na ung return refund kaya irarate ko nalang ng 1 star. sana icheck muna ng seller ung item bago ipack para di sayang pera. sa sizing add 1 size talaga pag ganito.",1,
sana pala d ko muna pinindot yung order received,1,
"4 set order ko bale 40 pcs sana, ang dumating isang set lang 10 pcs lang narecieved ko.. hassel kapag return pa dahil need na gimitin.",1,
waste of money hindi naman nag cha charge,1,
very disappointed nag order ako ng 3 items tapos ang na receive ko dalawang items lang pero ang nakalagay sa binayaran 3 items sana po wag nyo gawin sa iba,1,
"akala ko pa namn may free gift na hqai ,2 items daw kaso wala pala.",1,
kainis iba pinadala ni seller..exited pa naman ako kasi gagamitin na ng anak ku..,1,
nothing sira na agad..may natanggal sa loob nya mas malakas pa ang wistle sgro...,1,
jusko malinaw na nga black nakalagay gray paden pinadala,1,
i will just give 2 stars in this shop because my parcel arrived in poor condition. may basag yung ringlight amd it's kinda disappointing.,1,
sira yung tripod. ayaw magbuka. i will edit my review pag nagpadala na kayo ng ayos na tripod. grabe nakakadismaya.,1,
wtf i order bench and hm but they give me 2 hm sheeet guys please don't buy on this shop your wasting money here !!!!mga kupaaaal na seller,1,
mali yong kulay na pinadala sa akin ..tong order ko is white pero black yong dumating,1,
after 1week sira na,1,
nakadismaya lang kasi dalawa ung order ko.ok naman ang isa pro ung isa nasa likod ang print.manipis din ang tela.i will not order to this shop again.,1,
disappointed. iba kulay dumating..yung black lang nasunod...yung dalawa instead of grey and dark grey naging blue and dark blue..,1,
"arghh di nagana micc and pindutan nakakainisss ok naman sound kaso mic talaga habol ko sa earphone na ito , hays how na bebe time ko nito pag narinig nila mama ka na may ka call ako",1,
poor di pulido pagka2tahi.. slightly disappointed,1,
if i'll rate it 1/10 fr diko inexpect ganito yong quality nya pls seller we're paying u ng tama tas ganyan gagawin nyo grabe ha sobrang nakaka disappoint promise.,1,
ok na din sira yung isa di nagana. sana pamake sure na nagana bago ideliver. sayang yung pera kahit magkano lang yan binayaran pa din.,1,
bakit sira agad? hindi na nakaka vaccuum. please refund or change item. customer service not reaponding. dedma mode,1,
"ndi bumubukas , lobo battery ndi nagchacharge meaning useless , mas ok pa yung isa lang orderin mo para sure na walang kasamang basura",1,
"ang panget ng sound quality niya, wala siyang mic hindi nagana",1,
"connects easy madali mgconnect sa device and maganda ang sound quality. delivered on time and packed safely **edit** after using the earpods for few days, i am a bit disappointed. ang bilis malowbat. i charged and used it with 100% then after just 3hrs na gamit down to 10% na",1,
hi sorry to rate this low but really not a good buy po. ang bilis mapunit ng product kunting dampi mo lng sa wall magkaka scratch agad. not okay kasi i have toddler so if your planning to buy this product don’t buy po,1,
halos same lang ng size yung 38/39 at 40/41 kakaloka! pangmaliit na paa lang tong slippers na to. masaklap yung seller hindi nagrereply. very upset and disappointed,1,
wag kayong magtitiwala sa seller na to. kulang kulang binigay nya sakin! kulang ng dalawang product! bwiset!,1,
not good umusok agad sya pagka gamit ko natakot ako kala ko puputok makikita nyo sa likod natunay yung plaatic nya kasi umusok talaga sya isang araw palang ganon na nangyare di ko manlang nagakit same na araw nung natabggap ko pag open ko umusok na sayang pera ko huhu,1,
"i'm so disappointed kulang iyong products. the concealer is missing. sana next time naman, seller, you tell the buyer kung wala iyong order nila. we're paying here. this will be my first and last time ordering from this shop! hindi kayo reliable. even a simple notice sana kung hindi available",1,
"mali ung item, bench pinadala. h&m order ko",1,
"sobrang nakaka disappoint po, mali po yong dumating, anlayo don sa mismong picture ng inorder ko, tama namn yong pagsend ng order tas tama rin ang bayad tapos ganyan dumating? wag naman po ganon, pinaghirapan ko pera ko d ko po pinupulot yan",1,
nakakainis wrong item inorder ko 2liter pero dineliver sakin 1liter pati color mali!! imbes purple red napunta sakin nakakadisappoint lang sana sa sunod make sure nyo na tama yung item nyo kase nagbabayad din naman kami ng tama..,1,
not so good naka pack naman ng maayos kaso paramg tubig na may glitters lang tapos spray mo wala naman epek. for me di sya maganda irecommemd.sayang pera,1,
wala man lang lalagyanan yung pinadalang eyeglass hayss kaya naipit ipit,1,
okie naman po yung items mali lang yung binigay ng items #3 order ko pero dumating sa akin #1 nakaka dismaya naman po mag order kung wla po sana yung order di nalang sana ninyo pinadala,1,
magulo kausap seller. kinansel ko na to pero di inaapproved kasi di dw niya mkita ung order ko. pinakanasel ko bcos sabe oct 4 pa dw dedeliver as per eta delivery date. i need it badly kaya pinapakansel ko at kelangan kong bumili sa iba na may on hand due,1,
"mouse quality isn't that good. performance is bad, and the packaging is the worst. no bubble wrap and when i opened the parcel, the mouse is already outside the box. box is tattered as well. in short, no effort sa packaging. not worth it. bili nalang kayo sa iba",1,
kkarecieve ko lng nito .. pero pgbukas n pgbukas ko ...nkita ko na agad ung defect. . .bkit gnun . .cra po ung lagayan ng bakal. ..sana po..ichineck muna ni seller ung item bago ipack. . . ngbabayad po ako ng maayos. .tpos...cra po ang item... kitang kita ang oras,1,
"kakarecieved ko lng nung item, and wala namang elise panu ko kaya magagamit. check the item before sending it.",1,
kulang yung order ko isang sunglass. 2order ko isa lnh dumating ipit ang nilagay,1,
bad saan ko on and off sira walang pindutan ng 1 2 3 ano ba naman nag bigay ako ng message sabi ko paki check useless sayang ung pera ng pinangbili ko sana sa pag kain na lang nabusog pa ako thank you shopee and kuya rider deliver,1,
"did not arrive......y ur like that....you did not give me the right order...i must have a mist spray but nothing arrive yun pa nman ang important..paasa...i am not that happy kahit may pa free pa kayo..mali..mali nman ang dumating, also ang tigas nah and dry nang glue for eyelash sana....",1,
"low quality, beige may crack, si black may crack na sa kbila tuklap pa yung isa, i requested a refund pagka deliver ng ng item jan 7,2022. and then nag reply sila jan 10 nanghihingi ng vid at ng sticker,nirefund pero nanghingi pa ng vid na sinisira item.",1,
medjo may mapuputol na part yung headset tapos basag basag yung lalagyan t_t,1,
no scam po di deliver sa akin yunq parcel ko tapos sasabhin na deliver recieve tsskkk!!!!,1,
may fade pa yung pinadala nyo...wala kayo sa ayos..hwag kayong mag order d2...,1,
"dumating na order sna next time honest naman 2xl binili dumating skin small size lang pero nakalagay sa plastic 2xl ,khit man lang sana large or xl binigay nyo kesa sa napakaliit nmn ,hindi nko uulit sa shop na ito",1,
don’t buy to this shop! i paid for 2l bottle pero yung binigay sakin 1l bottle lang. hindi rin nag rerespond si seller. walang pakialam.,1,
5 panget ng store na to tatlo order ko pero dalawa lng pina dala tapos wrong color pa . sana naman na check nyo mona bago ipa deliver or baka alam nyo na dalawa lng talaga pinadala nyo! nag message ako sa inyo pero d naman pina pansin.,1,
"sobrang nkkdisspoint un wallpaper nyo., napakanipis. tapos un binuksan un parcel ang dami n nyang ukab ukab dahil sa kanipisan nun item, tapos un ginamit na tape pandikit un portion na un ndi na nagamit. hindi naman ako 1stym na umorder ng wallpaper pro un ngaun ang pangit tlga.,",1,
sira ung isang items na inorder ko hindi man lang check c seller sa item bago ipaship,1,
nag msg ako kay seller 'pero deadma niya corncern ko sa items na pinadala sakin ..sana yun parehas na size ok lang maisusuot eh! pero ang naibigay sakin different size .ni ala manlang reaksyon c seller...really not good. well sana lang po double check nyo mga orders sa inyo kc,1,
"maayos naman ang black, naoopen sya pero yung talaga hindi sya mapindot. pina ayos ko pa sa papa ko naayos naman pero need mo pa sya ipush down para mag open. parang hindi paren automatic. i'm so dissapointed, para samen kasi yan ng kapatid ko tapos ang akin sira pa",1,
not good wala man lang bubble wrap yung product kaya nascratched nakakahiya sa nagpabili im verry disappointed,1,
ibang color iba na receive kong item layo sa order q,1,
sira na agad di na gumagana.,1,
ibang iba yung dumating. not recommended,1,
akala ko nakamystery box ang order ko... akala ko nakabalot pa sya... tinipid ako ng seller! sa packaging! hindi din sya worth it sa product,1,
hndi nasunod ung size. size 42-43 ung nka indicate sa product pero prang size 40 ung dumating.. unsatisfied here,1,
the seller didn't refund the missing items. pinakita ko na mga un papel. dpat ndi nya muna i ship out un product kung kulang din lang nman,1,
damage nakaka dismaya.. sira ung binigay.. tapos papalitan ko hindi mag rereply. thankyou ng thankyou. see attached file na inupload ko . kahitb100 plus lang yan sana inayos niyo naman. paanu kayo kikita kung ganyan kayo?,1,
"black i cancel this but seller not responding and sira pa sya banda sa a kinakapitan sa ilong, kaya i give 1 star.",1,
"bago nyo i packed ang items idouble check nyo muna kung maayos ba,di yung ipapadala nyo sira,di gumagana. sayang lang ang pera tas pag nag refund ang available courier nyo j&t ey wala namang drop off ng shopee ang j&t. ang ending wala ng refund nakakadismaya kayo",1,
hindi maganda ang items 2 inorder ko hindi gumagana yung isa,1,
"bulok hinde gumagana 4hours ng naka charge wala parin nangyari hayyysss!!!!naka kabwesit pag ganito ang pinapadala sayo, dapat sinusuri ng mabuti kung gumagana o hinde sayang lang yung pera na pinang bayad ko hinde na pakinabangan",1,
"poor quality, faded ung pagkablack nya. nakabili na rin ako nito b4 and i can really tell the difference.",1,
"hindi mo po siya gumagana ket anong try koo,i just wasted my money.and i thought it was okay kaya matagal ko bago buksan pero ng buksan ko kagabi hindi siya umiilaw .",1,
"5/10 this is not even a brand new one. scratches on the case are visible and this has been used obviously. see the images here. ang mahal pa naman, this is just a waste of money.",1,
"okay na sana tanggap ko na sa tatlong inorder ko, tatlong parehas na items din nakuha. kaso palpak lahat yung mga items. missing ng charger yung isang item, di pa nagana yung isa kahit chinarge ko na sa iba. mabilis pa lahat malowbat. waste of money.",1,
hello seller hayan yung video 3pcs lang yung nakarating sakin 6pcs yung order ko tama naman yung binayad ko pano ngayon nyan kaya hinde kita mabigyan ng 5 star,1,
wag na wag kayong oorder sa shop na to panget ng diaper walang tape yung kabila sayang pera ko,1,
so disappointed dinaman sya gumagana umiilaw lang pero walang lumalabas na usok akala ko pag tumagal may lalabas na sya na usok pero wala talaga excited pa man din ako,1,
wrong same design ng slippers ang sinend ni seller. different color naman,1,
"nice another overhyped tiktok product, its doesn’t last long and hindi naaamoy ng katabi ang amoy.",1,
napakawlang kwenta . sira pa binigay nyo skin tpos ngayon dina nagrreply seller anong klase yan,1,
nkkadisappoint lng ksi pagnkcharge lng siya nagana pagtinanggal mo di na nagana..excited pa nmn anak q,1,
pumutok po agad yung charger na binili ko sa shop to hindi ko na po narefu d kasi nasira ko yung lagayan ng charger which is yung kahon.,1,
hindi nagana yung isa hindi pa nagchacharge bulok pinagantay nyoko ng matagal tapos ganito yung marerecieve ko,1,
kaamoy niya cloud kaso 1minute walana amoy ang bilis mawala yung amoy parang tubig yung laman awit nayan apat panaman binili ko kaka spray ko after 1minute walana amoy hays sayang pera,1,
not recomendable ok yung kulay kaso ndi halatang matibay tsaka ndi katulad nung nasa pic yung actual nakakadisappoint,1,
hindi siya waterproof hayst,1,
mali yung size and color na binigay nakaka disappoint naman,1,
wag kau mag order dto sira yung phone use less sayang pera kht mura dapat me sense naman sana husko sagot pa namin ship to return,1,
"i'm sorry i will give it 1 star,. may basag kase eh. and di tlga sya secured pagka balot. nilagyan ko nalang ng scotch tape yung basag, hussle na kase mag refund and change item, magamit naman sya kahit papano. excited pa naman ako buksan to.",1,
"damaged product ! seller did not even answer to any messages. and pag nag return ka ng product wala naman free shipping , wala din kwenta ang customer service ng shopee , ending scam eto as there was no option to return the product na convenient and free sa mga",1,
unang budol ko sa home buddies kala ko maganda pero im so disappointed kasi sabi malakas ung suction thats why im expecting na kahit balahibo or anything magaan mahihigop pero nakakatawa kasi wala man lang epek ung sinulid kahit ilang beses padaanan! ung seller isang taon bago magresponse!,1,
"poor hindi nasunod yung order 1st try mali agad, wag na kayo umorder dito, nakaka dis appoint, je-018 order mo, tapos matte top coat dumating, mag hire kayo ng marunong bumasa at malinaw ang mata! di na mauulit umorder dito!",1,
850ml yung inorder ko para sa pamangkin nyu tas yung pinadala pariho 2ltr. nag chat pa ang aku na double check nyo kuna di man lang cguro binasa!,1,
not worth it especially for the price tumutulo kapag umuulan kahit mahina lang. pangit kasi yung tahi kaya may mga maliliit na butas. nababasa yung tao sa loob edi wala kwenta. di ko na siya marereturn kasi na order received ko na,1,
wrong item di naman to korean diaper ..bat ganito plastic cya pero ung order ko nung una ok naman..hyysss ang nipis pa di ko malaman rin kung medium to kase parang small pa!!.ano ba yn? seller.. bakit kase di kau nag rereply ee para naman bago nio ma ship ma,1,
"none hindi po gumagana. used all kinds of aa batteries. the expensive and the cheaper but to no avail. in short, sira po yung pinadala nyo. i don't want to give any advice po. alam nyo na po ano gagawin nyo sa susunod.",1,
goodafternoon. this is my second purchase na.but im still dissappointed. yung unang purchase ko kulang yung item and ngayon naman mali yung scent since same item lang naman inorder ko. iniisip ko magparefund kaso ishoshoulder ko pa ata ang shipping fee? idagdag pa na puro unsuccesful yung attempt ng pagdeliver,1,
"huhuhu, ang tagal kong hinintay nd xa worth it nd xa fixed sa stove nmin useless, panu na yan sayang",1,
hindi pa naka bubble wrap. so disappointed!,1,
when i opened it parang gamit na. i checked other's rate hnd naman ganyan nung binuksan nila sakin ganyan.,1,
poor quality. tulad ng sabi sa mga comments dito. used the product for 15 mins then nagstop na siya. need ipahinga for how many hrs. mas matagal pang ipahinga kaysa sa pag gamit. what do you expect made in china.,1,
different from what is posted. madumi parang lumang stocks ung binigay. aksaya lang sa pera,1,
mali ang kulay..simple lng nman dalawang 2l black ndi pa napadala ng maayos..wala pang takip un isa at un straw nya ano ba yan napaka nman ni seller..panu magagamit walang takip un isa..kompleto nman ang bayad sana nman inayos nyo padala kahit mali ang kulay basta maayos ang item..,1,
pls azie bayaran mo na utang mong 30 pesos tagal tagal na nun last year pa nahihilo akez sa amoy huhu sorry,1,
hnd nagchacharge . okay na sana e hnd sabog ang tunog kaso paano gagamitin hnd nagchacharge yung binigay na inpod 12 sa mystery pouch .. mystery pouch pero walamg pouch at bukas nadin.yung item,1,
may password ung phone d mareset ayaw nila bigay password!!!!!,1,
i recieved different from my order... can i return this? tingnan po ang picture...,1,
"mabilis malowbat, kahit full charge xia maya lowbat na ilang araw lang nagamit ng anak ko ayaw na umandar",1,
courrier nyo kada delivery naniningil ng para sa gate pass daw. ang dami dala parcel ano lahat sinisingilan. dami ko delivery na darating puro shopee. lahat yun na niningil ng para sa gate. give them the right compensation para di sila mag mukhang gutom sa pera. item delivered pa yupi,1,
hindi gumagana yung buttons para sa volume. hindi gumagana yung voice audio. talagang yung headset lang. not satisfied. hindi na ako o order. sa totoo lang. grabe ba.,1,
order ko vivo tapos dumating oppo! hnd pa type c,1,
i can't take a photo because my camera's broken pero super thin and super small lang pala nung item kaya nadismaya ako. tagal din dumating sakin lagpas sa expected delivery time.,1,
diko sure alcohol ata to na may kunting pabango hahahahahahaahahahaha diko inexpect na ganto ibibigay sana alcohol nalang hehe,1,
"nakaka irita sa totoo lang,,,plain blue ang inorder ko pero ito yung dumating tapos defective pa talaga ang item. sana naman ayusin niyo seller",1,
may crackling sounds siya change review. nung una crackling sounds pinagbigyan ko. and after 2 days pag may call biglang robot and di talaga nagkakaintindihan.,1,
ma alcohol yung amoy. expect ko amoy vanilla sya kase warm vanilla yung scent pero nakakadissappoint lang kase napa ka tapang ng alcohol scent nya sayang pera,1,
"bad experience ok nman sana mga items nila kaso sa sobrang tiwalanat excited ko pag tanggap ko ng parcel kay kuya delivery rider eh binuksan ko agad ang app para pindutin ang order received at ng makapag rate agad ako dahil malolobat nko ,kso nung binuksan kuna kulang",1,
"wala akong natanggap, i was so disappointed sa courier, kahit maliit lang ang halaga nang binili dapat hinatid parin,",1,
useless ang pag pili ko ng brand kung yung gusto rin ng seller ang masusunod. i ordered 1 set ng bench and 1 set ng h&m. pero dumating puro bench. seller didn't even bother to contact me.,1,
"please seller! i need refund!! i payed 1,249 pesos pero ung items na dumating is just worth of 495 pesos!! please refund the 754 kasi naghahanap buhay lng din po ako! malaking bagay na sakin ang amount na yan kasi hindi naman ako mayaman! ",1,
too small size kahit nag size-up na. hindi accommodating na seller! kahit anong chat at inquire mo deadma ka! kahit isang reply wala. napakatagal pa bago iship! 7 days na after ko inorder nasa kanila pa rin ang item hindi pa naship. wag na kayo oorder dito!!!,1,
walang hiyang supplier nato scammer manlulu malaki order ko hinayi hati yo para dumami ang isa dapat hinati sa tatlo scammer scammer scammer scammer scammer scammer scammer scammer,1,
"hindi po honest ang seller na ito. twice na akong bumili sakanya dahil yung una maling kulay ang binigay niya sakin. i ordered camel pero nude dumating, kahit disappointed ako nakipag usap ako ng maayos.. ",1,
"i was hoping na sana d aq matulad sa iba na nka experience ng mga damage sa order nila dto sa store but sad to say may tatlong butas yung dumating sakin, haist.malaki yung net pero maraming butas nagchat pa aq na sana e check muna at e inform aq",1,
maganda ang packaging pero ang pangit na kapag ipinahid sa kuko im disappointed sayang lang pera ko hindi po nmin pinupulot ang bayad nmin sa mga benta nyo kaya sana nman kung ayaw nyong masira ayusin nyo nakakadismaya 1oras na sa kuko ko pero d parin tuyo my gosh,1,
"palagi ako na order sa shoppee, but this is the first time na dismaya ako. size xl ang order ko, sa deketa xl pero sa sukat, i think its just small. paano ko naman magagamit ang bagay na di ko naman size? then sira pa ang zipper! ",1,
mygod anong packaging to!???? parang nasa palengke lang??? ganon? terrible packaging. knowing na undergarments to dapat ok ang packaging jusko!!,1,
"hindi kopo ma intindihan kung bra ba talaga xa... eh wla man lang curve pra lagayan ng bobs... flat masyado, at hindi strechy....",1,
"i'm so disappointed, sad, lahat ng gas stove cover my damage.",1,
"ang laki nya mashado yung hangin tuloy di masyado maramdaman, pero nagustuhan naman ng anak ko, tagal din dumating at yupi na yung kahon, di man lang iningatan. fyi... late ko napansin na sira yung charger at may bungi din yung gilid ng charging pin. disappointed !! nagbayad ng maayos",1,
not good received item sealed and well packed but not good item. very thin and the material is maybe due to cheapipay... anyway thanks,1,
sira po yung isang earphones at wala pong earbuds na kasama so disappointed to u po seller iba yung sinend niyo sakong picture nakakadismaya lang 274 yung binayad ko at inipon ko pa yun how can i fix the other one po?,1,
"wag na kau bumili dito. kulang talaga sla nag papadala, kampante pa naman akong completo kasi minessage ko pa na paki double check nag reply naman na okay daw kaso pag dating kulang ng dalawang items. wag na kayo bumili magsisisi lang kayo",1,
"black ang inorder ang dumating maroon,white tsaka dalawang gray ..dissapointed di na bibili sa shop na to",1,
"kung pwede lang lagyan ng walang star, wag kayo mag order dito sa mga influencer lang sila maayos. wrong item ang binigay tapos hindi responsive pag hindi ka nag update hindi lang din sila mag cchat sayo. i ordered the vacuum dust mite pero iba ang deliver sakin mag 1month",1,
"watery sobrang disappointed ko with my order, akala ko medyo maayos yung amoy since magaganda reviews. yung amoy parang goma at gatas na ewan.",1,
dalawa order ko white at green kaso ndi gumagana ung white palpak,1,
"ayoko sa ganitong store dalawang besis ako mag order yung una mdyo ok2x sana pngalawa kung order.kulang ang parcel at ang hirap pa ma contact ng seller, talagang inaanu nila ang mag rply cla.sayo.kung ilang araw na.ang order sayo bago magrply...1star for me...nakaka disapointed ganitong store...hndi na ako uulit",1,
"1 not effective, nakakatakot gamitin nag allergy po. di po ako sensitive pero namaga mata ko paglagay sa lashes.",1,
mystery box pero hindi naman box dumating alam na ang nasa loob kabadtrip naka pouch lang.,1,
too small nag yupi yupi yung crocs. 37 size ng paa ko pero sobrang liit sizing dito. ano ba yan sayang pera,1,
0 pangit eh pcnxa n kung pede isauli ei pucho pucho quality nakabuka n pahdating d2 hindi n nha tahi nakaangat p s dikit pang tag 50pesos lng halaga ng binebenta nyo po,1,
mahina yung hangin. madali din masira. very disappointing.,1,
madaling masira yung holder im just putting my iphone xsmax it’s not that big but this happen luckily i catched my phone!!,1,
deffective item namamatay matay mag o-on after 5seconds namamatay tapos on mo ulit ganun ulit sayang pera,1,
maganda sana kaso yong pag wrap nadidi form yong item bit diappointted yong mga bow nadis form kasi maliit yong pinaglagyan . nasira din yong ibang pin .,1,
mali ang dumating sa akin. pala desisyon kayo. 2 liters inorder ko and plain transparent gray inorder ko. husaaay.,1,
"2 weeks na ung complain ko until now wala man lang maayos na response. 2 weeks na ung sagot niong we will update, until now walang nangyayare",1,
okay naman ang item pero prior sa order ko nag chat ako kay seller na wag ako sendan ng defective at nag okay naman kaso ang dumating saken hindi umiilaw yung blue kaya hindi ko tuloy ma achieve yung purple color na combination. purple pa naman dapat gagamitin ko.,1,
"wlang pang one month di n gumagana yun kabilang side,2 pa naman binili ko parehong di n gumagana yun kabilang side neck fan",1,
you will pay properly thru shopee pay not cod but they will not send properly the products. hindi sinend ang tamang items at kulang. sa iba nalang kayo bumilo tuloy yung tinda naman nila meron din sa iba. worth it pa. wala kwenta store at walang customer service. sa iba,1,
"mali mali ang binigay..xxl order pang grade six lang kasya..ang liit lahat, mali ang kulay..ang sama tlga..sana cancel mo nlang seller.. wag kayu mag order sa shop na hindi nag update at sinungaling",1,
for the second time .. mali na naman ang item .. tama ang size 2liters .. pero ang color mali ..i ordered gray/black pero dumating blue/orange .. take note nag message pa ko sa inyo nyan,1,
ang tagal ng delivery tapos not good pa ang packaging.,1,
"yung order ko ay dalawang 2l which is 2000ml, pero ang na recieve ko ay 1100ml lang, at isa pa yung design is transparent blue and purple pero eto ang dumating, nakakasad lang kase naglalagay pa kayo ng pagpipilian pero kayo dn pala masusunod sana nag message muna saken",1,
ang pangit ng item sayang pera may basag pa nde ko lang navideohan dhil inopen agad ng anak sa susunod sna nde na maulit at nde na ko uulit bumili dto,1,
34 label sa plastic and item pero feels like 32a. not usable for me sa sobrang liit both band and cup. size up siguro. ito pinaka maliit at hindi talaga maisuot sa 4 bras ng binili ko sa shop na to. oh well,1,
order ko is gray/black 2l pero dumating orange tas 1l lang,1,
"d ako satisfied kc iba yung unit,di sya parehas ng nasa add nyo...ibang-iba sya khit yung menu nya nd colored parang recon yung unit...",1,
purple sy pero hindi eto bet ko sana seller paki check po order before shipping so dissappointed wrong order po,1,
"oily medyo na disappoint ako kasi amoy rubber band siya, super tapang din ng amoy",1,
wrong item received damaged / defective item item different from picture rude seller damaged packaging item shipped very late will not order again nahiya naman ako sa binigay nyo! lol,1,
"pink order ko, pero rose red dumating.",1,
nakapag order received n ko kaya hindi q na nairequest yung return/refund nung item sayang naman sa susunod nalang siguro,1,
"maganda kulay, iba nga pinadala ng seller. okay na sana kaso yung khaki naging black. ay naku sana naman next time ayusin nyo pagpapadala nyo kase nagbabayad ng maayos yung tao, expect ng tao yung order niya na gusto nya kaya siya nagpurchase, di yung kung ano lang yung gusto",1,
"2 liter tumbler ang order ko , but dumating is 1100ml lang . i ordered blue and green but ang dumating is pink . napaka layo ng order ko sa binigay ninyo. ang bagal na nga dumating , mali mali pa . never na ko oorder dto .",1,
nkaka disapoint.sobrang nipis parcel recieved.i ordered this kc ok nmn ratings ng mga buyer .sna pag nag rate tayo ung totoo nmn para mkatulong s iba p costumer ndi para mkakuha lng ng points. mganda sna kulay.tama nmn ang dumating.kso i was really disappointed.sobrang nipis ng materials,1,
nagorder ako ng isa kasabay ng inorder kong ceramic glossy pvc wallpaper para sana magamit namin pero wala dumating na ganitong item. hassle ang pagrereklamo kaya sa ratings na lang idaan,1,
walang cignal ayaw gumana mabuksan pero no network kahit may simcard na.,1,
4/10 only left side lang ang may hangin. sa packaging it was secure naman pero bakit isang area lang ang humahangin???,1,
used once agad nasira. like ayaw na nya gumana. may weird sound na sya ill edit once nagreply si seller saken,1,
mali po ang items na binigay nyo.first time ko pa nmn ito..malaki order ko po.then ang straw nito kulang sa part para mabuo...,1,
makalat sya at hindi naman water proof,1,
"nakakapanlumo ka seller , kakaorder kolang sayo ng mga medyas nagchat muna ko sayo na sana may red dun nabasa mo yun, second order ko nato sayo , grabe yung dissapointed ko grabii! ngayon lang ako na rate dto sa shopee ng hindi maganda , napaka irresponsible mong seller .",1,
"5/10 sobrang tamis ng amoy, nakakasuka, hindi na ako bibili dito!wag na din kayong bumili!!!",1,
f f nag request ako ng return refund di nio nmaan pala ibabalik wag na kayo omorder sa shop n ato walang kwenta papadalhna kayu ng sira tapos di naman i aaccept ang refund!!! bwesit,1,
no scent walang amoy,1,
"not satisfied , please seller next time paki ayos naman po yung mga items at pakicheck kung kulang yung ibang parts at kung maayos yung item, sana ho kung pag sasamahin nyo sa isang lagayan yung inorder ko na 11 items gumamit sana kayo ng bubble wrap , nag leaked",1,
sna nman po mapalitan.po xa kz hndi po.kasya s anak q expecting q po my allowance pa xa.kso hndi po eh,1,
scammmer !!!! order ko led dumating massage theraphy awit kyooo!!,1,
ang tigas ng texture nya parang ayaw ipa apply sa lips mo,1,
"actually lima sana orderin ko neto pambenta. kaya lang upon reading reviews, maraming magkaiba ang kulay. so yun nga epic. nakaka uta lang. kahit ichat mo useless naman.",1,
kahit full charge na syaa mahina paden,1,
na touch ko lang ang order recieved peto refunf dapat kadi kulang yong gas saver 3 order ko 2 lang laman ng dumating sa skin sana paki check.muna bago nyo i pack lugi na ako nakakainis,1,
"grabe naman to. nagsisimula mag business yung tao tas yung product na iapapdala niyo sira sira. abusadu kayo. ako na nag adjust, tape nalang katapat",1,
i thought it was more of an oily consistency since lip therapy pero hindi dry siya. parang lipstick na,1,
baket ganon mali yung item na binigay saken oo mura sya pero baket ganon iba yung dumating??,1,
"good quality but super tagal ng delivery! halos 3 weeks bago ma deliver and worst thing, unresponsive ang seller! kahit na ichat, no reaction at all. i will not recommend this kind of seller!!! as a seller you should know your responsibility and should be responsive sa mga concerns",1,
super disappointed po. 2l transparent ung inorder ko 3pcs pa naman pero 1.1l ung dumating sakin. ok lng sana kunh transparent ung nadeliver kaso hnd din eh. ang layo nung product sa inorder ko. and kahapon pa ako nagmessage kay seller pero until now wala pa reply.,1,
problim ko lng di nsunod ang kulay blue order ko ang dumating ay white so ano pa silbi ng choose the color kng di nman pla masunod gusto ng costumer...seller nxt time dn hwag kyo pla dsetion sa color pg wla pm nio muna kmi na costumer!!!,1,
not worth it yung pinadala sakin. luma at sobramg dami dents. and hindi namn lumalamig kahit konti.,1,
d q recommended dto ang quality kc manipis lang at ng llake wla pa isang oras puno agad.maliit kc prang pang infant baby..eh med nman order q..,1,
it's not good. it's for big size people it doesn't fit and the person who made it doesn't even know where the center is di pantay jusko. i will never be able to use this. waste of money. ampanget lang ng napunta sakin sa iba fit naman,1,
grabe hdi ko nakuha yung color na gusto ko violet order ko blue binigay hdi pa gumagana dalawa pa nman grabe nakakainis,1,
kita naman blue order ko white ang pinack,1,
"item was defective. i had to repair myself for it to work instead of shipping. seller gave a 50 pesos voucher though. as to performance, not really usabale. mas mabilis pa magwalis ka",1,
"unsatisfied customer here, baliktad ung lens sana pakichek mabuti bago ipadala ang parcel... mgnda pa nmn kaso baliktad",1,
bro i was waiting for this because it's my gift for my bf pero kaiyak kasi mali dalawang lip balm yung ni bigay,1,
mag complain lng po sana ako sa product kasi sira po pag dating dito. ang other side ng fan hindi gumagana wlang lumalapas na hangin.,1,
sira po ang binigay niyo na unit tapos sasabhin niyo bbigyan niyo ako ng 300 as compensation?? scammer ba kayo??,1,
how the fuck this happen nag order ako sa same shop pero bkt nag iba na ung quality mas darker ung una den the next order medyo kupas ng onti and 5m lng siya instead. a 10m haha palitang nyo po yung description nyo po tang...... ayusin nyo naman,1,
don't expect too much kc did xa ganun kabago di katulad ng ibang shop...,1,
pgka dating damage ung left fan d umiikot...kaya pala mura kc d quality ung binebenta...,1,
ibang iba itsura sa picture pati sa actual item. maliit rin.,1,
ang tagal na dumating mali pa ang kulay .. mukha bang green toh? blue po ito eh. di pa responsive ang seller kala mo sa north luzon pinadeliver e. same lang naman ncr haayst sept 12 inorder dumating sept. 20,1,
palpak kung my zero na score bibigyan ku to ng zero. kahit isang beses hindi ku mn lg nagamit. hindi ng.cha charge ung earpods.. no light indicator pa. sana tinitest nyo muna bago nyo i.ship.. kawawa nmn ung iba pang susunod na mabibiktema nyo.. suer mega palpk talaga . wag,1,
white order ko black pinadala nyo,1,
walang spring d ko magamit sayang lang pera,1,
"mali ung ibang item, ts my kulang na isa. ung binilugan q dapat dalawa yan kc dalawa ung bayad pro isa lang nsa loob. sana nman maipadala pa ung isang tshirt.",1,
wag kayong bumili. fake po at hindi maganda sa picture lang naman maganda pero kapag nareceive na at makita ampangit.,1,
panget sira naman to tanggal yung clip tapon ko sainyo to eh. wag kayo bibili dito swerte na lang kung ayos darating sainyo,1,
damaged item. unresponsive seller. hindi ko na maibibigay ito as regalo. super disappointed. i even msg the seller to check the item & make sure na no damages. still they sent me a damage one.,1,
"low quality yung item. worst product. !! not recommended na bilhin!!! ang daming damaged nung nakarating sa amin!!! sobrang mura nga ng price , ang mahal naman ng shipping fee + may damaged pa nung dumating!! 0% rate tlaga!!, wala pang label na fragile, napaka irresponsible ng seller not responsible",1,
ang order ko is size 22 ang binigay size 25. panget nyo.orderan ng items mali mali pinapadala nyo,1,
"panget omorder sa shop nato 2l inorder ko ang dumating 1000ml lang tapos iba pa kulay , dalawa pa naman inorder ko.",1,
matagal dumating tapos wrong color pa. black order ko.,1,
ok nmn bakit nmn kelangan niyo manloko ng costumers nyo? akala ko pa nmn long lasting 4 pa inorder ko...sana maybelline nlng ulet inorder ko sayang pera...wag kayo agad agad naniniwala sa mga gsnito...,1,
not worth it guys ... sabihin na nating mura pero di padin talaga sulit maganda pa yung baby flo na brand na nasal aspirator .. dont reccomend this .. i'll give 2 star kasi na ship naman agad..,1,
pangalawang order q na to ..yung unang order okay nman ..kaso sa pangalawa ..basag na ..,1,
"sbrang nkka dissapoint matagal n ngang dmating, prepareho png kulay dmating smantalang iba2 kulay ang inorder qoh tpos malutong pla tong water botlle n to..bka mbgsak ng anak q bsag agad..",1,
"low quality sayang lng pera, excited panamn po anak ko, kadarating lng niya then trinay ko ok namn pero ilang seconds namatay na, expect n lwbat lng, pagcharge ko nag red light nman na tapos ilng seconds lng din umusok na pagopen ko sunod na siya..nawla tuwa ng anak ko",1,
"kung may zero star eh zero ang bibigay ko scammanlolokoirresponsible seller wag maniwala sa feedbacks dahil isang malaking kalokohan dahil 5 pictures lang ang kaya iupload dito pakibasehan nalang dahil isang ako sa mga naloko ng shop na to sayang pera naniniwala ako sa karma, kayo na ang humusga",1,
no uy anu to? basura? haha umiinit sya pero parang umiinit lang . parang laruan lang haha waste of money haha,1,
"oily lol, cloud and inorder ko pero ang pinadala saakin sweet like candy? nagkamali na nga kayo na pinack for me ang baho pa nung perfume!! isa pa itong seller, ayaw mag respond saakin! i do not recommend this shop, huwag na kayong bibili rito!",1,
"scam sayang pera , tigil nyo nalang negosyo nyo kung ma momorwisyo lang kayo, e charge daw mga 5hrs, pag ayan ay gagana basta naka saksak pag pindot palang iikot na dapat yan, mind set ba, #deffectstore",1,
walang kwentang store to...wrong item...i recomend wag na kau bibili sa store na to ...makapag bent alng maling item ipapadala...walang kwentang store...di sumasagot si seller..... kasi alm nia mali xa,1,
randomly for boy.. peru pink and yellow green binigay..pakiayos po sana sa susunod..,1,
0% nakakahinayang bilin sira sya.. ung pindutan nya hindi nagwowork... kala namen lowbat lang nung dumating so nicharge namen naka ilan charger na kame ginamit sa kanya baka kasi charger lang may problema kaso ayun nga yung pindutan pala may prob. nakalubog sya,1,
gumagana na man at marami buble rap hindi sya worth it ang haba tapos plastic at di rin stretch chable ibang iba sa pic hayyst sayang pera,1,
masasayang ang iyong pera sobrang useless niya. madaling ma-low battery. isang beses mo lang siyang magagamit magstop na siya so need na namang icharge.,1,
"kung gusto nio magsyang ng pera the best to grabe ddting sau un product pero expect mo ind gagana,, hhingan ka p ng ebidensya n patunay n di gumagana ,, napakabobo lang inorder nga dhil ggmitin ,, ind nman inorder para isoli para tanga lang .. nireceive ko nlang kse",1,
no good hnd gumagana wlang usok lumalabas umiilaw lng cya sayang lng 95 pesos ko palpak item nyo. !! pero salamat na rin ky kuya rider be safe palagi kuya. !! sau seller mgbenta ka ng maayos kc nag babayad kami ng maayos hnd namin pinupulot ung hlgang 95 pesos,1,
napakalayo sa picture at personal. nakakadisappoint,1,
"may5 aq nagorder, and my 2 preorder items dun so i expected after 7days ang shipout pero kaloka may27 na naishipout . nareceived q may30 pro wala ung preorder items.. sna naiship na ng maaga kung wala din nman pla ung hinihintay! npkaunresponsive din. nkakainis!!",1,
disappointed ang layo ng itsura sa pinadala. ang jologs!!!! yung swelas makapal pa panty liner dto eh. kung di sana available ganyan sana nag pm muna kayo sa customer diba para napalitan nlang. sayang pera,1,
"low quality,,di man lang naka plastic bawat isa!!!!",1,
1 star . kasi imbes na kumita ako nalugi pa .. 6 ang order ko 4 lang ang binigay sa akin .. nagustuhan ng mga kakilala ko ang product pero di na ako uulit sa seller na ito .. nag ask ako ng refund pero vinoid nila kasi kulang,1,
2/10 i am very much disappointed for the items i received! wrong color! sana sinabi na lang na hindi available,1,
not working dumating yung item di gumagana.,1,
"okay sana but the item is just 5-6m long instead na 10m which is nakalagay sa name ng item. 40cm wide instead na 45cm. pag dating sa inyo ng item, sukatin niyo muna. ilang beses ako nagmsg sa seller pero walang matinong sagot. imagine ang 5m na kulang sa each",1,
amoy lumang kandila. will not recommend this awful product!,1,
battery is not original lowbatt agad kahit naka saksak waste of money,1,
very cheap pangit yung tela. manipis. sa picture maganda tignan. pati yung pinaka mahal nila same ng tela sa pinaka mura. wag naman sana ganon. i expected too much from this shop. yung design ng shirt ang pangit sa actual. or baka rejected yung binigay sakin?,1,
"poor handling, average quality. delivered 2 days earlier than the delivery day. product has so many dents as you can see in the video. either it was transported poorly or not packed properly. but for me both reason since hindi nagawang protektahan ng styro ung body ng air purifier.",1,
very poor worst customer service! sira ung item ayaw irefund instead their offering a discount worth 20 pesos??? wtf!! don’t ever buy items on this store!! we will report you sa dti!!,1,
di magkapareho sound mas malakas yung right at madaling mahulog naman sa tenga yung left mabilis din malowbat yung left side at garalgal yung sound nakakadissapoint lang kasi kinancel ko na to tapos tinuloy padin pala ng seller sana pala yung may wire nalang binili ko,1,
walang kwenta yong item. sayang pera. sira. at di sya solar. nakakadismaya. kinansel pa nila yong refund request ko.,1,
ang liit ng size 36/85 ok nman ang tela saka pagka tahi kaso maliit ang size 36/85 parang pambata ung size..d ko n return kc na confirm ko na ordered received eh,1,
very poor dumating agad yung neck fan pero super nakakadisappoint di gumagana nagmessage ako sa seller hindi nagrereply para lng akong nagtapon ng pera dalawa pa nmn inorder ko..,1,
sana all tama ung items na dumadating. sa halagang 304 ung baby wipes lang ang magagamit ko. next time po paki check naman ng maayos ung items. di ko po alam kung anong process nio at nagkakamali ng lagay ng sticker. nakaka sad lang,1,
"i'm so disappointed with this product/shop/ tablet to be exact..!! i ordered 128gb and i received 512gb with so many issues. battery won't last long, di niya kayang tapusin ang 1 episode ng kdrama which is 1hr and 5minutes only. pin for insertion of simcard not working.. lage naglolog.",1,
1 day sira na wrong item delivered even i selected with battery and oay 199 each. seller send without battery and cost is 139 each only. now seller is not responsive. waste of money...,1,
nakaka disappointed nd gumagana ang isa..hayts sayang ang pera.wala dn kasama charger..at parang luma na xa my mga gasgas na.,1,
hindi gumagana. doesn't serve its purpose. dahil na rin siguro sa curve ng material hindi niya talaga napapa curl yung eyelash mo. don't purchase this product. sayang pera.,1,
"madaling masira left slipper has a tear on the side, it won't last, check it first before you deliver, i am very disappointed...",1,
not working txt ko ung sim card na nakakabit sa gps ng 000 para sa register tas di magrereply palpak sayang lang ung pera,1,
"hirap gamitin, maselan sya, lagi nag turn off, konting galaw mo lang sa tenga shut down na agad, maselan ung sensor nya",1,
grabe....next time practice reading ha order ko black...ano dumating blue?!?...frustrating!!!!!,1,
wrong color of item delivered. terrible experience. tinanggap ko na lang kesa ibalik pa at tumagal at sagutin ko ang expense.,1,
"need to return the item,wrong size. di ko na sana babalik ,benta ko nalang kaso naman parehas left.",1,
wrong item! seller is not responsive sa mga chat! kung ano trip ipadala yun ipapadala!,1,
not effective ang pangit ng amoy sakit sa ilong di rin natutuyo sayang lng pera,1,
black po inorder ko . gray dumating bad trip pa tagal pa nman na iship,1,
so nakaka disappoint po yung amoy iba po sya sa isang na buy ko na cloud ang baho nya po tbh kala ko pa naman po mabango ito,1,
displaced yung sa charging area. ni report ko naman wala namang action. cheap nga kagaya ng seller.,1,
yung item mabilis dumating pero hindi naman gumagana yung isang headst kabila lang gumagana ang charger cord wala hindi talaga naga function. sayang lang talaga ang pera. tsktsk..,1,
"1/10 not waterproof or smudge proof ,not brown shade as what i order, not what its like in the photo....but its a mascara nman dw and its a total waste",1,
nagchat ako kung pwde pasend ng pics ng item bago ipaship kaso dedma si seller yun pala dhil mali ang size na pinadala at damaged item ang ippadla! godbless sayo!,1,
"damaged item, madaming holes useless sa ulan kalka. pinapareturn pero it will cost me more pa sa amount nung item yung pamasahe. sana pag alam ng damage na wag na ipadala",1,
hello po ang pangit baliktad ung lense,1,
ang malas nmn. mouse nkuha ko. di un worth ng 144 ko! haist kunwari lng tong mestery box nato. cla lng kumikita. bweset,1,
mali yung isang color at pangit yong quality na pinalit nyu sa isa,1,
poor quality binili ko 'to kasi kailangan ko 'to at nakikita ko rin kasi siya sa mga celebrity. pero nakakadismaya kasi walang maitulong kung init na init na ko. ang hina ng hangin kahit level 3. tapos maingay pa siya. mukhang peke 'tong binibenta nila. poor quality at walang hangin,1,
"wrong item. ibabalik ko sana, kaso dami pa proseso wala na ko time. next time ayusin nyo product nyo, kahit pa sabihing mura lang yan, hindi pa din yan yung order ko.",1,
not cotton akala ko pang adult at big size na yung inorder ko yun pala pang small size sayang nd kasya napaka ordinary.. dissapointed ganda pa ang tela ng ukay kesa dito,1,
0/10 grabe napa ka scam naman na toh kakarating lng sa akin tong products then i try it para sana gagamitin ko sa pang record pero hindi gumagana yung mic nya so im so disappointed dito tas ang hina pa ng speaker nya hindi sya malakas mas rinig ko pa,1,
bago kayo mah ship ng item make sure na okay ang product ninyo para hindi masayang ang bayad!! mag bibigay kayo ung sira!!!,1,
bad business habit. kulang ng dalawa lol. 100pcs napo inorder ko wala na nga freebie dumekwat pa kayo. jusq. di kayo aasenso sa ginagawa niyo,1,
maganda nmn yung quality pero hindi ako happy dahil yung order ko puro 2l tapos 4 pcs pero ang dumating 3 lang ang 2l tapos isang (1) 850 ml . sakto pa nman binayad ko . yan ang proof . tapos hindi pa nireplyan ng seller !! next time ayusin,1,
isa lang po ang gumagana sa earphone at mahina pa ang sound ng isa,1,
"i ordered pink color but they gave me the blue one. nakaka dismaya sobra sa ibang shop nlng kayo umorder, hindi marunong sumunod sa instructions yung shop na ito.",1,
"nag order ako ng 2 mystery pouch at 2 mystery box, dumating yung items ng naka 1 package lang so mahirap malaman kung anong order para sa kaibigan ko sa ate ko at sa akin kasi magkakasama na sya, wag na kayo bumili, mababaligtad yung expectation nyo sa description",1,
hndi inayos ni seller pag papack kya cguro ayw gumana ng air purifier....i want to return the air purifier..... sna makioag coordinate c seller.....,1,
"kapag nilagyan na ng tubig wala na amoy.. kaya pure wala na halong tubig ang nilalagay q.. 2 pa nmn order q, mahal pa..hnd na mauulit .. take note hnd din gumagana ang isang humidifier.. 1 lang nagamit q. tsk.tsk.tsk",1,
ano ba naman tong pinadala nyo! bt ganito?! ang layo sa design na pinili ko! bt di kayo marunong sumunod sa gusto ng buyer!!!! sana nagsend naman kayo o nagmessage kayo kung meron o wala nung design na pinili ko! ampanget at ang layo naman ng binigay nyo sakin!,1,
good maganda sana kaso 3xl-4xl yung binili ko dumating maliit.. na disappoint talaga ako.,1,
"not good sobrang disappointed kasi ndi namin nagamit, kasi walang isang minute lowbat agad. as in hindi tlaga sya nagamit,.. hayyst sobrang sayang",1,
wala pong earbuds bluetooth na dumating at isa lang po order kong laptop table hindi dalawa sana po ay magawan nyo ng paraan,1,
not good oily yung lipbalm (outer) yung curler naman panget yung foam okay naman yung eyeliner tsaka blackhead remover tsaka yung sa eye photo nd,1,
"clearly i ordered white but the seller gave me black. she wants me to send it back to her but i got no time for that super hassle. sobrang tagal na nga dumating ng item mali pa. sobrang tagal na stock sa hub. also the packaging, ala man lng bubble",1,
"naaawa ako sa lolo ko hindi kasya sa knya kasi sobrang liit ng xxl ngayon lang nagkainterest magpaorder tapos sya pa naman magbayad pero nadisappoint lang sya. yung lola ko naman kasya sa knya pero hindi niya gusto yung tela. kung ako tatanungin, sakto lang for its price. salamat na",1,
"wrong item mabilis dumating, pero mali po yung na-deliver. sana next time paki ayos na po seller salamat",1,
"no fragrance mabango sana to, pero pagkaspray mo pa lang wala ng amoy. mas ok pa alcohol medyo magtatagal. mas maganda pa dn yung ibang oil based talaga kahit double ng price worth it naman.",1,
bad palagay q sira to ang hina ng init eh.ang tagal q ng sinaksak sa kuryente eh ang hina pa dn ng init nia kya hindi nkakastraight ng buhok.sayang pera q dto.ngaun q lng kc nagamit kya ngaun lng aq nkpag rate.sana pla umpisa plng sinubukas q na pra naisauli,1,
kasi mahina yung kaliwa and mabagal ang pag shift i'm not satisfied about this product. because the left bluetooth earbuds is not good as the the right. and the shift is is very long i've waited it so long and yet this product will not satisfied me.,1,
"sorry to say this but it's factual, ung akala mo makakatipid ka pero scam haha ang nipis at kulang sa sukat, much better sa ibang shop",1,
"fair yung order ko na white, green din ang dumating hays",1,
"for the shoes they deliver maganda siya, pero still mali pa rin ang nadeliver. na disappoint ako. ok naman ang shoes na nadeliver even though its not my order, pero kasi hindi yun ang inorder ko kaya bakit nagiba. ang sabi na confused yung packer kaya namali,naisip ko din yan",1,
sorry po pero nasira simcard ko na globe because of this...,1,
"wrong color mali na nga kulay na binigay, di man lang nag response or nag rereply ung seller.",1,
kala q nmn kelangan ng battery hindi pala saka ambilis ma lowbat 6hrs naka charge 10 seconds lang nagana tanginangyan scam,1,
maliit yung size 38/39 dinikitan nyolang ng sticker na 38/39 i think this is 36 size. size q kse 37 e hindi sumakto/sumobra sa paa q kundi kulang hyst,1,
ok namn kaso hindi naka bable wrap hinde epective im telling the truth,1,
i was hoping for a yeezys slides pero dumating is just a plain rubber slides well although it's comfortable hindi nalang sana ko umasa namay feelings kapa sakin balik kana i miss you,1,
wrong product. i ordered eyebrow-black and mascara and ang dumating is eyeliner and mascara at wala parang tinta yung eyeliner,1,
not nice nakaka disappointed sya tagal ko inintay tas ganto lang dadating baliktad yung lens nya then medyo paling yung frame ng glasses then yung buble wrap nya butas kaya walang hangin one of the reasons din siguro kung bakit nadamage yung item.. so sad talaga sayang lang yung pera,1,
"wrong item. first pic yan ang dumating samin. 1liter lang, 2nd pic comparison ng dapat na order namin. lugi sainyo. will not recommend.",1,
"tagal matuyo, di maganda amoy di na sya na tuyo, at mabaho walang kulay yung na order ko, kahit ilang patong ko sya nilagyan at tagal tlga matuyo until now basa pa den sya na madulas",1,
"wlaa hysss,isang beses ko lg nagamit pag bigay sakin gumana sya then na lowbath,pag charge ko wala yubg charging pin walang nakalagay don ampangin,guys wag kayo bibili dito sayang pera nyooo.di nmn nag rerepky na yung seller",1,
came from china pero wala man lang bubble wrap yung item huhu puro gasgas tuloy ung lens,1,
ngaun ko palang sya nasubukan simula nung madeliver sya kahapon.. hindi gumagana akala ko pa naman maganda quality ng product na to.. this my first time na bumili ng item na hindi gumagana..,1,
yan order koooo.. red black... pero dumating all black dibaaa ang mahusay,1,
too watery matubig siya so parang tubig talaga ang inispray ko after magpagod sa make up.,1,
"napepressure screen ko sa higpit ng ipit, yung package na-upi tas yung lens may mga scracth na, it might be good for others pero ampangit ng akin.",1,
madali mapunit worst purchase ever buti nag try lang muna ako ng isa. kulang sa sukat hndi sya 10meters! madali mapunit!higit s lahat hindi madikit! ma iistress ka sa pagkakabit!,1,
5/10 very disappointed ako sa eyebrow pencil grabe naman bi parang abo naman na pinatigas hahahahahahhaha,1,
to be honest di naman mabango iba siya don sa expected ko na magiging amoy ng ariana cloud tapos kapag tumatagal siya sa damit parang nagiging amoy putok next time ayosin po ang product ha.,1,
"black/gray yung inorder ko, yung dumating kulay violet and green/blue.",1,
poor quality. dumating na yupi ang box. ng request ako ng refund peo hindi na grant. sira yung ball mount. sayang.,1,
"liit na mga sizes, order kayo bigger sa usual size nyo. sayang tuloy",1,
hindi maganda ang quality niya..di nila binalot ng maayos nkabox lng xa wlang bubble wrap. nasira tuloy.. sana refund ng seller or ppdla nlng ng pngpalit.,1,
not good akala q samsung hindi pala . parang immitation lng sya tpos nag lalag panu ba to masoli sa seller not recommended . ang bagal ng loading . kahit malakas ung internet namen sayang ung pera . sorry po ah un tlga ung comment ko .,1,
left side lang ba talaga ang may hangin....none sense kasi yung design....maganda na sana,1,
maganda sana pero sira yung isang pair can i have a refund or change item?,1,
ok naman yung item maganda naman kaso ang tagal ng process ng deliver at wala din reaponse si seller sa chat kaya na nainis ako nung naka raan. tapos na bday at bingay saka dumating,1,
"di ko nagustuhan yung smell niya, masyadong sweet at nasusuka talaga ako sa amoy. tapos nung tinry ko na nga nagpink agad yung lips ko, pero nung dinilapan ko yung labi ko bigla sumaket ulo ko kaya masyado akon naweirdan. yung amoy talaga yung ayaw ko.",1,
"bit disappointed yung dalawang socks iba yung dumating, i ordered light pink & yung mintgreen pero the seller gived me both darkpink",1,
ok na sana kaso my lace ung blak at hindi ung panty na gusto ko. malayo rin ung pink ss gray na inorder ko,1,
the item is not working they send to me defective unit !!! i said that they must replace because its not opening then asking me to rate 5 star before they will do some action? wat da heck!! malas mo pag napunta sayo defective unit hindi ka nila asikasuhin kc,1,
"unresponsive seller! may defect ung item. mahina ung ilaw ng lcd display. hindi man lang nagrereply ung seller, puro auto generated measage. wag na kayo mag order dito.",1,
ok nmn ung product di lang nag sabi c seller na wala ung isang color ung cherry un pa nmn tlga ung pinaka order dun... tpos di man lng iniba ung kulay dinoble pa haixt,1,
red yung order na kulay bat pink dumating.. hate pink.,1,
mali yung size na binigay ni seller ngayon hindi na ma return or ma refound bali wala nalang tong item kasi di magagamit din,1,
ngayon lang po ako nakaencounter na kulang ang items ko malaki man o maliit ang halaga ng items . be responsible for the trust of your customers. godbless us,1,
"i am so disappointed. i expected na scratch lang yung makikita ko sa ringlight kaso hindi. nung narecieved ko may mga cracks. sana manlang may fragile tape na nakalagay sa parcel, para naman hndi nabasag yung ringlight. gumagana naman pero syempre iba parin yung walang sira marerecieved yung item.",1,
kulang kulang yung items na deneliver saken,1,
dont buy to this seller di marunong mag response sa concern ng cx order nmn 2 item narecieve nmn item lang taz nakalagay sa reciept 2quantity daw!!!!! mambubudol tong seller n2!!!! wag na kau umorder dto baka mabudol dn kau..... nagbayad kmi ng sakto tapos bubudulin nyo!!,1,
medyo mahina yung hangin kahit nka full charge isa sa 6 na binili ko sira. told the seller about this and asked for a refund but seller is unresponsive so i'm posting this in my review,1,
naku...pag deliver skin tinesting q..nong nalowbat..hindi na mcharge..ang galing..hahaha...wla man lang ilaw..pra mlaman kung ngcharge b cia o hindi..,1,
"wla naman sa product nyo yung ganitong design, white ung order pero not floral, wla naman kayo floral na design sa picture eh, disgusting!!!",1,
"not good!! as in not good! dumating sakin ng low battery so chinarge ko, wala pang 30mins low battery na ulit. grabe panget ng quality ng fan na to! wag kayo magpaloko sa ibang reviews. apat na fan ang inorder ko. lahat palpak! yung seller di pa nagrereply",1,
not working. sayang pera,1,
"wrong item,. 2l black ung order ko pero 1l blue yung dumating... before you pack the items make sure you checked the orders...",1,
"mabilis masira, hindi na siya gumagana once ko palang siyang ginamit sira. hindi matibay yung power botton niya",1,
poor quality may butas sa loob. kapag inapakan tumutunog na parang tsinelas ng bata.,1,
ang panget na nung mga bago nyong bag. walang bulsa sa gilid lagayan ng tumbler . tpos yung loob wala man lang compartment. pansin ko pa may kalakihan tong bag. hindi kagaya nung mga una nyong mga basic na bag.,1,
matagal yung shipping maganda ung packaging isuggest na tingnan nyu ung loob ng lipstick kasi ang kunti lng na laman kunin yu yung parang tube tas tingnan d worth bilhin kasi ang konti ng laman ang ganda lng ng packaging. but i will try na bilhin ung ibng brand dto,1,
i am not satisfied... black ung inorder ko pero blue ung dumating.. sana pati silicone ginawa niu napong blue para pareho sila diba? or atleast nag reach out manlang po sana kayo na mag cchange color. nakakadismaya ang tagal nag antay magkaiba pa kulay!!! disappointed customer here,1,
maluwag na po yung mga garter..parang mga nagamit or nasuot na po..dapat po nacheck po mabuti..kung hndi man po nagamit..mukang mga binanat eh..,1,
bulok ( 1st time ko maka encounter dito sa shopee ng ganitong service!) wag na kayo magtiwala sa seller na ito.un 3pcs order ko pero dumating 2 lang.. natagalan pa bago nakarating saken ang item hindi na maayos ang box at hindi man lang ayusin ang pag pack. anu tinatamad,1,
"maganda, kaso mabilis maputol. not reccomendable",1,
"madali masira and makati kahit ilang laba na gawin seller is not responsive, madali mabutas ung brief, i used it as cycling sa bahay and di siya fitted sakin sakto lang kaya di ko ma sstretch ung tahi, kaso ayun may butas agad kakauspt palang",1,
inpods pp nakuha ko kaso not working po.,1,
deffective sayang nman kahit mura lang sya di mu alam kung lowbatt kasi yung ilaw nyan nsa loob lng di umiilaw sa labas at di murin alam kung full charge na di ku nlng isosoli sa murang halaga...,1,
"ordered 1 light green & 1 white but both white ang dumating, walang light green. matagal din dumating puro pick-up failed.",1,
"low quality material , bubbles all over the sole meaning malapit na mgbakbak .",1,
maling color/product pinadala for the bigger size. opted for 2 beige pero isang white tas ibang style pa talaga. sana nag inform po muna kayo if wala kayo ganun para sa iba nalang ako nag order haha. malambot siya (in a bad way) tumatagos ang mga bato sa sole part.,1,
"ang pangit ng tela , tapus kulang ng dumating ! i order 12 pieces but on 8 pcs lang ang dumating. wag nyo ng tangkaing mag order !!",1,
ok lng hoooo dumating din ang parcel after million years. grabe ang tagal dumating. bubulukin muna ang parcel sa warehouse bago maideliver . grabe disappointed,1,
amoy alcohol pati basag ang bottle so sad,1,
"3/10 2nd time order sa shop na'to, same meow pero iba na sticker. ang laki ng difference ng amoy. kalungkot mas gusto ko yung unang bili ko ng meow compare ngayon. di ko gusto yung amoy.",1,
madali syang mabura sa labi i don't expect too much,1,
di ko na gustuhan texture nya amoy chemical napakatagal dumating inorder ko nung aug10 dumating nasa sakin aug31 not recommend tong product nato parang parehas lang rin yung shade na binigay sakin di ako satisfied.,1,
"isa star lang para.sa.shop nato sobra ako dismayado sa una order ko wala tape lahat pano magagamit dipa nagrereply si seller may send nko vedio at pic sau seller,sbra ako nagtiwala take note dlawa pa inorder ko sainyo di ako nagdalawa isip na omorder ng dlawa kasi may tiwala ako",1,
mali ung color ! blue and gray kinuha ko parehas na gray binigay nio. thank you godbless,1,
"im so dissapointed, iba yung inorder ko iba rin ang ipinadala, at yung nakakainis puro kaliwa yung shoes sana bago nyo ipa ship make sure echeck nyo yung item. pano ko 2 magagamit sayang lng yung pera",1,
not excellent maganda sana ung kulay nya but definitely not working sya and hindi po sya nagacharge...so sana po seller inaayos nyo po ung pag pack nya para hindi sya nasira ... sorry but i dont give 5 star for this shop im so disappointed i just waste my money,1,
"napakaraming dents sayang second order na sana namin. the first one we ordered is very okay in which i can rate it as 5/5, but now, 1/5. disappointed much with how the product looks.",1,
"3/5 yong pen po is sobrang mainta, medyo panget sya sa papel, saka yong ink nya na pang refill medyo hindi umiinta yong iba putol putol pa",1,
wrong size paki ayos ung pag repack nyo paki double check wag lang yun puro benta ng mali,1,
sira yung isang payong...sana man lng chinecheck nila kung sira ba o hindi yung item bago ideliver para hindi sayang ung binabayad ng buyer . hindi mo maintindhan tong mga seller na to kung gusto lng bang makabenta khit sira ung maibigay . nkakainis lng !!! i will not buy,1,
"rechargeable?? hindi pala... may 20000 mah na battery?? wala pala,, dikoryente lang na na naka usb wire hahahaha,,, sayang isa ako sa naisahan sa shop nato pero salamat pa din kasi dumating,,",1,
sira nman di umaandar nagalit ung nirigaluhan ko byan kakahiya tuloy check nio muna bago nio ipadala nakakabwisit lng kasi ung sira makuha nairegalo ko p hayyyy,1,
"hindi maganda quality. may butas. kakaiyak. maliit ang sizing. add 2 sizes up! seller not responsive, nung may tinatanong ako una palang sa size chart. ayaw din tanggapin ang return. better sa ibang shops nlang kayo bumili. di kayo iintindihin pag may damage o problema ang items. sayang lang",1,
"mali po yung isang socks imbes na brown cat, orange tiger yung pinadala. ang mas nakakadismaya nakaorder na pala ako dati at nung unang order ko ganyan din na mali ang isang design. sana random na lang pinili ko kung di rin masusunod order ko napamahal pa ako",1,
"not effective at all, wag na kayo bumili sa store nato",1,
not worth the money. malakas yung sound pag nag connect sa sa cp pero yung actual sound mahina. mahirap buksan.,1,
malayo sa displayed pictures yung item. manipis at ang daming crease nung dumating.,1,
"ang layo naman sa inorder ko, yung isa lng yung tumama. sana man lng nilalagyn nila ng sold out kung wala na ng ganon kulay o style. maganda nmn un medyas pero mas bet ko yung kulay na inorder ko.",1,
hindi naman sya mystery pouch kasi nagbigay lang kayo nang tag 89 pesos rin na item na binebenta. no excitement pa kasi hindi naman nakabalot.,1,
akala ko ba 10 meters po? eh bakit 6 meters lang tas ayaw mag send ng picture ni seller.,1,
"bakit po ganun habang gamit ko bigla na lang tumigil, full charge naman. until now ayaw na gumana disappointed sa product quality. mula ng binili ko kanina ko lang ginamit, chinarge ko muna para matagal kong magamit pero wala pang 1min tumigil na. haysss",1,
"binago ko ratings ko, di ko pa nagamit ng matagal iba na agad tunog nya nilinis ko na din filter nya. pero same pa din. chinat ko na din seller pero wala pa response. pls pls pls!!",1,
kadulas ganon ba pabango not recommended sayang lang pera ko kung alam ko lang na ganon hindi na sana ako bumili dumating pa sakin may tagas umayyyy tsk tskkkk,1,
ewan parang pre order ang peg 1 week ang delivery,1,
"wrong item nakakainis lang kc 10 ribs order ko pero 8 ribs lang ipinadala nyo... be fair nmn po, kasi nagbabayad kami ng tama tapos ipapadala nyo di tama... naka online kayo pero di nyo binabasa ang chat ko...",1,
poor sira agad sya wala pang 1 month na pag gamit. very disappointed.,1,
wrong color po yung binigay green and pink po yung order ko then same green color yung dumating saakin and i order it purposely for my mother's friend which is matanda and maikli yung dumating saakin hindi yun kasya sa leeg niya,1,
"pasensya npo pero first ko kasi magrate ng 1 star. hindi nko binalikan ni seller kahit nireremind ko sa chat. may tastas sa gilid ung bra, nkita nman ni seller per vid and pic at babalikan daw ako, pero hindi na inasikaso, per chat. thank you prin",1,
the lighting is good but the problem is wala pa 1 day hindi na gumagana yung ibang kulay nya like yellow and yung white nalang natirang gumagana sana tumagal kahit mga 1 month lang sayang din kasi pambayad hahaha,1,
"walang cloud na dumating. pinalitan nang meow eh hindi naman nag inform. naka bubble wrap naman pero basa yung bubble wrap idk kung na open ba sya eh naka sealed naman. sana next time, mag inform po kayo na papalitan pala kasi benibenta po ito.",1,
sobrang useless! dont buy it ! hindi worth it ! once ko lang nagamit di na gumagana,1,
the description says what you see is what you get. this is clearly not a platform sandals. i also asked the seller in less than 5 minutes upon ordering this if they can cancel the order 'cause i wanted to order another thing para isang shipping nalang,1,
very far from what was shown in picture tanggal na ung dikit ng glue . tapos ang size hindi true to size. sayang pera lang to mas maganda pa ung quality sa palengke na tsinelas.,1,
i ordered 2 units ung isa faulty tapos i returned it already but no refund is issued nor is it getting delivered back to me.,1,
okay lang medyo nakakainis lang kac nd sya macharge nd na gumagana yung ilaw at ang fan nya okay nmn sana nakakadissapoint lang dpat imakeaure nila na okay ang items lalo sa pagchacharge para nmn nd masayang,1,
1/10 super disappointed ako. dalawa yung order ko 10 pcs. na ballpen at 10 pcs. na spinning pen. maayos naman siyang dumating kaso kulang ng 9 na spinning pen yung nareceive ko.,1,
seller not responding. sayang pera dto. 5 mins lang lowbat na,1,
0/10 disapointed in this item. matagal mag init,1,
wala akong natanggap na lip therapy. kulang ang order ko.. nakakalungkot at disappointed ako.. ito pa man din ang hinihintay ko,1,
"poor sira yung isang payong, kpg binuksan di na nasasarado. di ko alam kung sinadya ba ni seller or di nia lng nacheck",1,
"not cool, ang bad nang pagka package nya.",1,
not worth it ibabalik ko sana kasi napakahina ng hanging pero umiyak anak ko kaya hnd ko na nireturn kita naman sa video pawis ko hnd sya nakakarefresh,1,
"mali po ung dumating hnd po un ung order q,.buti nlng d gnung mhal qng ngkataon syang lng s dinami dmi q ng n order d2 s shoppe i2 lng ang sumablay..",1,
"nakakastress gamitin yung product, lagi siya nagsstop magisa tas hintayin mong gumana uli. already tried at 2 laptops, same experience.",1,
mali ung binigay sakin na case ang inorder cu stictch ang pinadala nasa,1,
"iba ang binigay tried contacting you pero patay malisya kayo, okay naman send nio sa iba bat yung saken anlayo ng mga nasa picture",1,
Yng kalahati maliit na size na at ang iba sira ang tape panget naman tapos mahal pa,1,
wag kau mag order dito !! putik. ! ayusin mo naman seller.!! ibaiba yung kulay na binibigay mo pls lang nextime na may mag order sayo ayusin mo naman.. ! wag naman yung maka benta lang ayaw ko na mag order sa shop na to may sariling desisyon c seller,1,
"baliktad yung lense, i'm very disappointed.",1,
not good well after 2 days hindi na sya nagana nagiinit din pagchina-charge.,1,
deffective stand. bali. dapat icheck muna bago iship. sayang mahal pa nman sf.,1,
"isa lng ung pinadala skin ng seller eventhough inorder ko is 2, unresponsive",1,
nakakadismaya mawala agad ang scent sa vanilla lace.. di pareho sa na order ko sa other seller.. sayang 4 bots pa naman ang na order ko.,1,
hndi dumating yung design na order ko. ang order ko is soccer blue and white bear pero yung binigay is etong orage tsaka white tapos yung color green na frog ibang-ibang sa nakalagay dito sa picture.,1,
"yong binigay ng mother ko na ganito is sobrang bango as in. naubos ko kaya nag purchase ako. pero itong napurchase ko, alcohol lng naamoy ko. sorry pero hindi tlaga maganda yong amoy. alcohol lng. sana mapalitan. yong left bottle na bigay ni mother is ubos na.",1,
"kanina lang dumating. di ko agad naopen, busy ako. mahaba ang video kaso 60mb lang daw pwede iupload. so ayun. not recommended. though mura sya pero sana hindi ganyan na mukhang used na used na at may damage. dont worry seller, di ko na ibabalik. gagastos pa kasi ako ",1,
"pangit dami konlng order tapos di naman pala worth it. ang pangit, ang nipis dali oang mapunit. ang chaka nakaka badtrip!!!!!",1,
"mali ung bngay..parehong 850ml,dpat 2l ung pink..hnd man lng ngsabi c seller,pra sna kht ibang kulay bsta 2l prn..ung pckaging hnd rn gnun kaauw..dpat buong my bubble wrap hnd ung s cap lng..",1,
hindi siya legit did tulad ng nagkikita ko sa mga pic at sa tiktok,1,
maganda appearance problema lang wrong variation yung binigay ni seller imbes na green/violet naging pink blue. next time sana kung ano gusto ng customer sundin niyo. rereturn ko sana kaso naisip namin matatagalan nanaman pag balik kaya hindi nalang. be responsible seller next time.,1,
"walang free na spatula ba yun,ngek wrong color pa dumating buti nalang yung pink bumagay s kulay ko haysss next time po paki sunod yung order thanks",1,
ayaw gumana sa may left side na fan hahays sayang bayad ko. sana po bago niyo e ipadala e check niyo muna.,1,
umasa aq n 2 liters dadating kc un po ang order q kaso disappointed aq kc iba pnadala nyo 1100 ml... sna po tama pndala nyo kc ngbbyad aq ng tama mam/sir...,1,
so disappointed ayaw gumana ng control nya,1,
okay namn po yung pag receive ko maganda yung cover. so im so exited to try it days palang po nandyan na. but im so disappointed kase dipo gumagana yung remote niya. i try to download a led bluetooth but its not work. so useless lang po yung led kaya,1,
"poor! kung gusto niyo ng sakit ng ulo, order kayo. no sense of responsibility! sent a message to inform them right after delivery that the item arrived damaged due to irresponsible packing and the nerve na mag offer ng 10pesos discount. hit and miss tong store na to, so go",1,
"watery, liquid less 1 star kasi there was a slight leak less 1 point kasi hindi siya similar sa orig na cloud which you can see in the photo. after initial spray, may sweetness siya like original cloud pero after 30 seconds, nagiging powdery siya, while orig cloud is sweet",1,
2/10 hindi naman photochromic to. actually may ganito na ako. naiwan ko lang sa bahay. yun isa legit na photochromic. ito normal lang na eyeglass.,1,
kulang ng isang item at hindi nirefund ng seller kaya di nako uulit sainyo at kung my bibili man dito sana di matulad sa na experience ko. ayaw nyo pa talaga mag refund kaya ok 2 stars para sa inyo.,1,
u gave me wrong item. i’m disappointed.,1,
so ayooooon nag try lang hahahhaha kala ko may pa ibang hanash waley ihhh pareparehas talaga ung item na nilalagay nila like dito ko sure sa dalawa kung alin ang sa mystery pounch at mystery box kasi samasama,1,
so disappointed kasi yung fan my dumi tapos ok pq nung una gumagana nung na lobat tapos chnarge q hindi na gumana gagamitin q pa sana sa f2f clases kasi mainit kaso wla na sira na sayang yung pera saka sinong bobo mag lalagay nang lalagyanan nang batery na wlng,1,
"kulang kulang ang item. ang kulang ko ay 2 panty then isang paper tape, isa lang ang na receive ko. tapos si seller di na nag re respond. nag bayad namn ako ng tama pero grabe namn",1,
okay n sana kso color white ang order ko..iba ang dumating.....sna kung ano order un ang ipapadala nio.. slamat,1,
grabe yung alcohol nia matapang narecieve q na cia kaso di q bet nabudol ata aqwalang amoy yung pabango parang alcohol lng,1,
"ayaw po gumana ng sim 1 , nabuksan ko po sya two bar lng ang charge nung chinarge ko po nag hang at bigla na namatay at ayaw na mag charge at d na bumukas , sayang nman khit d na irefund sna mapalitan",1,
i am expecting that i will got 2 set of different mystery parcel since i ordered 2 mystery parcel. i quite disappointed it's ok to have it 1 packaging but i received the same items,1,
"the worst product i've ever bought in shopee so far. i highly regret buying this. such a huge waste of my money. i am very maticulous with the quality of the products i buy kahit na ""cheap"" yung price. it's super thin & the tube doesnt wrap around the body",1,
"not what i expected. manipis. may butas yung color pink na watermelon ang print. i should have ordered to the previous shop na pinag orderan ko dati, out of stock nga lang kaya dito ako napa order. mas mura dun at maganda quality ng payong ",1,
"ano to? black yung inorder ko black pero white yung dumating , nagbabasa po ba kayo kung anong kulay ng sapatos ang ioorder? kung wala pong black ede sana minessage niyo ako na white nalang ang ipapadala umasa kase ako na black ang dadating ",1,
hndi siya na gana at sira ang pag ka diliver sakin at hnfi din siya na ilow sa pinaka pouds sayang lng pera,1,
this is my 9th time purchasing. sana nman po i check nyo ng maayos bago nyo i ship. imbes na 30 days unli. 30 gb po ang naiship ninyo. ayaw pa mag response ni seller. i refund nyo po ako,1,
nothing 2 days using this product sira agad. ayaw umikot. very disappointing. dont buy this product. nag clip fan nalang sana ako. hayst,1,
sira yung sa saksakan ng charger tas maling charger binjgay. itlogg,1,
bilis malowbat tas sobrang tagal icharge hayss,1,
good inorder ko black 2 liters tapos dumating blue & orange sayang naman mga lods buti nalang mura oorder nalang ako sa iba sa lolo ko nalang daw bayaran nalang daw nya ko,1,
never buy in this store !!! mali2 yung order ko tapos kulang pa !!!! item is not good !!! very poor !!!,1,
"i don't think na matibay 'tong umbrella kasi halos twice pa lang nagamit pero nagkabutas na, too bad na-order received ko na. so i don't recommend this item.",1,
antagal pong dumating.. halos 1 week koh sya hinintay.. 1st time koh dito at ayoko nang umulit.. don sa mga unang na orderan koh 2 na pinakamatagal.. as in fast shipping sya.. not recommended ang store sorry.. sana baguhin nyo toh,1,
"hindi naman po ako man loloko. ano po makukiha ko sa panloloko. maam/sir pinagipunan po namin ang pera para sa pag bili tapos yan lang, rejected na agad. consinqman po kayo pwede po tayo mag communicate properly para ma resolve, hindi yung rejected na agad. hahay!",1,
"wrong item dinelete ni seller yung unang feedback na wrong item ang pinadala. 2nd order na, mali pa rin pinadala. this is not 2l obviously and not the motivational tumbler we ordered. being said, it doesn't serve its purpose na motivational. buti na lang mura lang. pero sayang pera pa",1,
but supper gusot hindi naka plastic....next time pls ayosin ninyo.....order kasi yan,1,
"so bad isa pla to sa mga scamers, 454 poh bnayaran koh 2 pcs poh order koh but 1pc lng nkuha koh dmi koh ng msg sa nyo never kau ng reply about sa complain koh...",1,
sira ung charger d gumagana...panu b e blik ung item,1,
kahit nagdagdag na ako sa original size maliit parin im so dissappoited,1,
"laspag na laspag, di maayos yung stand, durog na durog pa yung box. stock pa ata to nung pinanganak si enrile e. recommended kung gusto ng sakit sa ulo",1,
napaka unresponsive ni seller then mali pa yung item na binigay.,1,
iba yung pinadala skin versus sa inorder ko. lalaki anak ko tpos pinadalahan ako ng pink. 3 order ko 1 kng ang tinama.. syang pera..,1,
wag kayo bibili. after 2 days nasira tapos ayaw palitan ng seller ung purifier. kahit nag provide ako ng pic at video. scam,1,
nakaka dissappoint kasi ibang iba ung kulay sa binili ko na bago here sa same number na binili ko noon,1,
"i order 3 pro 2 lng dumating,,ty nlng porket dko na video ng inopen,,charge to experience pro sna dobol check nyo rin parcel nyo send pics or video bago kayo mag ship",1,
not working kaya walang lalabas na amoy unsatisfied customer here... nasayang lang pera ko... salamat na lang kay rider sa pagdeliver... pero sa seller... nevermind...,1,
yellow bee po yung order ko kse partner sna sa custome ng baby ko na bee. kaso iba pinadala. wala man lang pasabi na ppalitan. hays.,1,
parang bond paper sa nipis! akala ko mahaba not true to size. madali lang mabutas not satisfied at all..,1,
parang gamit na at saka putol2x young sound sayang sana next time ayosin nyo naman.,1,
ok naman yung black kaso yung white sira nung pag ka diliver saken,1,
good sana check dn muna maige ni seller un item tulad myan may stain na browm pareho pa..hays!sana makuha pa sa zonrox at kuskos..sayang!,1,
panget na seller kulang kulang ang item mali2 pa binibigay na item not trusted wag na kayo umoorder jan nakakadismaya,1,
"i'm so disappointed kasi i waited for a long time para sa products na to tapos hindi naman pala worth it. i know na this is a dupe lang pero walang wala talaga parang alcohol lang at tubig, i can't even smell the fragrance in it. sayang lang 200 ko.",1,
quality is good sana nagtanong muna kayo kung ok ba na palitan ung color na inorder. hindi yung paladesisyon kayo na basta nyo nalang ipapadala ung maling kulay.,1,
bad it doesn't work i was really sad nagipon ako para dto then sira ung dumating nung una gumana and natakot na ako na d gumana i chat the seller nung hindi na nga gumana 2 hours daw icharge pero alana nasayang 100 ko ilang minutes ko lng nagamit,1,
kulang ang dumating na item. isa lang ang dumating which is supposedly 2.,1,
8/10 grabe. sa unang order okay pa though may parang naputol sa loob then after 2 days hindi na gunagana. sayang pera.,1,
"dapat ang eh deliver yong nasa actual na nasa picture, kaya nga binili eh kasi maganda sa picture, tapos pagdating iba, pati kulay iba, beige ang order, naging black ang dumating. tapos oobligahin niyo customer niyo na ibalik item. nagbayad naman ng tama, tapos lolokohin niyo customer niyo.",1,
kala ko same xa nung mga nkkta ko na ndi nag ffade.. very dissappointed,1,
"did not deliver the remote that comes with the unit. coordinated several time s but ni action done. so frustrating! poor after sales service sa customer, wala tiwala sa customer naghahanap pa ng video while opening?",1,
"kulang ang item na ipinadala. 3 umbrella ung order ko, 2 lang yung nasa parcel. tapos yung seller hirap e contact for refund. di na nagrereply.",1,
poor quality po cra na agad 1week plang saken. not responsive ndn c seller sayang po ang pera.,1,
sira ung right side hnd sya nagchacharge. bulok tagal pa dumating,1,
"agad naman nadeliver, kaya lang ibang kulay ang dineliver compare sa order ko. hindi pare-pareho ang tela, may makapal at may manipis. nakaka dis appoint na mag order ulit. pero pwede ng pagtyagaan.",1,
before kayo bumili nang product na ito mag isip nang mabuti sayang pera dito. not assertive si seller,1,
subrang disappointed ako kasi hindi tama yong dumating sakin...hindi sya two colors wala rin salamin...,1,
"not aligned sa order ko, i received wrong item",1,
wrong item receive. wag na kayong un order dito. sayang pera nyo..,1,
one star lang kase meron na akong scent ng cloud pero hindi siya kaamoy nung binigay nyo….,1,
poor hindi naman ito yung inorder ko. a terrible shop.,1,
very bad supplier... hindi man lang siniparate yung wipes. basang basa lahat ng iba kung inorder... wag kau umorder dito hindi marunong mag pack... not good very bad,1,
5/10 ang tagal magreply ng seller i received the item week ago and i inquired kase black yung dumating but till now wala sila reply,1,
none mystery box tapos pareparehas lang ang laman? lol. wag kayong oorder sa shop na to. tatlo pa inorder ko tapos ganito. kaya nga mystery eh tapos ilalagay parepareho.,1,
not satisfied customer here..may mga sobrang rubber..,1,
sira ang pinadala not satisfied..sira ang isa na pinadala..sana bago ipadala echeck muna kasi sayang lng ang pera na pinagbili ..,1,
may31 super ingay. mas maingay at mas mabigat sa vacuum. malakas ang suction pero may mga hairfall akong namimiss.pag matagal na gamit hindi na gumagana yung suction. yung uv na lang ang functioning. not sure if its by design. sayang pera. mas worth it ang vacuum.,1,
4 ang inorder ko dalawang mystery pouch at dalawang mystery box iisang bag lg dumatung ang laman apat na mousepad wow ang saya ng mystery,1,
"i'm not sure if seller is color blind or what, i ordered pink but i received orange excited pa naman ako mareceive yung item tapos ganto",1,
grabe nagexpect ako ng sobra. pero my god pagbukas ko pa lang nung fan nagamoy siya. then hindi na mapindot ayaw na mapatay. huwag na kayong oorder dito. scam!!!!!!!!! so disappointed!!!!,1,
at first okay naman nung ginamit ko then na lowbatt then chinarge ko 2 to 3hrs then ginamit ko after 10 to 15mins ubos agad battery. eh ang tagal naka charge,1,
maliit ang size nila at npkatagal madeliver but anyways thank u pa rn,1,
"leaking po sya promise, di n ako komontak s cs nila ksi hassle din mgreturn",1,
"maling kulay pa rin yung dumating. very disappointed. nakakainis. napaka walang pake niyo sa customer, noh?",1,
hindi siya worth it 0/10 mahina yung left side tapos palaging nag didisconnect!,1,
naglalag pa sad life. naglalag pa sad life. super gaan parang hindi durable. naglalag pa sad life. naglalag pa sad life. naglalag pa sad life. super gaan parang hindi durable. naglalag pa sad life. naglalag pa sad life. naglalag pa sad life. super gaan parang hindi durable. naglalag pa sad,1,
"ang linaw ng order, may check pa kuno sa waybill. walang sabi sabi, ship out sila kahit mali ang kulay. tas sasabihin return. eh di hassle pa sa customer. wag na kayo umorder dito lalo if may ibang choice sa kulay, baka mali din ipadala nila sa inyo.",1,
wala na man siyang free stick. ano to kakamayin lang?,1,
disappointed..ang panget niya..may damage pa..parang isang suotan mo lang..size 40 order ko pero lampas na lampas paa ko .prang size 7 lang..waste of money .,1,
hindi siya worth it ang baba ng quality ng products sumabog nung chinarge,1,
"hindi complete yung order. they even message me to click the received para mabigyan ako voucher pero kahit naclick ko na they're still giving me any refund or voucher. they are aware of the two missing items, i even sent them a video.",1,
not happy kaloka subrang liit ng items grabie naman expected q maganda ayyy ewan kaloka,1,
parang tubig lang sobrang nakakadismaya di pabango binigay nyo alcohol i dont expect a lot pero yung padalan nyo ako ng alcohol sobrang bad ratings kayo saken,1,
"maling item at kulang yung pinadala. kids ang inorder ko, pang adult ang dumating. irerefund daw nila ng shop voucher, pano kung di na ako umorder sa shop nila? edi useless lang. at may expiry pa ng 30days. useless ang refund. ayaw naman pumayag sa gcash or shopee coin ipasok",1,
"yung pakaging di maganda, hays yupi yung karton ng tripod, ang ganda sa pic pero sa personal na hindi pero all in all oks naman kaya thank you padin kay seller. edit ko lang jusko sira agad yung tripod hays seller wag naman ganyan nagbabayad ng maayos sainyo",1,
ok nakaka badtrip... ibang iba yung dumating sakin .. medium na boxer orderk ko xxl ang dumating.. black nq shirt or order ko.. red na one piece yung dumating.. nanakakainis talaga sayang lang pera sa shop na to...,1,
"ganyan na sya sa loob ng pouch, saklap no? working naman ung item, magamit sana sa ng matiwasay, napaka-ikli ng usb cord. puro gasgas rin ung item. at di ko tlga ineexpect na ganito lang ung item seriously, wala naman sya sa listahan ng mystery list",1,
"supposed to be april 15 po ang pag recieved ng item but dumating xa ng april 18,puro delivery failed wala naman attempt na ideliver at wala dn natawag na rider na idedeliver na. at knowing na iba ibang color amg order ko pero may 2 na magkaparehing kulay!",1,
disapointed nakaka disappoint sobra pano ko to gagamitin seller .hays,1,
maganduh piro blue ang benegay! seller anu i2???!!!!! black ang inorder q hendi blue!!! bkt blue ang benigay nio saken!!!! ginagagu nio customer nio!!!,1,
"2l tumbler yung inorder ko pero 1l yung pinadala, ibang design pa. sana hindi kayo nag a-advertise ng ibang products pag hindi yun yung binebenta nyo. panloloko ito eh",1,
"ito i-nurder ko its black, kaso init na init ako kasi walang pang pen. if ganito ung quality d nalang sana aq nag order sayang lng sa pera, pangit pa . kaya 1 star lang. sa sunod tignan nyo mona ung parcel.",1,
not good di ko na sinoli kasi sabi ng anak ko akin na lang pag laruan na lang niya. sayang pera ko sa item na masmalakas pa buga ng hangin ng bibig ko. maingay pa sabi less noise. may video ako kaso more than 3second di ko na na send,1,
sayang pera sa adaptor. sumabog yung adaptor. ilang beses na akong bumibili sa shopee ng charger at gumagana lahat nang maayos kaya di na talaga ako nagvi-vid. di nyo naman ako ininform na may lahi pala tong fireworks. pinahamak nyo pa ako.,1,
quality is not good. im using it for 3 to 4 weeks already. the amount of dust accumulated is minimal,1,
pink and green color ng order ko hindi white & blue. basta may mapadala lang kayo.,1,
pki blik ung pera ko kunin nyo tong items nyo bkit kulay itim ang dumating green order ko,1,
000% sayang ang pera sayang pera ko di man nagamit umiilaw lang di bumubuga walang lumalabas ganun na lang for display,1,
"not satisfied! ang reason bakit ako napabili kasi maraming hair lagi sa bed namin, hindi sya nakakahigop ng buhok kelangan pa nang matagal na effort. sayang pera",1,
ibang item po yung binigay and i ask for refund but they only returned 30 pesos like wtf?160+ dapat yon grabe naman po nagbabayad naman ako ng tama!!!!,1,
eto yung mystery box at mystery pouch nila. 2 in 1 na. hahaha. babala wag bibili.,1,
walang kwinta ang liit ng size himdi manlang ng rereply yung seller,1,
tignan niyo ang pinadal. nakalagay 14pcs at ang ganda ng mga clip. pangregalo ko sana kaso yung pinadala bukod sa 7 pcs lang ang layo sa nakapost at benebenta. i need refund. nagbayad po ako ng sakto ibalik niyo yung pera ko. pinaghihirapan namin yung pinangbibili namin. maging maayos po,1,
"well cheap price comes with a cheap quality. you can really feel na ang cheap ng dating nya. tho, i love it kasi malambot sya sa paa. problema lng ang inorder ko 38-39 na size. pero ang dumating png size 6.5? or ganto talaga size nya? ",1,
after 4days sira agad haha,1,
"i bought 2 of these mystery box but the seller sent same item, same design and same color. sana man lang sir iniba mo ung isa",1,
may damage pa.small size 38/39 parang size 5 lng po.kya order p ko isa.try k 39/40.,1,
damage items! kahit ang seller is not responsive! kaka dismaya,1,
"ang baho, amoy payay na uod or something.",1,
maliit po siya parang medium lang po…di siya 3 xl o 4xl..,1,
"maganda naman, wrong color lang , order ko blue/orange, ...dumating pink/blue, ..ayaw tuloy gamitin ng kapatid kong lalaki at may color pink , ...next time wag na sana maulit, di baleng matagalan basta tama ang idedeliver nyo ..wag nyo madaliin kung hnd naman tugma sa order ...tnx ..",1,
mali po ung product na binigay nyo wla po ako inorder na earphones ang i order a white brallete tas d pa nakalagay sa plastic ung mga bra literal na parang nilagay directly ung product sa plastic ng jnt then wla ng platic na isa pa na pag lalagyan nung,1,
may damage may damage na factory defect tapos ayaw palitan ng seller . di na nag derapino ng seller tapos nung nireport ko sa shopee kinacancel ni shopee yung rewlquest ko ng return at refund. sana sa ibang seller na lang ako bumili. sobrang nakakainis iting shop na ito.,1,
i ordered 2 of this and itong isa damaged bakit namn ship nyo ng may defect ung isa gumagana tong isa umiinit lang! sana bago nyo ship check nyo muna mabuti ksi ung box nya ok hindi sa shipment ang problem,1,
"lagi ako bumibili sa mystery pouch. nagpapromo si seller, sinunod ko instructions, purchased 5 mystery pouches at 58 pesos each pouch. 5 din na magkakaparehas na item. yung mahaba na mouse pad. aanhin ko ang product na ito?",1,
"hmp, napaka tigas ng pindutan ng green umbrella. need pa ipush bago mabuksan which is hassle, all goods naman yung black pero panget ng green!!",1,
"nakakadisappoint lang kasi parang secondhand lang yung item. di man lang na-pack ng maayos at may bend na rin sa isang paa ng tripod. sana lang magtagal kasi sayang pera. first time ko pa lang ma disappoint sa dinami-dami ko na inorder sa shopee, eto yung medyo di maganda. anyways,",1,
product lier 2l discription pro ang dumating sa ay 1l lng ata o mas mababa pa sana sa susunod mag deliver kayo ng tama ni refund ko pro ako pla mag babalik sa kung saan malapit na jnt sa amin eh di woww haist sobrang nakaka disappoint!!! godbless na lng,1,
hindi sya balm. lipstick texture sya medyo nang hinayang ako. pero what would i expect mumurahin lang.. malayo ung ibang review sa totoong effectiveness nya,1,
mali ang size na dumating . nakaka dismaya . sana sa susunod check nio ng maayos ang order thank you pa rin kau kuya rider,1,
i opened it and its very disappointing. sira ang item. hindi rin nag send ng pic si sellef before mag ship. pano ba ito? gift pa naman sana to,1,
pinag iponan pa ng anak ko to. d naman gumagana sa sa lang circle nya which is yun dapat ang malakas hayyyst. pwede i return na lang. or palitan nio kawawa anak ko sa kakaipon nagtiis pa grade4 ko anak na d na daw magrecess mabili lang to. haaaist,1,
damage item. nilagyan nyo sana ng cartoon sa pagbalot para may support ung package incase mapatungan ung item especially kapag nasa whse na yan. disappointed!,1,
white order ko binigay pink amp pang lalaki ba pink,1,
1/10 wrong item delivered. gray/black ang order ko. seller ayusin nyo naman service nyo. kulang pa yung item na nareceived ko.,1,
not good hindi po sya nag chacharge,1,
ok n sna kya lng kulang ng isang item binyaran ko ng maaus ndi nmn lng ng double check ng item bgo ipadala wag nmn kau ganyn d nmin pinupulot yung png bbayad nmin senio ...nkkadismaya lng kau,1,
grabe si seller bsta2 nalang nilagay s pouch may naka lagay dw na fragile pro di nmn secure ang item...tas di na nka sealed ang isa tas may marka na makikita nmn s pic...ano to ginamit muna bago nilagay s pouch....kudos s shop na ito...kasi tinisting muna nila bago nila,1,
"di ko bet badtrip talaga sobra basag yung bottle pagkadating sakin, never again dito sa shopee",1,
di worth it tignan nyo lng ibang bumili at blurred pa kung mouse pad ibibigay,1,
"mali yung design, kahit yung 2 mystery box na mousepad d yung design na pinili ko. d man lang iba iba yung design anu ba yun... random??? wag na kayo bumili dito sa shop na ito",1,
sayang sa money sira naman yong neck fan na dumating..and ayaw gumana din magcharge..nakakasad kala ko magagamit ko sya for my immersion...sayang pang allowance pa sana sa school yong pinang order ko..but thanks sa lesson,1,
trinay ko yung underarm hair removal nakakasugat,1,
di gumagana ang data bluetooth at wifi,1,
wrong item. black order ko pero white ang binigay sa akin..,1,
sorry ha pero same lang ang scent nung lahat na receive kong perfume it's not even oil-based. normally mataas ako mag review sa shops dito sa shopee pero not this time nakaka disappoint.,1,
"maling color na recieve ko, 2l ang order ko pero ang dumating lang is 1l. and my order is black transparent. bakit ganon seller. na disappoint ako.",1,
sa susunod wag niyo ilagay na adidas ang brand kahit hnd naman ok para lang makabenta sabihin nio no brand para aware ang buyer,1,
"since ng place ako ng order di ng rereply ang seller, mali ang pinadala so wala akong choice kasi nga di naman sila responsive. madami sila na budol kaya siguro wala na sila pake sa complaints. so god bless nalang po. may balik po sa inyo yan.",1,
defective po ung green namatay po bak pede ipa refund..naka charge nman pero bakit namatay??,1,
"kulang yung dumating na order pero tama yung binayad namin we've been contacted the seller about this matter but sad to say no action nag report na din sa help center wala din, sana next time kung paki check naman po para hindi po ito mangyari ulit salamat.",1,
"it's not 10 meters, 6 meters lang sya, they don't respond to queries. wala sya individual wrap kaya halatang nabuksan at bawas na.",1,
"basta basta lang binalot ng minsanan kung alam mo seller lang seller at sa mga seller sa product nyo makikita kung gano kayo ka responsible, seller dito iresponsable basta makabenta",1,
"im not satisfied, iba naman yung dumating sakin at iba yung fakenails kesa sa picture",1,
wrong item bwesit ka seller ka sabi ko black en white iba pinadala nagagalit tuloy sakin sa tatay ko makabenta lng kayo putang ina nyo,1,
natatanggal agad.. not like other gel polish natatanggal agad.. not like other gel polish,1,
"awstu, why naman walang lock? walang kawitan yung bra. i'm disappointed",1,
"not good 2 stars lang since sobrang bilis malowbat nung fan and napakaingay nung hangin huhu tipong nakacharge siya magdamag then ilang minutes mo lang siya magagamit, mura sana kaso epic huhu di ko rin siya magagamit for school kakaopen ko lang patay agad ang fan plus sovrang ingayyyyy",1,
"1 out of 10 is zero paxensya na po pero lahat ng items siguro sa buong mundo na sira ung item niyo ang pinaka walang kwenta sa lahat ng mga sira items, mas mabuti pa magsara na kayo para di kayo nakaka agrabiyado ng tao, umiilaw pero di gumagana, scamm",1,
damage sira po ang item umiilaw pero hindi sya nag spray at sira din ang usb,1,
wala akong malagay sa review dahil di ko nagustuhan. panget ng quality. it ia not what you see what you get... sabagay sakto lang sa presyo ang quality,1,
"literally, you get what you paid for, well mura siya so expect it na manipis. seller is not responsive, never nagrespond sa mga queries ko,i was noted to not be in the location 2x pero was never contacted by the rider kaya it took a while to come kahit stated",1,
not good dissapointed ako kase parang gamit na siya and may kunting sira ganun..and akala ko kasama n bat. hindi pa pala,1,
"walang kwenta ni isa wlaang gumagana. kung dika marinig ng kausap mo ikaw di marinig, or else ngongo. sana kahit mura ang paninda un useful nmn.. napaka irresponsible ng seller na ito! nakakawalang gana. sana makita ng shopee to para ma call atenstion nila sa mga ganitong scam na seller",1,
d gumagana ... ung usok. not working ....,1,
nasayang lang po pera ko..maling size ang pinadala ni seller.. hindi magkapares yung sandals.. size 37 order ko pero nung dumating size 36 yung kapares.. paano pa magagamit kung hindi parehas yung size ng sandals.. nagchat ako ky seller pero walang respond.. sana naman ayusin nio yung item dapat siguraduhin,1,
see through/manipis akala ko makapal sya but as you can see ang nipis dahil siguro color white.,1,
hala xa...order ko po black bakit po iba kulay.,1,
"not what my kids expected. hindi sya yung nasa pictures, i don't know if na ubusan na si seller kaya iba na lang sinend samin. hindi ko nakita sa pictures yung na received namin. event hough tumbler parin sya syempre kids are expecting what they saw in pictures.",1,
puro mousepad panget pa yung dalawa demonslayer lang maganda,1,
baliktad yung glasses factory defect ata,1,
bakit ganon pangalawa ko ng order to pero di ako ma satisfied ang liit ng cup nya kahit size 36 na yaw ko na pangalawang beses di ko na namn magagamit,1,
hnd dumating yung order ko. pero naka order resive.. sya.. panget ng rider na flash express,1,
not satisfied! ang liliit lang pala !,1,
be responsible sa pagsesecure ng item pasalamat kayo at working ang item pero napaka walang pagiingat ang pagrerepack sira ang karton.i am responsible buyer so better be responsible seller…,1,
"not good sira yung isa hays, maganda sana kaso yan nga yung isa natanggal yung color black sa likod sayang money.",1,
ang pangit ng item ang bilis malobat wala pang 1 hr lobat na full charge naman disappointed ako sa item na ito apat pa naman na order ko grrrr......,1,
low quality ordered 7 of these but unfortunately hnd pa nakakabit napunit na agad dahil manipis. well its expected cuz of the price. invest nlng sa mas mahal pero good quality.,1,
"3/10 sira agad yung power button. hindi gumagana yung left side ng fan, wala halos hangin yung fan right side . hindi gaano kalakas",1,
akala ko may free na akong pang base coat yun pla kulang ng isang item. sana naman matutu kayong mag complete ng item. maayos akong nag order sa inyo. kaka dismaya mag order sa inyo. walang kwenta! same kayo ng ugali ng nag deliver hindi marunong sumunod,1,
nag ooverheat and need to rest for a few hrs. mas matagal pa resting period kaysa sa usage.,1,
"contrary to others, yung amoy nya to me hindi naglalast. mas naglalast pa sa damit ko yung mga fake na bili ko na perfume sa china. maybe yung napunta lang sakin na perfume pero overall mabilis shipping changing my rating to one. akala ko akin lang yung walang amoy marami",1,
defective item! walang lagayan ng battery sa likod. magagamit mo lang pag nakasaksak sa powerbank or nakacharge. will definitely not order again.,1,
ang layo nang amoy nya ibang iba will not order again,1,
may defect po yung ibang product niyo po,1,
akala ko for children e ang laki naman para sa bata siguro dapat nilagyan nyo ng size per age pero andito na so hindi kona isosoli kasi mura naman,1,
okey na sana eh kaso kulang yong dineliver na inorder ko..sana naman chineck bago ideliver kahit mura pa yong inorder or mahal kasi paano mgtitiwala mga customer kung ganyan..this is not about the price this is about the trust,1,
color black order ko pero dalawang blue dumating,1,
"mali mali pinadala bear ang dumating kahit brown cat order ko, refund ko sana kaso abala lang. never again to this shop",1,
"para sakin d maganda packaging, walang doble, kaya siguro d gumagana ung isang buds .. i tried to get a refund, dahil bayad na sya bago pa i deliver samin, dami ko sinubmit na evidence/ picture para mkita nla.. pero wala palang kwenta!! ingat kau sa pg bili",1,
kailan po naging blue ang black? sana nagmessage muna kayo na di na available ang choice ni buyer bago kayo nagdecide na palitan yung item. disappointing talaga since pangregalo ko sana to. hay naku!,1,
bad mabili malowbat. nagempty bat kahit di ginagamit. sad,1,
ang ganda ng featured at offer sa post nyo gomo sim unli data 30 days w/ free 20 gb gomo sim no expiry sa price na 279 dalawa ang inorder k unli data 30 days pro yung dating 20gb na gomo sim saklap scammer kayo karmahin din kayo huwag kayo,1,
received wrong item.. nakakasad lng kasi 1st time ko umorder sa shop nila tapos ganito first time lng nangyari sa akin mali nadeliver sa akin na size ng order ko. di nmn mairefund kasi ayaw maprocess..,1,
bad wrong color was sent. umbrella not working. cant return product dahil nasira ko na kakatry buksan. faulty umbrella. order somewhere else.,1,
"x wrong colors, wrong sizes ibang iba sa inorder ko. diba nakikit ni seller orders? di bale sana kung iba nalang kulay basta 2l pinadala magagamit kopa. basta basta nalang magpapadala ng mali. disappointed naman sobra unang beses ako na scam sa shoppee grabe.",1,
"0/0 nakaka disappoint subra!!!!! nagbayad ako ng tama tapos ang na received kulang is yong cord!!!!! 1 month na akong naghihintay, wala naman proper response si seller regarding sa concern ko.",1,
wala hindi samsung mga ateng! sinungaling! regular na android tablet lang jusko. wag nyo na bilin. scam lang. ginogoyo lang kayo ng mga to.,1,
"not the color i order po =( gray black po order ko hnd po yan.... huhuhu sana hnd nyu nalang po muna deniliver kung out of stock, hindi nmn po ako nagmamadali..... hindi ko sya magagamit kasi hindi ko po gustu yung kulay nya, sayang lang huhu",1,
"fast lowbat only 2hrs of use, mabilis ma drain yung battery un pods. un case matagal naman ma lowbat. pero maganda sound and appearance. mabilis din naman mag charge. kaso ano ngang point kung maya’t maya ka mag charge ng pods",1,
#disappointed!!!!!! almost 3 months bago dumating yung inorder ko. tagal nila iship-out ang item. di din nagrereply sa message ko sakanila kung bkt di pa nila shiniship out. maiintindihan ko naman basta mag message lang ng dahilan bkt natagalan. buti kinuha ko pa yung item. i am very disappointed!!!,1,
maganda sana kya lng wrong color ung dumating. super disappointed,1,
"not working! hnd na dapat pinapayagan mag benta tong seller na to, basura! palpak! sayang lng pera!",1,
"wrong item! walang hiya yang si seller! napakatagal na ngang dumating, wrong item pa! hindi pa man din cod, bwisit talaga! hindi man lang siniseen messages ko. scammer! kakarmahin kau you'll see, sa panloloko nyo ng kapwa!",1,
"magkaiba ang item s pic sa item na narecieve ko.. hindi nasunod ang kulay na napili ko.. ayusin nyo seller ang serbisyo nyo para dumami ang suki nyo.. hindi porket mura lng ang presyo nyo, eh iibahin nyo n ang order nmin.. pano kmi uulit ng pag order s inyo",1,
"di gumagana ang light at fan nya,,",1,
ayaw ko na mag order nto dto na shop!,1,
hindi pantay ung hangin na nilalabas. sobrang hina nung nasa right compared sa left.,1,
maliit yung sex 1star lang deserve mo yan seller,1,
bulok wag kayong oorder neto scam ko sayang ang pera di porket sa online sila nag bebenta malakas na loob ninyo na mang loko ng tao,1,
nvm maganda sana ang product 2 pcs ang inorder ko isa lang may straw nagmessage ako kay seller regarding this issue pero hindi nagrereply saka ung sticker natatanggal pa d madikit ung adhesive na kasama,1,
kaya nag order ako ulit dto sa shop nato kac na gustohan ko nong una.ngayon na disappoin ako kc kulang ng isa yong yong item.hi nko sayang pera dto una lang pala maganda yong seller dto,1,
1 nakalagay sa description 10m pero nung ginamit n nmin 6 to 7m lng ung products.. then the seller is very unresponsive.... 0 star kung tutuusin. sayang pera ko para sa 11 rolls.,1,
hindi naman po sya fast charger napaka sinungaling nyo po sayang lang po ung pera ko po,1,
di ko to nareceivee tatlong items inorder q kulang ng isaaa dalawaaa lng narecieve ko!!,1,
ayan ohh kita nman sunog sya sa tabi ng pindutan pagdating lobat chinarge ko pagka charge ko jusko biglang nlang umamoy buti hndi sumabog grabe ang gusto pa dalin kupa ng jnt hndi namn sana ako nangloloko ayan ohh binuksan ko para makita mo seller,1,
ok triple check po sana mga inoorder sa inyo. kahit maliit na difference lang ng price yan. same size ang binigay nyo sakin. ok na sa ibang color. sana hindi na maulit yung ganito sa ibang buyer. regalo ko sana to. hay naku seller. sunod na order ko iayos nyo,1,
"2l purple/blue ang inorder ko, pero dumating 850ml pink /blue! sna check niyo maigi kong ano order bago kayo magpack . nakaka - disappoint!",1,
"mahinang klase two minutes ko lang nasuot, nagpunta lang ako ng tindahan napigtas na",1,
"di na agad gumana ang hirap kausap ni seller poor service, i really need this pero napaka hirap kausapin hahahahah",1,
disapoint akala ko colored my camera di pala black and white tapos walang camera tapos ung box nka lagay ang mga details like may camera tapos colore di tugma sa item.walang kwenta.dapat kung ano ang pinost nyo yan din ang ang pinadala.prang repair na binago lang.,1,
nag m-melt po yung design nya pag na ka bukas yung ilaw nag iinit po mgnda itsura pero pag gnmit na hndi magnda s bata,1,
"defective yung isang fan, not flexible",1,
"jusko. hindi man lang nag inet sa tenga ko, sira agad! not worth it!",1,
"black order ko pero dumating orange, tas 2l pero yung dumating 1000ml",1,
i received the lip balm and maaga ko naman sya na received. but it looks like it has been used. a bit disappointed and dissatisfied. it smells terrible.,1,
very disappointed ako. may kulang na sticker at puro maling color ang ibinigay .sa iba nalang kayo oorder. hindi na ako oorder dito. hays,1,
defective i suggest na wag nyu na isipin pang bumili sa shop na to. defective naman binebenta nila masasayang lang pera nyo.,1,
maganda sana maganda sana bumili dito kaso ung unavailable na order ko na sandals ei hindi pa nai babalik sakin.. ang tagal ko hinihintay!!!! napaka unresponsive ni seller... wag nmn kayo ganyan. kung unavailable na ung mga product nyo make sure na ilalagay nyo dun kasi grabe abala samin!!! pakibalik,1,
manipis na masyado and not foamy at all. parang wallpaper nalang talaga.,1,
wrong color 2nd order ko na to sa seller na to. but dis time super nakakadismaya...kulang ang item na pinadala..dahil nga 2nd order ko na dito di ko na vinidiohan wyl opening the package kasi ung 1st order ko complete naman..but this time kulang ng 3 wipes at garbage bag.mali,1,
"5/5 850ml blue/orang ang order ko... wrong item ang dumating na parcel, 1000ml pink/blue...dahil need na ng anak ko sa school dko na na return item at mabusisi pa..pki ayos sayang ang payment namin na nag purchase...",1,
not good ok sana sya kaso my damage ung dalawang baunan..baka pwedeng papalitan ung dalawa kasi apat sila gagamit...ung isa basag ung sa takip nya ..at ung isa basag ung ilalim.seller pwede palitan kopo kht anung kulay.,1,
"wrong item received rong item pinadala nakalagay 2liters tpos 1 liter lang pinadala ng seller sobrang dissapointed tpos ayaw p mg reply ng seller ayaw dn mgpakunswelo , wag n kyo umorder dto",1,
disappointed ako kase white yung inorder ko then black yung dumating. then akala ko katulad siya ng ibang sapatos na malambot yung pinaka katawan but it turns out na para lang siyang net. 39 size ko at sakto lang siya. sana di sumakit paa ko pag sinuot nang matagal.,1,
"10/10 nakakawalang gana,sira na yong black nung pag bukas namin sa balot ,tapos yong rose gold gumana sana kaso hindi naman nakakatanggal ng buhok sa kili",1,
sana man lang inayus nyo ang delivery package nyo yupi yupi po yong item. sayang yong bayad .,1,
damaged bket nmn ganito pnadala nyo???? di nyo ba chinecheck bgo nyo iship mbilis nga dumating pro ganyan nmn,1,
nakakainis hindi gumagana earphone kakaorder kolang,1,
halatang madaling masira pero syempre what do you expect sa mumurahin pero hindi ko lang inexpect na ganito kapoor quality like masusuot mo pa ba toh pero fast shipping,1,
"bad maling color ng tumbler ang dineliver,, color green dapat ung malaki pero pink ang dumating,, ung maliit na tumbler ok nmn kaso kulang ng straw ,, grabe naman po kau d nyo chinechck items bago nyo bgy sa rider,,, pangit omorder sa inyo,, nakakapag sisi...",1,
na ahh not so good yung ganap ng phone *i ordered gray color ng dumating red *battery hindi ganon natagal *signal super bad niniisip ko block signal sa bahay pero hindi naman. goods naman sa ibang phone ko. palaging naka searching mode need ilipat almost a minutes bago magkaroon,1,
ang pangit ng item..im very disappointed hindi sya gumagana..maganda lng sya sa pic pero hindi mn lng mg on,1,
ang dami ko order 6pcs bench brief boxer parehas kulay doble. boxer short bench body. tsaka hm pero bench body pa rin pinadala. pare parehas kulay anu kaya yun 1 star sa seller. badtrip ka haha,1,
bukod ang tagal dumating e iba iba p ung foam may mkapal at may manipis.. tas kapag sinuot mu ung mga foam nadedeformhaist ang ganda sana ng design.syng ang pera d worth it. sorry.,1,
not good akala ko 2l bakit 1l lang dumating? tsaka green ang order ko bakit blue ang dumating? paki ayus naman po sa susunod. na disapoint ang pamangkin ko,1,
"super tagal dumating, at hindi maayos ang packaging.. kaya yong first layer nasira ang laman.. nakakadisappoint.. hoping nextime, maayos na ang packaging, lalo na malayo pa ang pinanggalingan.",1,
"manipis at sira sira ang diaper not recommended base on my experience, believe me",1,
low quality nakakadisappoint sayang pera. pag number 1 wala mn lng maxadong hangin. bumili nlng kau pamaypay or di kaya karton mas may hangin pa.,1,
"very disappointed with the item order, some of the adhesive wallpaper are old hindi na siya dumi dikit , natatanggal na ang papel niya sa likod at iba iba pa yung size hindi mag kapareho pinag ipunan kopa naman ito. but sayang lang yung pera binayad ko. not recommended seller.",1,
poor quality defective. sayang ang pera. hindi na gumagana. hindi nagamit.. na scam ako dito,1,
cheap plastic material bilis masira,1,
very poor. 1 week pa lang di na sya agad marunong lumiko then humina na din agad pag andar nya,1,
damaged yung device. nakakatamad na lang gawin yung process nung return kaya wala na hayaan na lang. minalas lang 1st time makatanggap ng device na defective buti eto lang.,1,
di po umiilaw ng buo..sayang ang paghihintay...very dissappointing..,1,
nakaka dis appointed kasi di cya ang size na inorder qu.. 39 naging 36.,1,
"bad ung left side lang ang gumagana,tas umiinit ung right side n walang hangin na lumalabas",1,
ok nmn po naidlvr walang damage kaya lng po order ko 1 pcs 2l at 1 850ml bakit po pareho ang dumating nakakainis lng po tama nmn binayad ko..,1,
"next time svhin nio ung totoo, nkalagay sa adds nio cotton wala nmn katotohana mkapagbenta lang kau khit hindi totoo. wag niong gawing tanga ung mga buyer nio!",1,
lintek after ilang linggo lang biglang hindi na gumana yung row ng letters zxcvbnm at few numbers. this is fvcking awful.,1,
"from 5 stars to 1, i cameback for feedback. waste of time kung mag ask ng replacement. twice plng ngamit di na gumana ung fan di sya lowbatt kc lakas pa ng ilaw, tska amoy sunog na agad. inopen ko, lobo ung batt! sana po my quality check po kau",1,
sa napaka raming mora na aerpod ito yung worth php290 na jbl tapos basag . i hate this item promise. kaya di ko ginagamit dahil delay din yung bluetooth transfer ng audio. wt*.,1,
"not responsive seller,deffective items. wag na kayo bumili dito.sayang pera",1,
yupi yupi yung box madali lang din ma lowbut tas mahina lang yung buga ng hangin. not satisfied,1,
check nio item niyo bago nio iship sira pareho ni ayaw ma open! sayang lang pera ko abala rin kung ibabalik pa to!,1,
"i'm very dissatisfied about the quality of the product.hndi exactly ung makkita nyo sa picture nila, kita nyo nmn jan sa picture and video na may mga puti puti sa ibang parte na parang dumi and flat ung bottom surface unlike sa pic nila na razor ung bottom surface also",1,
i want to request a return. nagpadala si seller ng magkaibang brand ng item. until now d nasagot sa concern ko. the green is okay ung quality maganda sya vaneless. the white one is right side ng fan d nagana. i want to return this white. please seller sumagot ka,1,
5sets yung order ko tapos 5pcs na hairclip na sira sira ang dumating. sobrang daming chat ko na kay seller pero ilang days bago mag reply. binyaran ko ng 33 pero 298 lang ang refund sa shopee pay. next time i double check niyo mga items nyo!ang tagal na nganga,1,
bat di po nagcharge??? sayang pera kaumay naman di nagcharge kakainis sayang pera,1,
same item. baited ako doon sana man lang magkaiba laman pouch and box ang ad same product din pala papadala nyo fool me once shame on you,1,
sira yung item sa mystery pouch at mystery box. nakaka dismaya,1,
"very poor ang service kulang ung pinadalang item wala man lng message n kulang ipapadala kahit message mo si seller hindi na reply, wag na po kayong mag purchase s store na ito very irresponsible s kanyang customer",1,
"disappointed aq kasi purple/blue n hindi transparent ang orde q,,, pero ang pinadeliver ni seller purple na transparent",1,
"ok sobrang na disappoint ako, looking forward ako mareceive to then pgdating wrong product binigay nila. facestick in cocoa ang inorder ko tapos concealer na cocoa shade dumating, di ko naman magamit kasi di compatible shade sakin. gusto ko sana ireturn pero paalis na ko, hassle na. nakaka sad kasi",1,
"my order has been tagged as delivered yesterday even i did not receive any item! today lng naideliver, napaka-unclear ng explanation ng rider when i asked bakit ganun ang nangyari! when in fact its their negligence obviously! flash express super poor service. ",1,
sira ung eye shadow nung dumating,1,
mali naman binigay mo seller nakakadismaya .... di tuloy ako happy nakakapanghinayang pa... hayssss kainis naman seller ... nako walang mag oorder sayo pag ganyan,1,
terribly poor to the poorest ni hindi man lang magcomply ng maayos.puro automatic mes. ang sinesend. hindi nman ganun kamahalan pero pera parin un na nasayang.malamang marami ng nascam ang seller na to kaya hindi na xah nagrereply ng maayos.,1,
maganda sana kaso maling size pinadala. pinag tiyagaan ko nalang kasi need ko na gamitin!!!!! ang hassle if ibabalik pa!!!!,1,
disappointed... maraming kulang na items mahal pa yung shipping fee oki sana kung pati fee sa shipping ni refund,1,
"kulang kulang amp tapos same color pa, binili ko pink brown and black binigay sakin black lang ??",1,
"3xl order ko 2xl ang dumating, tumal",1,
nakakainis! napagalitan pa ako ni mama kase nag sayang ako nang pera i chacharge ko palang sira na agad. ano yun? gagamitin ko pa naman sa pag nag sschool ako.nakakainis di man lang nag isang araw sana ma refund to kasi sayang pera ko sana i check nyo muna item,1,
minsan mo lang magagamit. sa second time na gagamitin mo di na makahigop ng dumi hihi,1,
"tnx sa nagdeliver napa aga ang dating. pero yong ibinigay na order ko ay may isang mali na size,ang order ko ay 2pcs size 36 3pcs size 37 2pcs size 38 ang ibinigay sa isang 38 ay 37 dapat double check niyo nakaka dismaya",1,
no good. late rate. maganda ang feature sana. kaso nagkukusang mag stop ang sa right headset! gosh. walang matino gadget sa shopee maorder.. pag 2nd order ko na same problem nagkukusa mag off. power,1,
hindi nakakatanggal ng unwanted hair. so sad,1,
ambilis masira nung payong kakabili ko lang a month ago and thrice ko palang ata nagagamit sira na agad siya,1,
sira sayang ang pera dito. ichat mo ang seller paulit ulit sinasabi e hard reset. e wala ngang pagbabago ganun padin stock logo at ndi na maopen. mas maganda kung original tablet na mismo bilhin kesa ung ganto na may factory defect na back job wala ng magagawa lalo at,1,
dark blue un order ko l size grey ang dumating n ang liit m size,1,
"terrible. i have to charge the fan for a long time pero saglit ko lang nagagamit. also, wala pang 1week sira na agad wrong color and wrong brand. this looks nothing like in the picture. mukang laruan ng bata. terrible quality din. ",1,
"hindi ko po mairerecommend, hindi po gumagana ung mic, dalawa pa mandin ung binili ko.",1,
wag kayong bibili dto please lang kung ayw nyo masayang pera nyo. madaming hidden issue. sana nag inform sa description na pang wifi lng. di sulit. wag kayo bibili please please please pleeeeeeeeaaaaasssee.,1,
"hoi 15 items lahat order ko, 14 lang yung dumating!!!!! di kompleto ",1,
ok yong umbrella gusto ng wife ko but very much disappointed sa tagal bago dumating so far ito yong pinakamatagal ma send na binili ko sa shopee,1,
"incomplete item , hindi marunong magreply at magbasa ng message si seller. need refund pero deadma lang sya. hays tgal ko pa inintay. tsk",1,
sayang ang pera sa order d2 sa seller sira nagvivibrate ang air purifier nya malakas nakakatakot gamitin baka magkasunog pa delikado,1,
"wag na kayo bumili scam to wala nga akong proyiba kasi di ako maka pag upload pero please dapat aware kayo sa mga ganito, gagawa ng peke para ebenta sa online shop. at sguradohin nyo na lagi kayong tumitingin sa mga reviews. sayang lng ung pera ko. di ako maka",1,
eto ang di ok. kasi unang gamot ko bali agad. at msyadong maliit pala tlga. akala ko tuloy naoutol pa pilik. ata ko. i think wag nlng po mag benta ng ganito. nkakapanghinayang lang haha,1,
"walang kwenta ang daling malowbat tapos ang hina pa ng volume,the product is low quality",1,
"hindi siya gaya nung nasa picture mali yung dumating, hindi gaya nung sa picture. 1liter lang ang dumating, 2l ang order ko",1,
so disappointed nko guys wag na kayo ulit oorder sa shop natoh nakkaainis,1,
maganda ang itsura nya kaso nadismaya ako mas malakas pa ang vibrate nya kesa sa hangin kahit na ka full charge na ganun padin ang hina ng buga ng hangin,1,
"nakaka disappoint. basag na agad yung ring light, yupi na yung tripod stand, di na magamit, bagal pa magresponse. very disapointed talaga",1,
"rose gold rose gold daw pero hindi rose gold color, i choose photochromic pero hindi siya photochromic. little bit disappointed.",1,
low quality luma pa sa luma ang laman ng item ! imagine galing pang overseas pero ganun lang,1,
"bad sobrang naka dismaya,kasi sira yung na recieve ko,di talaga mapakinabangan,sayang ang pera,sa mga balak na bumili huwag na kayo mag sayang ng pera kasi pa swerte swerte lang mamigay ang seller,at di na yan maisauli,but thanks pa din kay rider.so bad talaga ang seller at ang items.",1,
wrong color..2 green ko isang orang isang green pinadala.,1,
poor di gumagana yung mouth piece.,1,
kahit mali size makabenta lng hay nako.d nq oorder dto,1,
not worth 799 kaya ako nag order dito kasi sabi nila worth 799 and up ang makukuha na price tapos cord lang pala matatanggap ko. wag na po kayo mag order sa shop na to budol to not worth 799 ang product like sa sinabi nila.,1,
mali yung color! white ang naka lagay black ang na receive ko.,1,
wrong color po ang dumating. i ordered pink/light blue. violet/blue po ang dumating.,1,
"i received it earlier pero now dina gumagana, nung nalobat na kahit icharge dina gumagana yung fan even yung light. sayang pera ko whajwhjahhaja. if i were u huwag na kayo umorder.",1,
dont buy sobrang lambot po nung table bumigay po yunf unang lagay ko ng laptop ko,1,
bad jusko 2 ang inorder ko pag dating sira ang mic both tapos sira di ang volume ng mic dont buy here,1,
maliit panget ng box and sobrang hina,1,
bulok sira sya di ngana wag n kayo bumili abala pag irerefund and return ko buset,1,
mali din po ang item na pina ship nyo sana po nextime ipaalam nyo po sa buyer,1,
replica ganda na sana ng phone kahit imitation lang kaso di lang niya kaya i copy o ma i display man lang ang mga contacts ko from my tm sim card. tsk tsk,1,
hindi po sya rechargeable. madali masira. di man lang umabot ng 1week periodt!,1,
"basag dumating sakin yung lens, hindi ko alam kung sa pagkahulog ba ng rider sa parcel ko or sa shinip na parcel na talaga yung basag. black order ko pero blue dumating, tamad pa ng rider na nagdeliver kaaxar.pero goods naman tnx pa rin.",1,
"good iba ang binigay na design nakaka disappoint, sana next time mag inform kayo. but any way wala ng next, i don't trust this shop anymore",1,
diba dapat every mystery pouch my lagayan hindi ung nkalagay sa isang lagayan lang ng j&t na plastic pa.. sino ba nagpapack ng item ung shopee mall o ang j&t?? paano maging interesting ung item nyo kung ganyan ang mystery pouch nyo walang sariling pambalot,1,
walang kwenta!!hindi gumagana!! bumili pa ko ng bagong battery eveready and energizer na battery pa wala tlga!! sayang lng pinambili ng battery! mas mahal pa battery kesa dito s item na to ano nga nmn mapapala ko?! nainis lng ako! next time seller try mo muna kung gumagana o hindi,1,
please explain! open na sya! tas ung mittens kulang2.. wala pang lagayan? andami ko pang inorder.. kawalang gana!,1,
akala ko mglast for 12hrs.. 1 or 2 hrs natatanggal.. cnubukan ko xa upon received ko pinatagal kopa ng 10mims s lips ko bago wipe ng tissue.. natanggal lng,1,
none sobrang hina ng hangin. fake na fake. not worth buying. diko alam san galing ung mga review neto. scam,1,
good wrong color. im not happy. order din sakin ito kaya hind aq masaya sa maling kulay na pinadala ni seller. sana nag chat muna sya kung hind available ang color.,1,
"goodevening po, hindi po lahat umilaw mas madami unf hindi umilaw kesa sa umilaw lang, kung pwede po palitan kac sayang din po binayad ko.",1,
"bad avoid sayang pera niyo. naniwala ako sa ibang review dito, pero mukhang puro peke reviews lang. gps does not work. 1 sim slot does not work. charger is so slow. screen response is so slow. battery life sucks. memory (ram) is not even 4gb maybe even just 2. it",1,
"pwede ba 0 star? 10 meters inorder ko, pero 5meters lang pinadala ni seller hanggang sa nag auto received na lang. chat ako ng chat sa seller walang update. hindi nya nirefund pera ko kahit nagrequest ako! ang bobo! nakakadismaya. 1st time buyer ko pa naman sa shop na to",1,
"i dont really like it napaka plastic tapos anggaan sobra sa paa,,,, akala ko nmn yung katulad sa mga gawa ng local product yung magagandang material sis no kaya nagulat ako, unti lang differrence kaya ayun dun nalang ako bibili sa local product",1,
items defected di maganda ang tahi,1,
walangya. kahit kinancel na shinipped out parin.,1,
amoy rubber nakabili ako dati ng inspired perfumes pero ang bango at oil based.. pag bukas pa lng ibang amoy ang bumungad sakin .. disappointed!,1,
"nakakalungkot lang, 2nd order ko to pero my damage yung slipper nag remind pa ako na paki ingatan yung mga orders ko. ang pangit tuloy kasi my sira.. hayyys!",1,
dont buy this. i have bad experience with seller. they shipped a damaged item. it was so disappointing. they shouldve send first the item before shipping. when i requested for return they asked me to ship it myself to jnt. hassle na gagastos ka pa ng pamasahe. never ever buy,1,
ok naman appearance and color pero yung material quality di ganun ka ok ...tska small yung sizes nila 38 na dipa magkasya sakin pero yung avon bras 36 lang naiisuot kuna akala ko kasi kung lalakihan ko kakasya na..kaya 1 star lang sakin,1,
really wanted to process refund for this kaso sobrang hassle! intermittent connection nya sa bluetooth it restart and disconnects on its own.,1,
"ang hirap iconnect, nag aautomatic din sua nag ddisconnect at namamatay. dami po naming stress, tatlo pa naman",1,
the product is not good.madali masira.,1,
cute lang sya pero super delay ng response ng mouse kahit i-adjust and settings at masyadong maingay rin pag kiniclick. halos di ko rin napakinabangan so di sya sulit kahit mura. yung mousepad lang nagagamit ko kasi almost useless yung mouse due to poor performance and quality,1,
ma daya hindi naman 10meter yung wall paper yung una na bili ko kala ko nag kamali lang yun pala 5meter lang talaga dapat nilagay nila 5 meters lang hindi ten,1,
"mali ang kulay n pinadala, white ang order q peo black ang pinadala",1,
"works? not long-lasting tho this is an honest review po. kind of disappointed lang, i am an avid buyer here pero omg hindi consistent yung fragrance. okay naman first two orders ko kaya confident ako bumili ng dalawa in one go. nakakahilo yung amoy and nacompare ko pa sa una",1,
"kahapon narecieve ko ung order ko , pero di sya magkapares di pareho ang sizes chat ko agd tong seller nito pero til now walang reply kahit na nakaonline naman siya maganda sana kaso di mo din magagamit dahil maliit sakin ung isang tsinelas",1,
wrong size makapag benta lang tong seller na to eh,1,
mahina audio mahina audio kahit itodo mo volume sa phone mo. di gumagana yung isang side pag ginamit mo ng sabay. di man lang secure yung packaging. naka-bubble wrap envelope lang. tho di naman ako nag-eexpect ng super maganda quality pero at least sana maayos man lang diba.,1,
5mins palang gamitin nag-iinit na ung sakin and di ko na magamit. need ko pa magwait ng 1 hr and more. base sa reply ng deerma 10mins before cool down. ito ung paulit ulit nila sinasabi kahit ang concern ko ay ung sakin wala pang 5mins ang init na,1,
"ampanget ng service ng shop nato hindi marunong mag response sa chats ng costumer, tapos nung natanggap ko yung order ko basag pa, sira ..nagbayad ako ng tama tapos ganyan kayo magbigay ng service. sirado nyo na shop nyo. tinawagan ko service no. nyo at nag iwan ako ng message",1,
"complete payment, pero ang item kulang ng isa (no stock ) daw pero pinabayaran prin nila kahit wala ang item...",1,
"false advertisement, hindi naman 10m ang haba.",1,
not good pink ang order ko pero yan ang dumating. mga color blind ata ang mga nagpapack. next time wag na kayo magpapili ng color kung kayo rin naman pala ang magdedecide. di na ako oorder sa shop na to.,1,
not oily i dont know pero ang baho talaga niya especially kapag tumagal na sa balat,1,
not satisfied nakakainis ayaw makahigop at kahit anong gawin mo d talaga,1,
not worth it dalawa fan binili ko white and blue. yung white gumagana pero yun blue na gusto ng anak ko umaandar pero wala namang hangin lumalabas. sana bago ishipout paki test kung gumagana. kht mura ko lang nabili sayang parin yun pera na pinang bili. d naman mapupulot yun.,1,
"i ordered 200booklets of receipts but the seller only sent me 180pcs and some are damaged. they did not also included in the shipping the rubber nipple cover i ordered. i message them right away but still no reply. at least namanlang magreply kayo, napakadishonest niyo binayaran naman kayo",1,
dismaya po sayang lang pera nyo dito hindi nmn pala di chargeable .. hindi rin di battery nkkainis nakakabweset... png gamit p nmn sa school ng anak ko hindi naman po magagamit. pwede po bang ibalik na lang yong perang pinangbili sa mini fan inyo na lang products nyo.,1,
"mura , oo pero seller bakit naman ganon. masaya na sana e. may gift na para kay mama. tapos susubukan namin di gumagana. chinarge pa namin di nagana. higher un recommended.! im dissapointed. not legit, 100percent scam.",1,
1 out 5 kase hnd gumagana walang kwenta ung inorder ko dito pagkabukas ko palang ng parcel triny ko na agad then hindi gumagana ung left side nya sobrang hina din ng hangin sayang lang talga isang beses kolang nagamit ni hnd nga umabot ng 1 hr lowbat na agad,1,
items returned early but no update from the seller for a week. lagi magupdate pero walang nareceive. kung hindi papaulit ulitin walang ganap. items have different sizes though my order is 38. ung iba maliit hindi same ng sizes,1,
walang kwenta omorder dito delever na daw e wala nmn ako natanggap n item hayop kayo kakarampot na halaga iniscam nio pa halos 2weeks kong inintay hnd nmn pala darating porki binyadan kona true gcash ung item wala pa. tang ina nio balik nio nlng perq ko,1,
"damaged yung wireless mouse. hindi maka connect sa laptop ko. light indicator nya din after you turn it on, namamatay din kaagad. i reached out to the seller. mabait naman, nag reply kaagad. kaso hassle sa part ko ang mag return ng item since lalo na ngayon na may covid.",1,
"dko pa nttry ang breast pump dhil d pa nmn ako nanganganak,sana maganda xa,kaso bkit nmn 2pcs lang milk organizer!? tapos kawalang kwenta ng mistery ko,isang piraso lang,ni hindi pqko na excite dhil ni hindi man binalot!",1,
"sa sobrang nipis, kita ang dating kulay ng wall pg nadikit na, buti sana kung puti ang background...not satisfied with this product",1,
"2 po ung inorder ku pero ung isa lang ang gumana , ung blue ndi gumana kahit anung charge and pindot ku ayaw talaga nya , sana lang po seller pinapansin nyo po ung gantong issue .. thanks",1,
not good kasi kulang sinend ni seller na order ko....d pa ngrereply si seller... kaya not recommended na mag order sa kanya.,1,
sakto ang mga binigay nyo po size kylang yung isa hnde parehas ang design sa tapakan.. ang dmi ko binili sau. pero lugi ako kc hnde kinuha yan dhil hnde parehas ang design,1,
not good maybe next time u can improve the quality. even kase small amount lang ang na invest nakakapanghinayang pa rin lalo na’t mahirap kumita ng pera sa panahon ngayon.,1,
"manipis lang pala yung bra. tsaka iba yung kulay ng isa, imbes na maroon naging orange. tsaka yung light brown malaki yung size kesa sa dalawa.yung belt mabilis rin mapud is. bilis niyang nakarating",1,
poor quality of packing of items. lahat naka open na. pati yung earbuds,1,
napakawalang kwentang neckfan maingay na wala pang hangin di nmn nagamit natambak lang mas maganda pa awei neckfan di pa kasi yun naorder ko nakakapag sisi tuloy,1,
sa picture lang pala maganda ! disposable sya sa actual ! yung delivery man ayaw pa pumunta sa given address pinaglakad pa ako ng malayo salamat shoppee nawawalan na ako ng gana sa inyo !,1,
masyado matagal mag pa ship hindi secure un item dnaka bubble wrap ang ending pag dating sakin ng item sira nka box lng sempre dadagnan yan ng iba item lumabas s kahon tsk..tsk..sayang pera,1,
juskooo naman po lowbat na dna macharge may charger peru d gumagana and trinay namn sa ibng charger ayaw padin,1,
"maskara po yung order ko,hind eye liner",1,
"ang pangit lng, akala ko yong pink is yong pink tlga na kulay.. iba pala,.. tas d ko pa gusto yong kulay shades. wala kasing naka sulat ng every lip balm kung ano name.",1,
2/5 madali lang siya ma lowbat. gamit pa naman sana niya sa work kasi lineman technician siya mas maganda yung keypad lang dalhin. naiinis yung husband ko kasi kahit di daw niya gamitin unti unting nalolowbat. di rin nasunod yung color,1,
not that nice i was very disappointed kulang yung dumating sakin walang eyeliner and powder i ordered 6 items but 4 lang yung dumating. huwag kayong bumili dito masasayang lang pera niyo. i'm very angry right now!!!!!!,1,
"not good ingat kayo sa seller na to. nakalagay sa advertisement nila 10 meters pero ang darating sa yo ay 6.5 meters lang. automated lang din ang reply pag nag message kyo, hindi marunong sumagot sa complain mo.",1,
low quality wala di ko na naasikaso to dahil wala akong time and ako pa gagastos ng pang ship back jusme bigay bigay sila ng sirang item ako pa gagastos ng pang ship back para lang mapalitan to laking abala kasi di ko na maisingit to,1,
"butas butas yung payong wag na kayo magpurchase dito . low quality masyado, manipis na nga , butas butas pa yung payong",1,
low quality sana kung nag policy kyo na may refund tuparin nyo d ung nkaorder lng sa inyo pag may aberya wala na kyong reply panu uulit costumer na umorder sa inyo ganyan kyo,1,
highly not recommended tong shop na to.. 2nd order ko na to at mali na naman.. pinagbigyan ko na yong isa kaya umulit pa ako kaso wala talaga eh.. black yong order ko kasi para sa kuya ko sana e bakit naman purple ang binigay? lasing ata,1,
maka dismaya naman seller naka buy one take one ang order ko isang onesie lang ang dumating. maganda pa naman ang tela.,1,
akala ko mahangin sha parehas sa video at chaka hindi fit yung charger nya at ibang iba yung pic at chaka ang nakuha ko. chaka yung package wlang ka ayus ayus,1,
"5/10 i only bought this kasi it’s so expensive to buy apple pen. tho don’t even have an ipad. still, pag open ko ng item, sumama yung pinaka bilog. wasn’t able to take pictures kasi ang dami kong parcel that time. inayos pa siya. now that i have to review",1,
asan power into.. sira.. hindi rechargeable,1,
"white order ko ,pero puro brown dumting ,1 brown lng order ko ,dumting 3 na brown ,im not satisfied for my order ,",1,
terible pa g oppo di ko magamit sa samsung ko. nkalagay ay micro usb tpos pang oppo ung binigay. hndi sya universal. dko na ginamit,1,
napabili ako kasi ang ganda ng mga reviews eh hindi naman pala nagtatagal ang amoy. mas maamoy pa ang bench body spray. sayang pera ang mahal pa naman,1,
no seal ang tuyo na onti nalang ung tubig at may crack pa refund ko nalang to.,1,
super super bagal mag charge... very disappointed,1,
2nd time na ako umorder sa kanila always tactics nila is kulang kulang ung pinapadala nila and at the end buyer ang kawawa,1,
okay. nakaka disappoint kase wala un white/yellow light.,1,
"ano bayan seller 2l ang order ko yung dumating hndi tama , pati yung kulay nag sayang lang ako ng pera kasi hndi ang gusto ko at ang inorder kong tama ang dumating sana naman kung ano ang order yun ang din ang binibigay nyo kasi tama naman binabayad namin",1,
im disappointed for this product sira yung isa product na inorder ko .yung kawitan ng bra.,1,
"i bought 2 pieces. same model, different color. but the grey one has color red battery/800mah while the black one has bl-5c battery/1000mah. magkaiba sila ng charger at pareho pa mabilis malobat. ano to lokohan?",1,
sira na agad ang tablet nag message ako kay seller d mn lng mag reply..,1,
para sa price nya??? no good no good.. ou mura sya.. pero ma log tlga.. mahina sa wifi kahit malakas ang wifi.. maganda lng pang offline.. 2year old plng baby q pero nkaka intinde ng loading at downloding to.. kaya pag nag lolog sa online na iinis sya. low spec,1,
paulit-ulit nalang mga items bebenta nalang namin not even packed properly tsk first time disappointed parang ayoko na mag order dito fat chance walang “lucky”,1,
putik nayan!! aanhin kuyan isa dyan not recommended guyss!!,1,
pwede po palitan o refund dipo pantay binigay nyo wala na adjust un isang tali. papalitan po ang mahal tapos di pantay,1,
dalawa order ko parehas hindi nagana yung voice speaker nya,1,
"ewan ko ba d ko mahinuha tong product d man lang na check nang seller, nag message na man ako. yung material nya ewan tingnan nyo na lang yan. pag isipan nyo nang mabuti. lumalabas paa ko sa sa unahan. hindi recommended bilhin.",1,
pili na lng kayo ibang seller. at maging mapanuri sa product.. minessage ko si seller na paki double check mabuti yun item na wag wrong spelling ang ipadala sa akin. yes daw kaso eto ang dumating. saan ka ba naman nakakita ng legend na “smoker emoval” nakakatawa. mamemepeke lang di,1,
"yong order ko d pariho nong sa pic.na enorder ko,d naman pala malaki.",1,
not worth it kht 88 lang toh pera pa rin ito wews nakaka bobo ung seller pa ulit-ulit nalang ung tanong tsaka yung sagot deputz ilan beses kong tinanong kung anong indication pag full charge parang d rin alam ng seller nakaka gago lang ghurl,1,
not good super disappointed ako. 1st time ko mag order sa shop na to & obviously hindi na ko uulit. pala desisyon yung seller.2l gray/black & 850ml green/purple ang order ko pero ito ang mga pinadala. nagmessage ako na mali nareceive kong items last saturday pero until ngayon wala man,1,
"maganda sana kaya lang sira, wont open, my worst purchase this year.",1,
wrong item pinada ni seller 2000ml ang order ko 1100 lng pinadala same p din binayaran... isang malaking budol tong c seller.. ibibigay ko sana sa asawa ko kaya lng hindi panlalaki ang kulay...,1,
sira ung neck cooler pagdating dito,1,
after 5 minutes of using eto na sya....,1,
dapat ang rating dto 00000 angganda ng order ko dumating madam naman maayus ang bayad ko po bakit need nyo mag ganito ng order pag wala kang ganyan item wag mona po pilitin kasi sayang naman po ang pera na binabayad sa order... worst order in the shoppee ang pangit,1,
hnd maganda yong item ayaw gumana pindutan for return hnd nabalikan ng pick up hanggang sa hnd na return,1,
"super tagal ng ship out nung 11.11 ko pa inorder almost 1month na. dko na naabutan, nakaalis na q..naiwan don sa kapit bhay nmin ang parcel & seller is not responsive.",1,
manloloko! yeezy slides order ko.. hinabol ko pa isang order ko pra kay misis.. kc gusto nya dn daw mag karoon ng slides.. pero dumating potek pang bahay na pwedeng basain.. tigas pa ng rubber.. nag kakalyo pa paa ko.. sayang pag hihintay ko ng almost 2weeks.. haist!,1,
"very poor service ang seller, 2pcs inorder ko at binayaran ko, isang piraso lng dumating, ni walang feedback si seller kahit nireport ko na, mag ingat sa pag order sa shop na ito, di marunong mag feedback kun bakit isa lang na piraso pinadala, di nako uulit umorder",1,
nayupi yupi na yung product and may mga scratches and di din naka pack ng maayos parang basta nalang okay yung light mismo,1,
"do not order. used this for about 15 mins only and that was enough to decide that there’s no point in using this any longer. it heats up fast and mabigat siya. okay lang sana kung totoong nakakalinis kaso puro ingay lang, walang suction. sobrang hina ng vaccum, hindi nakakalinis.",1,
"i've ordered fucking phone last oct. 28, 2021. but? just in a few days hindi na sya nagbukas. i asked the seller what is the best way to do with this since 4 to 5days pa lang naman sakin nungt nagchat ako about sa concern ko.",1,
not good order ko purrle/blue dumating black wala manlang pasabi ung seller na black ang ipapdala niya hindi maganda omorder dito mali ung ibinibigay nila hindi na ako uulit dito,1,
kulang yung nilagay ng seller na items. dumating lang yung bows and clips but not the aluminum foil tape. i tried messaging them pero hindi nagrerespond,1,
"galing sauna bigla na lang di gumana ambilis nasira, nakakaloka eh habang ginagamit ko bigla na lang tumigil like what the. pinalitan ko battery pero wala, di pa din naayos. nakakaloka",1,
di pa nasubukan kulang ung item. wala ung pinaka dulo ng straw para maka sip ng water. contacted the seller wala namang ginawa. sayang lang pagbili. huwag na lang bumili sa shop na ito. un lagi ang mali. kung hindi man incorrect items at missing items naman sa orders.,1,
chinachat si seller hindi nag rereply! hindi gumagana yung isang fan kasi wlang elese! hindi nyo ba chinicheck bago nyo ipadala? i do not recommend this shop! nasayang lang ang pera at na disappoint yung anak ko. walang kwenta !,1,
"pangit ang tagal na nga ideliver ni seller amoy alcohol pa, such q waste of time and money!!",1,
"im very disappointed with my purchased, hindi kumpleto, wala yung maliit na fan, saka maliit na panel ang ibinigay. ayosin nyo naman serbisyo nyo. nag babayad kami ng tama. nakakadismaya excited panaman ako at ito yung una kong order sa gamit ang spaylater.",1,
mali naman yung kulay na pinadala gray order pinadla pam babae pabo sususot ng baby kuyon pang girl,1,
next time paki bubble rap ok nasasayang ung pera ng customer like this itatapon ko lang dahil kalatkalat at sira na,1,
hindi 11.6 inches manloloko ang seller di naman 11.6 inches... wala pang initial na charge paano ma test upon delivery.. disappointed ako dito shopee!!! tagal pa dumating 7days kala mo tawid dagat eh... manloloko ito... iba pinapadala.. promotion lang nila 11.6 inches hindi na ako uulit dito,1,
"napakawalang kwenta dto sa shop na to! antagal na nga i-ship yung items, di pa marunong mag update yung seller. and worst, sira pa yung mga items!!",1,
palpak mga size huhu pero thank you pa din kasi complete,1,
medyo may mabahong amoy etobg pure seduction unlike sa ibang shop na nabilihan ko,1,
2nd order. kakaonti. wala pa sa kalhati ng kwarto,1,
not so good i received my order but not as good as i expected mabilis din siya malowbat pero ok lang sa 3800mah na battery niya yung screen din niya nag iiba siya ng color nag request ako ng refund pero di nman na pick up ng gogo kaya pinagamit,1,
one mystery box and one mystery pouch inorder ko. sira ang nakuha kong gamepad. nakakadisappoint. okay naman ang mouse di ko palang na try.,1,
not good bakit naman tumagos na hanggang sa pagkabalot ang basa. haysss ano ba naman. baka paggamit nito tuyo na. ngayon lang ako nag order na ganito ang dumating dati naman maayos.,1,
"not good it's rubber and cheap kaya expected na ang quality is similar to the slippers we buy sa market, ang kaso lang ay marumi ang product. dirt wasn't removed from using alcohol, sana matanggal pa pag ginamitan na ng sabon na very hassle kasi di naman ito thrifted.",1,
wrong color. i ordered nude but i received what looks like an orange color. mas dark sya sa nude which is yung hindi naka plastic. i ordered that before. i don't like the color. i'm not sure if i'll wear this.,1,
"ok sana kaso may damage, may tahi in front mukha nabutas den tinahi, bakit nmn may damage ang binigay, makikita nmn agad un kc nasa harap.. 1st time mag order sa shop, bka never na bumili..",1,
"it's not long lasting, 30 minutes siguro wala na or 20?? second, di sya amoy cloud, may nabili akong 100 pesos na oil based din sa bangketa lang and mas maganda pa yon, 24 hours mabango",1,
not satisfied. ang daling malobat. wala pang 7 mins lobat kaagad. ang tagal icharge. hindi cya mkalinis. pero may konting fur ng aso nakuha.,1,
bad sana di na lng sila ng benta. real budol talaga. ang ganda sa pictures. pag dating ang pangit ng quality ng materials malalaman mo talaga na cheap. pero anong ma eexpect mo sa 188? lol. worst is hangang 4 mins lmg ata low bat na so beware. sorry sa,1,
"nakaka disappoint, nag bleed ang dye ng black na bra. nude color doesn't look like nude, more like tan siya whereas old rose looks like dark purple.",1,
may damage po yung dumating sakin.,1,
madali lang sya nasira.. kaka received ko pa lang after a few minutes nasira ka agad. sayang ang pera. huhu,1,
hnd q na pinicturan naiinis aq may basag un salamin balot na balot nmn feeling q hnd nmn sya nabasag dhl sa rider alm ng seller na may basag n yon at dhl nga maliit lng go pa din pang exchange gift p nmn ng ank q,1,
"nakakadisappoint. yung earpods di gumagana. di umiilaw, pati pag chinarge di umiilaw. parang laruan lng yata nareceived ko. yung mouse di rin gumagana. hayst. edit ko po pag gumana na lahat.",1,
ok green was replaced with yellow without notice...sana tinanong ako kung anong kulay ang gusto kong ipalit incase for unavailable colors sa purcahse ko. disappointed,1,
"kinda disappointed. di kasi maayos pagkakabalot di katulad nung first order ko. buti nalang di napunit yung plastic. kungdi, damaged talaga yung items.",1,
sobra palang nipis hindi katulad nung nasa picture ni seller. at lukot lukot na. nilagyan ko lang ng matigas sa loob kaya naka umbok baka sakaling mawala yung lukot,1,
dis maya ako sa square pants sabi sa post challis daw pero di pala.. 1 star lang sakin,1,
beagh medyo nkkainis lng kase first wear ko ayy nppasukan pla ng tubig di ko nman sya bnbasa ingay nya suotin,1,
mdyo nalalayuan aq sa amoy sa cloud ni ag yung isa okay sya pag open kaso hetong isa may leak sa bote may nga oil sa paligid ng spray kaya sayang. then tnry q punasan pero pag open q parang andun paren i dont know baka bote na problema.,1,
"mali ang pinadala ni seller, black n gray ang order ko, naging orange ang layo ng kulay sa order ko, and 2l po ang order ko bakit 1.1l lang to?",1,
"hindi nmn ito ang kulay ng inorder ko , pero ito ang dumating. sorry seller pero nakakadisappoint lng. sana maging sana sa susunod maging maaus nmn.",1,
"too small small size pero parang pang new born, usa brand pa nakalagay, di rin maganda quality kapag nababad sa ihi parang lumalabas yung laman nya na gel like material, nakadikit sa pwet ng baby ko , hirap pa naman alisin, may ilan din piraso walang garter yung waistband, ambilis",1,
"ang layo namn sa inorder ko? bench tapos dumating h&m? plsss po paki sigurado namn nang inorder customer nyo? tignan nyo po mabuti bagu nyo e balot, mali2 po kasi bigay nyo ma order!!! maganda sana tela, sa ulitin siguraduhin nyo ang ino order namin kung sakto ba?! ",1,
ang liit pala nya and mahina sya so a bit disappointed. medj matagal din shipping since overseas sya so understandable naman.,1,
"camel khaki inorder ko,dumating khaki ang seller dito hindi marunong magupdate kahit na iisa lang yung inorder ng customer sana next time wag mag marunong sa customer pakitriple check bago ibalot at iship ok",1,
ang sabi hindi mag mo molds pero yong black ko mag molds talaga siya . pag e lagay mabasa talaga,1,
malaki po ang mg sizes bakit lahat xl po please naman paki 3x check nyo po muna before ninyo po e packed ang items po. paano po ito e refund?,1,
"so ayun kumpleto nareceived ko at tama naman kaso kakadisapoint lang kase mukhang hindi pinag effortan ni seller na ayusn yung packaging para sa mga ""fragile item sana manlang maayos pagkakasalansan ng mga item kaso hindi kaya basag basag na. ni hindi manlang nidoble ng bubble wrap nagtitipid ka ba",1,
maganda sana kaso sira ung power botton. inayos q nng irefund sana kaso need n ng anak. pki ingatan nlng next salamat,1,
"nagulat ako kase sobrang nipis nya, nung sinuot ko bakat na bakat yung foam sa loob kaya hindi ako sigurado kung maisusuot ko ba sya in public kasi hindi ganon kaganda yung qualith and okay naman yung packaging nakakatakot lang kasi manipis. walang damage yung damit",1,
"fair first time to order in this shop, at hindi na mauulit, knowing na maulan ang panahon sana bago nyo naman pinaship eh sinecured muna yung item, hindi yung ganto nabasa na ang loob, plus yupi yupi na yung edges ng mga sticker hindi man lang naka cartoon kahit bubble",1,
black and white order ko mali kulay dumating ehh black black to ehh seller andaya para sakin to ehh panglalaki namn tong puro black rhh,1,
sobrang dissapount naman nung maroon at black na paranv sando sya akala ko mahaba yun naman pla maiksi parang bra talaga hayssss .......,1,
i bought 3 pero isa lang yung malakas ang hangin; the other two is so mahina. kinda disappointed hehe,1,
madumi yung bottom part i don't know why. mura items pero sana maayos at hindi ganto pinadala. pang gift pa naman to. pako ireregalo kung parang gamit na,1,
"sakto pang sa presyo ibang colors ang dumting, white po ang order ko pero green ang pinadala nila for me. complete naman po 20 pcs pero dipo ganun ka ganda ang quality. sakto lang po sa presyo nya na mura po, di makapal ang foam at di madikit masyado ang",1,
"madali ma sira ung wallpaper, and ang dali nya mag stretch. not good quality. it has nice texture tho. delivery was not bad all came in complete and safe. unq quality lng mejo hirap nya install compared sa previous puchases ko. thanks and keep safe.",1,
bat naman po ganun wrong color yung dumating sana sinabihan niyo muna ako bago niyo shinip yung asawa ko kasi ang gagamit and hindi mukhang panlalaki yun kulay niya sorry 3 star lang,1,
not really good madali malobat,1,
sira yung stand ng ring light di ko tuloy magamit na baba bigla ano ba yan seller sana chineck nyo muna product nyo bago ideliver loose thread na yata yung mga screw nakakairita hindi na ulit ako oorder dito grabe sayang lng pera ko nakalock na yan,1,
"seller not responsive. kulang items ko. nakailang message nako sa seller, online sila pero d ako sinasagot. d man lang binalikan, wala talagang reply. 1 star dpat to eh, ayaw lang ng shopee.",1,
"5/10 ang tagal po mag ice.yes 5 minutes pa bago nakagawa ng large pero sobrang liit na ice ang daling matunaw. may nakalagay pa na icefull warning light,pero malabo po ma full ito ng ice.first ice 9p c s na cucute hinliliit size then after 5minutes again lusaw na ang",1,
manipis kaya mejo nadisappoint ako sa quality nea..,1,
"5/10 i don't know sobrang diff nya sa last purchase ko ngayon is parang alcohol na sobrang lamig sa balat pag inispray tapos hindi na sya long lasting, good for 30 mins lang",1,
wrong color. the seller said the blue is the new light purple. paano yon? lol,1,
magaganda ang mga medyas kaso unang una ang tagal ideliver kailan ko pa inordor ngayon lng dumating pangalawa kala ko yung white strawberry is kulay nya white and red hindi nmn pla kaya i'm dissapointed!,1,
sobrang tapang ng alcohol niya sakit sa ilong masyado pag unang spray thankyou parin seller happy new year,1,
di masayadong sturdy pag pinatayo...so im just hoping it will be standing for gatting a selfie..but then it will tumble down buti nalang hindi mataas pianaglagyan ko,1,
not same sa kulay na pinili ko ung pink lng ang nag tugma ..white at pink ang inorder ko black at pink nmn ang binigay nag pa pili pa kayo ng kulay kung ndi nmn na sunod ang gusto nmn,1,
received the product but i'm so disappointed so with my kids kc hindi yun ang expected n kulay. ok n sana kung nagtanong c seller kung ok lng b sakin dinelay lng nya ship out nag extend lng ako. d man lng nag abiso n hindi available yung color,1,
sorry f 2 star lng d ko gusto quality walang dikit thanks,1,
napakatagal iship thinking na local lang siya dinaig niya pa ung galing ng overseas and unresponsive ang seller for the size maliit ang sizing,1,
"i am a bit disappointed! may crack yung item pero functional padin naman sya. ang panget tuloy tingnan, natrigger pagiging oc ko. hays well-packaged padin naman sya.",1,
"3 stars lang, sobrang tagal ng delivery, d nyo agad ako ininform na out of stock ang designs na inorder ko, pinapili nyo uli ako pero d rin nasunod nakaka disappoint po tlga, parehong design pa ang dumating na dapat ay magkaiba, next time update your display para",1,
ayan! makikita po jan sa picture na kulay black at dark grey yung order ko pero black at maroon yung dumating..so nabago na pala ang kulay grey ngayon? naging maroon na?? sana mg inform nmn kayo na wla ng stock etc. kesa nmn umaasa yung customer niyo..,1,
hindi pinadala ang mga ballpens! i chatted this seller pero hindi man lang nagrereply!! sayang laang ang peraaaa!!!! akala ata basta nalang pinupulot!,1,
"magkaiba po ang pair, paki check po muna bago i ship",1,
ok sana quality kaso may damage ang gray.inorder pa nman to sa akin ng buyer ko.sayang hindi na kinuha ng buyer.,1,
wala after maopen gumana naman pero nung nalowbat hindi na hahahahaha ilaw na lang gumagana kinabukasan after icharge taps after a week wala na talaga sira na hahahahaha,1,
super dissapointed sa customer service ng shop na ito. pls before you buy check the review na nagsasabing poor ang customer service nila because i see many buyers have the same concern that they ignore. they reply to you but never answer your concern. but still thank you the quality,1,
makadismaya bakit non wire to .. ang nkalagay dun wireless ....ok lang maganda nmn tela nya... salamat seller ...& kuya delivery...,1,
not so good maingay sya masyado not recommended forkinder papagamit ko sana kaso maingay sya for school malapit kasi sa tenga yung fan,1,
what you see is not what you get. yung tissue sabog pa. 1 pack order ko pero parang binutas hindi man lang inayos yung mga tissue.,1,
ordered on 22nd received on 28th ano na nangyayari sa inyo shoppe?? haiissst! ok naman yung baby bed manipis nga lang yung net hope tumagal..,1,
too big and heavy. doesn’t work well for me. looks heavy duty pero hindi masyadong nakakatanggal ng dirt and dusts on the bedsheets. maliit na lang di pa mahigop. not worth the hype. buy at your own risk,1,
i received jodsone e wala naman ako order na ganon tsaka yung color white na gel polish may leak and wala yung parang brush nya i think sa seller na mismo may prob,1,
mali ang kulay nman order k dati sabi k grey black dmating umorder ulit ako grey ulit black nman ano b nman kayo hndi b ninyo alam ang kulay,1,
"make up spray lang inorder ko but yung with glitter ang dumating, ayaw ko nito mas gusto ko yung walang glitter....",1,
"first, malayo siya sa beige. i've had this one before and ang layo ng color niya kasi para siyang rose pink. second, ang panget ng pagkakadikit nung sticker niya. hindi siya magandang tignan and hindi siya nakadikit ng maayos. nagbbubbles pa yung ibang sides niya and parang used siya.",1,
di masyado madikit at ung kulay ng foam bricks ngfafade na..luma na yata ang binigay sa akin,1,
"ok naman sya kaso biglang nadidisconnect tas ang hirap ibalik haha pano pa kaya pag nagstart olc, baka biglang madisconnect nang madisconnect habang exams and such, eh sira na keyboard ng laptop ko so imbis na macure yung sira ng laptop, lalo pang nagcause ng inconvenience",1,
bakit naman ganun red ang ni order ko pero violet ang dumating.. di manlang nag chat si seller na ipapadala nya at violet.. di ko ni expect na ganyan. darating sana sa sunod ayusin nyo po pag papadala nang di nakakadismaya.. salamat po..,1,
matagal ang shipping. ilang araw po bago dumating. effectiveness naman po niya is madaling i apply pero matagal po magdry and nabubura rin po agad kapag nabasa so i won't recommend po panira lang po ng awra haha,1,
"unlike my purchase from a different shop, medyo malambot yung body ng water bottle na ito. and wrong color pa yung isa na water bottle. instead of blue/orange, green/purple ang na-ship out. sana i-check muna ng warehouse before shipping yung correct color variations.",1,
"i ordered 2 pairs but this black one are no good. looked like used because of the ""gasgas"" as you can see at the picture. it could be much better if you replaced it w/ another color. won't repeat ordering anymore. thanks!",1,
kitang namn yung order ko if anong color pero yan ang dumating hahahaha. sana hnd na nilagyan ng choices po if mali nmn. sna inform din si buyer po para alam,1,
diq type kc may damage pano aq mg rate ng magnda e may dmge ng,1,
may crack ung isa kaya good and bad nalang,1,
medyo defective yung item na dumating sakin. sobrang hirap buksan para ma access yung battery. akala ko nung una sira na. sana dino double check muna lahat ng items bago iship.,1,
may sira na pagdating yung beige na naorder q is may crack tas madumi. parang di na tatagal. sana chineck man lang ng seller.,1,
ok sana siya but kulang ang measurement sabi 10 meters long pero 6 meters lang pala. almost half din ang kulang.,1,
"i bought 3pcs of mini portable neck fan.. i was dissapointed! the packaging of the product wala man lang bubble wrap, kusa nalng nilagay sa plastic. not presentable sa pagbibigyan ko.",1,
"sobrang nakaka disappoint lima ang order namin apat lang nakadating, black mask ang order blue ang dumating pakiayos naman po sana, nagbabayad naman kami ng tama",1,
sana maayos yun cut nio .. yun ibang cut sa order ko panget .. walang border or hnd pantay yun cut ..,1,
i ordered black mascara! pero dumating eye liner???,1,
not good maganda ung item kaso di nag dodouble check ang seller sira sira ang pinapadala,1,
ayos ang product nila promise hehehe pero napaka famous ng seller hindi nagrereply sa chat! reply reply din obobs wala tuloy akong mouse pad dahil kinansel niyo request ko kahit dadagdag lang ng item tsk,1,
"giving wrong item instead of m nagsend ng large without informing the buyer, sana magsabi muna if ndi available yung size para mapalitan ng ibang color ndi yung magpapadala ng maling size, wag pla desisyon",1,
hndi parihas sa nasa photo walang naka lagay na name hndi xa naka box... sa mga reviews tama nmn ung deliver bkit ito mali nmn ..dis appointed,1,
"misleading content, based on description rechargable sya, it state that meron syang micro usb port, and lithium battery, pero wala naman. anyways sana gumagana... pa edit nang description paki ayos.... thanks mabilis lang yung delivery.",1,
nasunod lahat ng kulay na inorder..ok din ang tela... pero may butas yung isang pocket ng blue jogger.. then sira yung handle ng isang zipper ng gray jogger. minessage ko si seller pero di ngreply. 2nd time buyer here pa nmn.. okay nung unang order ko e. hayst...,1,
"hi, as u can see po i ordered pink earphone and a pink cutter. also a flexible fan. but to my disappointment, mali na ang kulay, hindi pa tugma sa description. yung cutter hindi nag ssteady. yung fan hindi nabebend, yung earphone imbis na pink, naging blue.",1,
maganda po sana ung item kaso nga lng dumating po sakin na basag please po next time pa double wrap po ng ringlight para maiwasan po ung basag tulad po nito sa akin thank you,1,
"i ordered beige and black, same sizes pero ang ibinigay ni seller beige 40-41, black 42-43. nakakadisappoint kaya binenta ko nalang sa pinsan ko sa mas mababang presyo. sa picture ay nagamit na ng pinsan ko",1,
amp ano bayan di sya naka seeld nang maayos tapos hindi umaandar anubayan tapos wala free charger haysstt naku ayusinn nyo pag titinda nyo very disappointed ...... peru kahit papaano okay nmn quality nya ok den peru pagdating di umaandar,1,
maaga naman dumating yung items and complete items naman pero dun sa sizes especially dun sa jogger pants mali double xl inorder ko pero hindi kasing size ng double xl na expected ko. then burara nag packing merong pang mga matigas na kanin na nakadikit sa damit na umamoy na,1,
yung black inorder mo tapos blue yung dumating !!!!!! hays shopeee husto na pashneya,1,
8/10 ang dumi nung product and ang ingay niya. any. thank you parin seller.,1,
super bilis malobat. ordered black. blue un pinaship.,1,
tagal mgshipout ng item seller is not responsible too kahit ichat mo deadma lang,1,
"dapat po talaga bawal kayo mag wrong item kasi nga po gagamitin ang design.. useless ang pg purchased kung mali.. anyway.. 2nd time mg order 1st 1 wrong design, 2nd may isang wrong design sa 3 socks na strawberry, kitty and red bettle.. red ball ang pinadala anyway thanks dito",1,
4th time ko na order to sa shop nyo bakit naman worst yung binigay nyo halos di na nagamit dahil walang tape . hindi pa nagbabasa ng msg si seller. hays . sayang pera . di na ko ulit order dito sa shop . nung 1st & 2nd ang,1,
ok naman ganda siya kaso ang zipper niya pangit sira agad local zipper niya nang binuksan ko sira agad na putol hayyysss hindi sulit sa pera ko lugi.,1,
di ko nagustuhan bukod sa di ok un size xl na un inorder ko pro prang medium lng un size nia di lng magagamit ng mister ko dhil maliit,1,
wtf eto na yung mystery pouch nyo hahahaha amg panget nakakawalang gana mag order sa inyo,1,
i ordered 4 pcs of square pants...diff color pero so dissappointed kc iisang kulay ang dumating.,1,
okay lang ang bilis dumating 2 days lang which is good but kulang yung dumating sakin naka ka sad,1,
sad lang po sa color since white yung inorder ko but black yung dumating. maayos naman ang shoes kahit yupi yung box. but yun nga need ko lang talaga ang white for our party. na sad lang ako,1,
wrong size! i order medium size large ang binigay!,1,
i thought it was flexible. ang pangit pa ng button.,1,
"looks cheap and low qual ang pangit, super low quality!! madali mayupi bakal, manipis yung mismong ginamit sa umbrella, parang see through na, hnd double layer, unlike sa mga uv umbrella. di pa natahi mga ibang bakal, tinahi ko pa, need pa adjust pag ibubukas, pangit po. low quality. not",1,
wrong color set received. what's the use of having choices kung di nyo din naman susundin sana sinabi nyo nalang na ramdom colors. i ordered for set of blue shades at ung pinadala nyo ang oapangit ng kulay . iba din ang tela...sooo disappointed,1,
good okay na sana pero ayos yang delivery driver ah 215 lang ung bill ko pero 250 kinaltas sa 500!!!,1,
nakuwa kuna yung product kaso nga lang walang spatula at mabilis matangal yung tint nya hindi sya long lasting i'm so very disappointed.,1,
tama ung kulay pro sa size mali dineliver size 36 order ku dumating size 39 kaya bnigay ku nalng sa kapatid ku di nmn kasya sakin order nalng ulit ako!tapos sira pa,1,
"poor quality hindi gumagana yong mic ng earphone hys, need panaman to sa online class, anw expectation vs reality hahahahahahahahahahaahahahah",1,
not good. may mga products naman na affordable pero maayos naman po. also it takes a week bago ma deliver(j&t).,1,
ok sana mga items but mali mali ung nabigay sakin.. my checklist pa nman sila.. 1st time ko mag bigay ng 3 stars but sorry so disappointed.. haay............ ................................................,1,
as usual not recommended sa mga sensitive ang ilong. nakakasakit sa ulo tallaga. nabudol lng ako dahil sa reviews hahaha anyways.. fast delivery naman si seller,1,
yung universal earphones manipis siya at yung mic ng earphones is not working.,1,
i'm so disappointed. mascara ba talaga to?,1,
i used one of them tapos na bacon na agad yung gilid after one wash ( see 3rd photo),1,
ok lng for its price na dis appoint ako sa squarepants kc dmn chinicheck ng maayos bago e ship yong dulo ng pants dpa ayos yong tabas nya.kaloka!,1,
kulang ng 1 ang item number 2 spinnerq 9 lang dumating dapat 10,1,
". complete orders nmn, kya lng nd nsunod un orders gstoq sna refund or return peru hinayaan q nalang kc nga abala dn.. haysss sna nextym mgupdate cla qng wla un order pra mpalitan.. kaloka dna ulit oorder sa shop na to nakakainis dq pa type un pinalit nla sa",1,
"akala ko medyo malaki siya, pero nung nilagyan ko ng water konti lang ang nailalagay im so disappointed huhuhu but yung tumbler maganda naman siyaaa!",1,
separated pack pero may leak yung wipes kasi basa nung tinanggal ko ang balot. as you can see marumi yung packaging. paki check naman yung storage nyo for hygienic purposes,1,
fake pala akala ko orig samsung. bilia malowbat khit di ginagamit hindi naabot ng isang araw. tapos di malabo din ung mic pag sa call di ka maiintindihan ng kausap mo,1,
akala ko ba 10meter yong wallpaper na to? bakit 7meter lang? parang nakakadismaya lang kasi.. yong nasukat mo na kung ilan kailan mo..paano na yan kulang na to? at saka masyadong manipis yong wallpaper na to ..,1,
super tagal ng order ko. sept.4 ko inorder pero sept.14 kuna nareceived which is sana na before sept. 11 o exactly 11 natanggap kona. si rider talaga very irresponsible sa serbisyo niya.,1,
sira nman un pinadla niong ilaw ayaw gumana ng power supply sayang ang binayad k jn.,1,
feb 11 order and feb 12 agad dumating kaso sabet lang lahat sa sizes sobrang kalungkot.. as in yung apat na order ko maliit lahat sakto sa cup lahat inorder ko kaso sa body size di kasya.. bawi nalang next time btw thankyouuu nalang din,1,
order is black. received is red? anyare seller? naubusan ba? anyways type ng mama ko yung tela so bbigay ko nlng sknya. pls paki double check nmn item nio.,1,
"unsatisfied hindi accurate yung size na inorder ko sa nakalagay sa chart, at hindi din okay pagkakadikit.",1,
ang order brow ang dumating nosetrip lang dalawa ano ba yan,1,
maliit yung isa yung puti.tas my stain pa.sadyang inilalim pa pra d agad makita.ok nmn sya kaso lng isinama prin ang my mantsa.,1,
bakit ganun walang kasama spatula. tapos mali pa yun color na pinadeliver. sana nxt time pag out stock yun order ko po wag ng deliver kung wala. tnx,1,
"hindi nagrply ung shop tinatanong q ilang oras ang charging nitong neckfan at bkit every 5 min. nag off kaagad xa ,kailangan i open ulit...",1,
"ok hayss,,wala syang kasama na sticker di gaya ng nsa discription nya.. buti isa lng bnli,dpat ng send ng pics seller bgo i ship.",1,
black and white po yung inorder ko pero white and gray yung dumating,1,
najuha ko na po... completo naman kaso lang hindi nasunod ang mga size na inorder ko.... nakakawalang gana naman....,1,
di naman three fold!,1,
wrong size po binigay nio hindi nmn po 2liters yan sana cnbi mo na wala. 1100ml lng yan haist refund ko po sna ung iba... di nmn yn ang price nyan eh.ok sana kaso ung sukat dmi sinunod,1,
kailangan ko pa bawasan pra mag fit s may burner..ang sikip masyado ng pagsusuksukan,1,
arte nyo naman shopee ayaw nyo tanggapen sinsabe ko walangya kayo wala namang inulit at simbolo dito . so yon nga mabilis malowbat at matagal icharge mahin pa fan kahit num 3 tas mkang madali masira peke,1,
hindi ko nererecomend ang shop na ito... ang order ko 2pcs nag bayad ako kay rider ng ayus. pag open ko isa lang laman.. palpak tapos chinat ko si seller d na nag reply kaya zero rate kay seller,1,
absorbent 4x order ko na s shop nato pero ngaun lang ngkaganito mraming my itim sa gitna ng diaper na large at medium kung kelan 2packs order ko 400+ ngkaganito pa sayang nman. at ska ngtrabaho aq sa diaperan last yer reject na pg my itim at my kkaibang smell,1,
ang luwag ng entrada di pantay ito ata mga di nakapasa sa quality control eh add one size medyo alanganin sizes nila,1,
dirty white was disappointed kasi hindi white ang dumating. if you check the picture it's off white or dirty white. sana iba na lang ang color na binili ko.,1,
ang liliit ng bra. dito naman ako bumibili before pero bakit pumangit yung quality ng mga bra. maliit na manipis di accurate sa sizing. kaloka. not worth the money guys.,1,
ang pangit..ng item..and yung wrapper.. ..so far itong item di madagan and kulang ang item..,1,
"yung football n blue ang pinili ko pero ang dumating yung frog n green, not satisfied.",1,
not worth it kulang ang item wala charger pano to lowbat na pano icharge......,1,
pangalawang beses na nag order dito. nakakadismaya lang kasi may damage ung isang item. sana next time maayos na ang ibigay.,1,
expected na nakalagay sa carton disappointed hindi ganyan un packaging sa picture nakapack.lang pla ng ganyan sana d nako nagorder,1,
i ordered black & white. ok yung black. but itong white left side lang ang gumagana. ok naman ang charging pero sira talaga ung right! didnt get refund kahit niraise na sa seller,1,
soooooobrang nipis! kakailanganin mong mag leggings or shorts sa loob kasi kahit hindi ka sa maliwanag tatayo halatang halata ang loob sa sobrng nipis!,1,
"i ordered glossy pink, matte pink ang dumating na may patterns. seller unresponsive pag may issue yung item. wew. kayo na yung mali, wala pa kayong resolution. will not order again.",1,
. ayaw nya gumana ilang hours kona po chinarge kaso ayaw tsaka lang nag o-on pag naka charge tas pag tinangal mo yung charger na o-off na ulit huhu seller hndi nmn pwding nakadala ako ng charger everywhere huhuhu sellerang init init po dkopa magamit kasi ayaw mag on pero,1,
eyeliner maskara eyebrow order ko. wala pong eyeliner only 2 pcs lang dumating.,1,
sorry po pero d po worth it ayw po gumana sa app dpo cya sumusulat.,1,
damaged yung una kong nareceive na item. everytime sinasaksak ko yung item nangangamoy sunog nakakatakot parang puputok nalang any moment.. pinalitan naman yung item kaya lang ako mismo nag punta sa warehouse nila binigay sakin address. okay naman yung pinalit na item kaso ang hassle lang sa part ko,1,
bettle socks yung i norder ko pero star yung dumating. bettle socks sana gusto ko kasi terno ng damit niya na bettle din. maganda sana at makapal pero nakakadismaya. maganda naman ang star kaya lang bettle talaga pili ko kasi terno sa pang 3months old pictorial ng baby ko.,1,
"order received! akala ko yung ganon sa inorder ko dati haha hindi pala pero so far mabilis naman ang shipping and maayos ang packaging, ang problema lang is yung items, ang pangit nung sa baba haha unlike sa inorder ko dati, tas medyo manipis yung tela pero okay lang naman",1,
"dismayado ako!!! akala ko pang uniform na kulay, dark blue tatlopa seller, hindi nyo inisip yng mag susuot ng bra basta makabenta ok lang. sana sa susunod kahit sa sarili nyo lang ok ba itong na to??? sana para eh bless yng negosyo nyo maging totoo kayo sa customer nyo.",1,
"nag gliglitch yung lights, yung case ng earphones ay ayaw mag charge ng ayos, kanina pa nakacharge(1.5hrs) pero lowbat padin, laging 1 blue dot lang",1,
"hindi man lang pinacked ng maayos,,,sana next time ayusin ang packaging...",1,
took like a week to deliver and it's damaged. i dont have a pic since ireregalo ko lng naman but yeah,1,
black yung order ko iba yung dumating sabe 2l bakit 1.1 l lang nakakadismaya . pero thank you parin at okay naman .,1,
5/10 may isang product na damage it's because og no bubblewrap tapos tagal dumating yung parcel ko kasi wrong code sana seller ma improve yung packaging lalo na malayong lugar.,1,
sobrang nipis! see through na sya and pang inner sana ito kaso ang thin talaga. kaya hanap na lang ng idea para hindi ganun makita ang kaluluwa,1,
complete naman yung mga items kaso panget pag pack nung seller dineretso kaagad sa bubble wrap bag kaya nagka dent yung ibang fake nails. tapos iba yung ine-expect ko na design nung fake nails.,1,
easily masira straps niya sis hindi joint pads pero stretchable,1,
"not good as you can see, luma dami gasgas, mahina kahit full volume na. panregalo ko pa naman sana. buti pa ang vitug mura na magandang klase pa. haisst sorry seller for my honest review",1,
bench talaga enorder ko eh h&m ang dumating anu bayan huh...,1,
so sad hindi water proof bingay nyu sakin ngaun nakaka disappoint kaya aq dto umorder kasi ganun ung pinadala nu saakin sa unang mga order ko and this time hindi halos lahat kc ng customer hnhnap is waterproof,1,
"ano ba nman yan, .ali ang deliver...2 liters ang order ko hindi 1 liter ...",1,
"i am so disappointed with the packaging, it was not sealed as i expecting",1,
na.disappoint ako kasi pagkabukas ko parang walang laman yung lipstick super dry na. bago pa naman sya tingnan at ganda nang kulay.,1,
"naeexcite ako nung dumating na yung parcel ko, disappointed lng ako kasi walang protection yung parcel ko, nasira tuloy yung eye shadow. mabilis nmn sya dumatin at nag ship. mali din yung sinend sakin na lip balm hayss.",1,
huhu sayang pink ang need ko po e bat naman orange to .,1,
eto lang ata pink rabbit tama sa pinadala sa order ko maliban sa dlwa di naman yan ang order ko!!,1,
i ordered 11 pcs.. 10pcs lng dumating.. seller is not responsive... so sad!,1,
"mtagal nkong bumibili umoorder ng gnito maayos at hndi butas,tong narcv ko lhat nka impis my mga butas pg open ko my tubig,basa ung bubble wrap at dlivery plastic,nkkdisappoint blak ko sna 20 pcs buti nlng 5 lng inrder ko,pamigy ko nlng to mattuyo kc to e.nxt time po pakicheck",1,
good seller 36acup. lng po ako bkit ang laki ng cup. super.hysst,1,
"swertihan lang sa mga item na makukuha or idedeliver sayo, yung isa kong naunang inorder all goods ang quality, pero itong 2nd order ko e may kalawang at gasgas yung item",1,
i'm not happy hindi ganun kalakas ang sunction kahit buhok na nakakapit tagal higupin at napakaingay but pwede na din andito na eh...at mabigat sya for a gadget na handheld..after lang ako sa uv light para sa bacteria dun lang ako natuwa.,1,
mali ang kulay..pink ang dumating..eh lalaki anak ko..kaya black ang order ko..next time please yung tama ang ipadala ninyo..,1,
so so dented tagal pa iship out sayang wala option ng refund sinobrahan yung ibang item siguro alam na dented pinadala,1,
"actually 3 stars lang, pagka received ko ng package halos dikona ma muk haan, bog bog na bog bog, and may tape sa below ng lalagyanan ng item, parang nabuksan na. wala pang charger na naka lagay gosh! pero safe ang items.",1,
ibang design nman binigay nyo sakin kya nga pumili aq ng design tpus di nman masusunod,1,
not satisfied sad to say ang sakit nya sa paa although goma sya ang bilis din nya magasgasan dumating knina sinuot ko agad tapos na gasgas agad natanggal ung kulay black pa nmn. ang liit din ng size kahit 40-41 na yung kinuha ko. sayang excited pa nmn ako,1,
not good ung bricks ang nabili ko.. 50 pcs.. maganda naman sya kaso not sure sa dikit kung tatagal kasi nakaka 1 day plang natatanggal na ung dikit nung iba.. at ung pagkakagupit pangit hndi pantay.. may maliit may malaki..,1,
peach bloss po ung inorder ko pero iba ung dumating,1,
lip theraphy magic dw eh pag pinunasan wlang natira kalukuhan yang trending nayan nabudol nanamn ako,1,
"nadismaya ako sa print brand sticker lang pala,akla ko nakaborda,matanggal lang pala",1,
good sabi lipbalm which is lipstick siya tas amoy nakakasuka idk basta di maganda yung amoy for me but thank u,1,
not good ang pngit ng pndl nyo blgtad lgyan ng tape nkkdisapoint umordr dto,1,
"4/10 im so sorry pero nahihilo ako sa amoy huhu baka iba iba lang talaga tayo ng preference sa scent. the smell lasted very long which was good, too bad i didn't like the scent lang pero the packaging is great considering that it's a fragile item ",1,
natagalan bago dumating kc nanibago c kuyang delivery mas nauna pang dumating yung huli kung order tpos nung dumating yung medium kasin laki lng ng small na naunang naorder ko...ending d nagamit ng pamangkin ko kaya binenta nlng nmen sa iba kaya oorder nlng ulit kmi pero sna dis tym,1,
"disappointed lang konti kasi blue/pink ombre yung order ko pero pink binigay nila. pero okay na dn, gusto ko lng talaga ng motivational water bottle, so far nakakatulog naman sakin. linisin nyo lang maigi para walang aftertaste ung tubig nyo. babad overnight sa water+soap+baking soda",1,
"kaka tanggap ko lang po ng order 10/18/21at mabilis² nmn yung shipping but sadly pagkatapos kung ma unbox at ginamit around 20-30mins hindi na po siya gumana, whyy??",1,
ndi yan ang inorder ko order q yung parectangle n water bottle pero yung ibang designed ang nareceived ko hindi ako nainform ni seller na hindi yun ang ipa2dala niya wla din send ng picture bago mag shipped ng items,1,
"the quality of my orders is good. may konting amoy yung face masks, and manipis sila compared dun sa nabili ko the last time. im giving the seller 2 stars, due to incomplete yung pinadala nya as you can see on the photo. nag chat ako kay seller at hindi",1,
"di nasunod yung kulay at design na gusto ko bagaman tama yung dalawa pero di doon sa isa at wala man lang pasabi napapalitan niya, sa random na lang sana ako pumili, nakamenus pa ako, sana naman tanungin niyo yung buyer kung pwedeng palitan yung item na inorder nila hindi",1,
"malambot nakakadismaya lang kasi yung inorder ko old rose pero yung dumating violet,sana naman nagsabi kayo na walang available......",1,
iba po ung itsura nya tas black po ung order ko pero nung dumating blue syaka mabilis na malowbat,1,
malambot ung sole ang dumi ng sintas at ung gilid ng shoes parang ginamit na nakakadissapointed ..ok na sana even tho masyadong mlambot ung rubber nya..sira sira pa ung kahon nya,1,
i order black ang purple lining but ang dumating brown and ang tagal nya uminit,1,
"the product i got didn't last longer. nagkaissue sya sa loob, nasunog yung wiring habang ginagamit ko and i was not able to provide a video dahil sa kaba baka sumabog yung purifier.",1,
medjo disapointed di naman sya deffect pro di ganito ung iniexpect q na ledlights na pang room..and 4meter lng sya and subrang nipis..sayang,1,
"sana po next time tamang kulay naman ipadala niyo, pink po order ko blue pinadala niyo",1,
"hindi xa garantisaso. yung unang inorder maganda, pero etong pangalawa na ay walang plastic cover yung led lights.",1,
oks ediwaw sa pic nakakadisappoint lang na anlayo ng mga inorder ko sa reality pero sge tinda nyo yan ehhh oks nalang saken kase mura lang din ehh,1,
10/10 hindi tama ang binigay na size. 25size order qo binigay salon 24 na size masikip sa anak qo.,1,
medyo manipis.. dismayado talaga ako sa color..purple ung order tapos pink na clear ang dumating,1,
not worth it mahina yung electric fan atsaka hindi na bbend,1,
as you can see sa picture medyo unsafe lang ang dumating na item skin dahil sa walang bubble wrap yupi din ang box.pagdating sa item nagchacharge naman siya ang problem may umuugong sa loob ng fan.ang aking suggestion ay hope na sana ay yung pinapadala ay may bubble wrap para,1,
"hindi niya kaamoy yung original cloud, sobrang layo ng amoy so if u want to buy a dupe this isn’t for you (pero the scent is not that bad)",1,
"two wrong issued items received. did not get the particular items na gusto ko which is the red football socks & snoopy bib, reason kya ako nag add pa ng ibang items to buy. the seller did not at least communicate if its ok to replace the particular items. i",1,
hndi po siya nakabubble wrap tapos sira yung cable ng earphone buds d kopa alam kung gagana or hnnd .,1,
"ang layo ng kulay red sa white, red ang order ko, naiba, kung wala pkimessage na lang ako, anyway may cp# naman ako..nakadismaya!",1,
parang gamit na sya.. nay sira ang box then mga remote d na naka well pack pati ang wire ng saksakan may mga sign of usage.. may ilang gasgas dn..,1,
not bad yung sa color i ordered blue and purple at ung isa green at purple.. ung natanggap parehong green at purple.. nakaka disappoint lang kc wala man lang kau pasabi na nd available ung blue at purple.. ni nd din nkabox.. kaplastik lang.,1,
disappointed ako s a eyeliner nag fade away tinry ko kaso parang wlang tinta,1,
"nkakalungkot lang di tugma ang sizes sa design...ang hassle magbalik kaya pinagpartner ko nlang base sa sukat,sali saliwa na ang design... pray ko nlang ndi mapansin ng mga customer yung design ndi tugma....sna nxt time pkirecheck ng maayus ,ang hassle magbalik lalo na province kame",1,
"8/10 i don't recommend this wipes for babies dahil sa texture niya. maganda into for adults lang for convenience esp. kapag may lakad. based sa pic, akala ko nabasa yung mga orders ko sa ulan pero nag taka ako dahil fully sealed naman yung parcel. yun pala ay may sira",1,
"2s lang kase expected ko tig iisang color yung na order ko*white, green at pink* (para iwas mag kapalitan) kaso naging 2 whites at 1pink chineck ko ulit yung page ngayon naman naging ""blue"" yung picture ng ""vintage green"" tapos 4items inorder ko sa shop na to kaso 3items lang",1,
"ngloloq ung bluetooth d rin xa nailaw pag nkacharge..ibblik q sna pero wla aq time kc may baby ko,kya sna nxtym po test muna before packaging po..ngbayad ako ng tamang halaga pero nd maayos ung pnadala nio",1,
disappointe po aq mali ung isang kulay tapos ang size pla ng size 40 parang 8 lng maliit halos hindi q lng masusuot,1,
different from the pic 3 star kc ung gusto kung ano ung nasa pic bat naman iba narcvd ko… no choice gamitin p rin kahit na haysss,1,
maling kulay ung dumating sa socks .. preferably red bettles pink ung dumating,1,
"umm ang dali masira nung ano niya. tinanggal ko lang yung purple sa taas tapos nalasog lasog na siya. nung nilagay ko yes effective nag pink yung lips ko. then triny ko siya alisin, tapos maya maya nag bakbak yung lips ko huhu. idk basta ayon.",1,
sobrang nipis ng diaper parang 1 ihi lng ni baby tatagos na 2nd order ko p nmn kse sabi ko nga sulit tumagal yung unang order ko...,1,
akala q colord yun pla blak in white sa picture colord yung nka lagay...,1,
good poor packaging baxta lang nilagay sa shoppee plastic bag.,1,
almost 15days bago dumating,1,
received na ganito ang packaging. nakayupi and opened ang karton. i dont know if sa seller pa ba ang fault neto or sa delivery rider ? ipapanregalo pa naman for exchange gift ng anak ko tapos ganito.,1,
not god nag hahang yung tablet ang bilis malobat di ako makanpag search nag hahang pa,1,
not worth it nkkdismaya kc yupi yupi n yung box tas yung buga ng hangin ang hina hina khit nknumber 3,1,
magkaiba ng color compare dun sa 1st purchase ko.,1,
1100 ml ung nareceive ko pero order ko 2000ml. d ko na binalik kasi kelangan ko na gamitin. good condition naman ung bottle kaso malayo talaga dun sa order ko haaay,1,
"i ordered m, but l lahat ng sizes na binigay",1,
creamy i am looking for a tint. this is no tint! natatanggal at dumidikit pag dinadampi. ano ba yan,1,
nkalagay sa order ko black ang dumating blue colorblinded yata si seller yun lang nmn mali the rest worth it nmn,1,
3 star lang po kasi na disappointed po ako kasi 5m ang inorder ko tapos nang sinukat ko ehhh 4m lang ang binigay nakakinis talaga,1,
ayaw nman mag charge yan item send ninyo,1,
1star s shop nato..sana namn po bago nio e ship paki try namn po kung gumgana.excited p namn sana pamangkin ko n gamitin pero patay sindi lng xa.nag chacharge gagana tos d nanaman gagana..sayang lang pera,1,
the black one hindi stretchable saysng nmanmaganda pa nman,1,
keme lang toh kakaorder ko lang last night pero naka order received n agad khit d pa nashiship out kaloka... bbigyan ka nila ng voucher code with no min.. spend tapos ang ending papaasahin k lang... hahahha gnun katigas mga mukha nila hahahaha,1,
this is all good and working but the first thing is the remote control this is not for 215 imean for 10meters! that's why i choose 10mters because of the remote control but when i open the parcel i really disappointed maliit ung dumating na remote,1,
i received complete item corrrct color but ung isa ay wrong size ok lng po sana kung nainform before shipout hindi ung paladesisyon kayo kung wla ung size sna inform nyo po ung customer or pakitanggal n po s listing nyo kung wla nmn pala stock or sna medyo malapit,1,
"same same mali nanga kulay di pa effective, sayang order ko kala ko yung tulad ng sa iba na magsstay ng matagal hayst.",1,
black maliit ang binigay sa akin na dalawang black . useless lang din . same sa isang seamless na black na binigay sa akin .,1,
sana sinabi nya sa description na mag aadd nang isang size para alam nang costumers nya na hindi sya standard size...jusko hindi ko na tuloy magamit..,1,
"the item itself, di achieve yung pag ipit ng tummy. parang walang nangyari. nasayangan lang ako sa pinambili ko.",1,
wrong color rcv. i orderd for blue. white po dumating,1,
nakakasugat yung matigal na sa high waist,1,
ang dumi ng cover ng blue tpos pgbukas ko may isang rib or bakal na tabingi.,1,
water syemps hindi ko gusto yunv amoya baho siya for me. parang ewan pero di ko den alam if effective todo spray lang ako 3h,1,
next time po make sure na check muna yung item before iship. may damage yung item ok sana yung item kaso may damage siya may butas siya,1,
hard rubber masakit sa paa i ordered 2white 1black 1 pink but instead you sent 3white 1 pink .. sana kng hindi available ang color wag ipilit sa customer para hindi nadidissapoint sa service ng seller..,1,
blue ang natanggap q ei black ang order q..wrong color,1,
dapat pala 1 size bigger ang inorder ko....sayang.... hindi ko magamit...saddddddd,1,
sa sobrang tagal nakastock ng payong kahirap buksan hindi siya worth it sa price.,1,
"equal to amount ung pants po may stain na white sa gilid. like parang nagkamali ng logo tas ibang logo nlng nilagay. isang laba pa lang malapit na matanggal ung logo, sana wala nlng ganon ayaw ko sana mag review ng di maganda.. kaso alam nyo un? nagbayad naman ng",1,
okay nmn gumagagan my mga yupi lng i dont know if s courier un..kc wala man lng nkalagay s bubble wrap kung saan ang taas at baba ng item bka binalibaliktad kya ganun..haisst,1,
white po ang inorder pero pink ang dumating,1,
kulang po yung pinadala nyong wallpaper flattetter 3 yung order ko 1 lang dumating,1,
kakasad nmn bkit ibang kulay ung pinadala nyo light grey po ung order qsna kung dna un available dpat po ngsbi po kyo pra nkpili po aq ng kulay n iba..dmi n kcing itim ng asawa q ibang kulay nmn sna..next tym po update nyo po muna ung costumer.,1,
may mga murang product pero sulit ang bayad at may qualidad. i can not recommend this shop to others... quality over quantity. on the other hand fast dlivery by jnt. thanks.,1,
mahal ng set nila. medyo hindi lang po ako satisfied kasi manipis lang po siya including yung bed at unan. yung tahi ng net natatastas rin. sorry po 3 star lang. medyo natagalan lang rin sa pag-ship.,1,
not good. pangit ng quality and di yon yng order kooo,1,
"nakakadisappoint kasi sobrang nipis ng tela pero eka nga ano bang inexpect mo sa mura na presyo. anyways, thank you pa din seller and shopee.",1,
"this 85ml ariana cloud is not good i thought super bango niya, hindi siya amoy soft powder candy. super disappointed ako dito kasi nag-expect ako na mabango siya and also hindu rin siya nagtatagal parang hindi oil based. 3/5",1,
"disappointed! wrong color po, okay lang sana kung hindi same color pero parehong red. naku po,sana naman iniba nyo,nag message pa ako pagka order ko. sana naman be responsible,hindi naman random colors ang nakalagay, naki-click ko pa nga ang gray at black eh,paano naging red?",1,
dito ako umorder since shopee mall. yung product mukhang hindi legit. yung smoke removal naging smoke ermoval,1,
ayaw mag change ng light color parang my defect ung switch,1,
"sobrang na excite ako dito sa parcel na to to the point na nung dumating hindi ko na navideohan inopen ko na agad,but i was disappointed, hindi gumagana yung isa tapos ang ingay pa,ngayon lang ako nagka experience ng ganto sa shoppee.",1,
"ok na sana eh, kaso diskompyado aq dto sa isang pair? magkaiba ng design??? hays!!!!",1,
ok ok na sana 2nd order ko na to pro sablay na mali lng pinadala na size 3xl order ko 2xl ang dumating sobra pa tagal di ko tuloy magamit haaayst sayan lng,1,
"none di masyadong nagmamark. so thin talaga...seller unresponsive, they sent me a product na walang laman. thank u manong rider",1,
thin hindi sya yung order ko violet black dumating,1,
not so good dahil sa battery life oka namn sya.. maganada... kaso madaling magbawas ng battery life. madaling malowbat... kaka charge ko palang po.. wla pang 1hr lowbat nah... partida hindi ako naka data or wifi.. sine set up ko palang.,1,
ang nakalagay ay 10m pero 5 meters lang pala ang dumating. nalaman lang namin nung ikinabit na kasi maikli lang ang napaglagyan ubos na isang roll. 5meters lang pala. sa susunod be honest sa details ng products nyo. maraming salamat.,1,
wrong color yung binigay pink order ko black ang pinadala,1,
with issue disappointed ako sa isang tumbler kasi hindi nag open ung flip cover nya unlike nung isa na pag pinisil ung lock mag bubukas na.. si seller hindi na rin nagreply nung may problem na. dapat ung refund policy dto sa shopee ay ibalik kc pag may deffect ang,1,
walang essential oil na kasama nawawala yung string sa dulo,1,
goods sana kaso wla yung nilalagay sa ilalim ng straw. yung excited mu nang gamitin. haysss. dissapointed to the max. dito aq nag order kasi ang ganda ng mga review ehh. how come na sakin lang 2 nangyari. haiiii.,1,
"im so sad..kc tatlo binili pare pareho ng kulay dapt assorted color, lang sana",1,
"mag-ingat!!! one star lang to... dapat nga zero... minsan lang din ako magcomment xd .....damage ung box, damage ung mouse , parang lego ako magbubuo xd. ganun pala yung surprise me .... sobrang mystery pouch xd... sana 1 ruler na haba bubble wrap nlng ... you made me smile in",1,
good mali po ung color na nabili ko gray ung order pink blue dumating kulang p ng straw ung isa di na siguro ako uulit sa shop nyo sorry di na ata ako kukuha p sainyo,1,
ang order ko 6bench at 6 h&m.. puro bench ang dumating.. at ang size mejo maliit hindi tulad sa boxer briefs na ok ung size.,1,
dumating na pala ang parcel ngayon lng ako naka pag-rate medyo bz lang...iba yung nilagay sa picture at ang item na na receive ko black and white...dapat seller papalitan nyo ang picture...ipakita mo yung tutuo...,1,
na disappoint lang ako dahil excited pa naman sana ako kaso pagkabukas ko basag and then walang bubble wrap sana binagyan kahit konti lang medyo mahina yung sounds,1,
ariana inorder ko katy perry dumating huhuhuhu,1,
"desapointed ako sa size ang liliit pala, 38 size ko pero 40 ang nagkasya sa paa ko, hassle lang pag binalik at pinapalitan sayang lang charge sa j&t dami ko pa naman order 7pcs",1,
hindi responsive ang seller nakailang chat na ako pero ni isang reply wala. more than two weeks bago dumating ito pinakapangit na experience ko sa shopee,1,
9/10 maganda sya no damage nakaka dismaya lng si seller di man lng dinoble check bago ipa ship at nag iwan ako ng note na paki double check bago ipa shipp kung tama ung size at color kaso ending maling size pinadala nila size 28 order ko 26 dumating hassel,1,
"sa bubble wrapping pa lang, napansin ko agad na too thin for fragile items. may basag ang ringlight although umiilaw naman. then yung stand, hindi na-eextend yung isang paa so pinaayos ko pa. i dont think dahil sa delivery yung defect sa stand ha pero yung basag sa ringlight pwede",1,
mali ung pink na binigay sakin hindi sya 10 ribs ung 8 ribs lang.. i'm so disappointed,1,
basag ang salamin... paano magagamit. so disappointing sayang pera.,1,
"okey sana ang items niyo, maganda ang quality kaya lang 2 times na ako nagpadeliver maling kulay at maling design pinapadala niyo. sana nman kung anong design at kulay inorder sainyo ganun din ang ipadala niyo.",1,
sobrang tagal ma ship out tapos hindi dumating sa binigay na date na dapat ma deliver.,1,
mali yung dumating 900ml-1100ml...kala ko ba 2l tsaka bkt purple and pink..ang order ko naman purple at blue tapos iba yung dineliver kesa don sa picture,1,
"wrong size and color,ang order ko ay 2l pindla,1l di nmn ngrerply c seller",1,
order received! to be honest i don't like it kasi super lambot nya and naistretch pag sinuot which is hindi comfortable to wear kase lumuluwag,1,
blue football order ko sky blue elepant dumating,1,
gray and maroon order ko kaso black and light gray un dumating wla b available na maroon?,1,
sira yung isang airpod na violet .. di nyo po tinry kung gumana,1,
wrong item received.. magkaiba order ko pero binigay nya parehong h&m,1,
malambot ang tela thanks sa seller maski late na kayo nag rply nag add to cart parin ako..hindi kona lang hinintay ang rply mo coz i trust sa mga nag comments sa inyong shop..pero sa 3rd photo ko may dumi mabaho pa masama ang amoy.. bakit ganon? sana naman e-check,1,
good bakit ganun? all medium order ko pero may large na dumating?? sana maayos yung ganto sayang maganda sana yung product eh,1,
"good akala ko sakto lang sakin kasi ito talaga size ng bra ko yung pala too small, so disappointed apat pa naman agad ang inorder ko at ang gaganda nya sa pic",1,
3stars for me di naman masiado nakaka kuha ng dumi pati mga buhok ng aso hnd nya kaya. sa video ung dating deerma na vacuum ko mas better ba as seen on the video. di siya okay for me thums down,1,
"parcel has been damage ang alarmbre nasira , kakatanggap ko lang ang ganda nya pedi paba palitan to ?",1,
ang inorder ko mag kaiba ng kulay ang dumating mag kamukha saka yung naiano sakin yung malaking size tsk at ang tagal bago makuha,1,
"my third order sa seller na to but now i'm disappointed,nagmessage ako,i said i prefer dark colors,black,dark gray or dark blue but she sent light colors,dalawa lang ang black",1,
pg icharge m nksindi ayaw mturb off. gnun dn pg tinanggal m n s charge low bat ulit!,1,
halata syang fake nails..i mean di tulad ng ibang fake nails na nabili ko..at madali pang ma-crack o masira although goods kasi maraming magagandang choices..at na-budol ako sa pa-gift ko noh pero sa tatlong order ko na may gift kahit isa wala tapos sa next order na lang daw ibigay,1,
order q is black n grey pinadla nyo parehas grey nkaka dismaya kau n seller para aq nito hindi nag papalit ng suot sana nextime pki doble check ang order bago nyo ipadala salamat,1,
masikip talaga pag kulay gray at black pinqmigay ko lang masikip sa hita! dpat sana nxt time parerehas ang sizes.,1,
"ok po yung 2l motivational bottle, yung problem po is yung dalawang order po namin na 450ml na bottle may sira po at yung kulay mali po sana po sa susunod na may mag order ayusin na po ni seller, info toh sa mga susunod na bibili sana po maging",1,
kulang ng 1 wala ung color beige,1,
mura sana yong mga item. kaso ang seller hindi marunong tumupad sa order ko...nag chat pa ako sa kanya tapos nag agree pa ngunit ng dumating yong parsel mali ...instead ang size ng click ay double xl at xl tapos same design lang..iba ibang design ang dumating at puro xl,1,
"ang inconsistent ng sizes despite it being all medium. out of the 6 boxers, 4 ang masikip and 2 lang ang nagfit sakin. nakakasad lang kase ang ganda pa naman ng quality nya tas yung isang boxer pa malapit na matanggalan ng brand label.",1,
not good y yun isa tumbler na yupi kya 3 star lng..,1,
incomplete size dumating tapos ayaw pa e deliver ng rider sa mismong bahay kaya nga cod dba? bkit ako pa mg pick up cod naman,1,
not good hindi tugma sa inorder ko ang dumating pink rose ang order ko pero light pink ang binigay hindi tuloy mag ka pareho yung una kung inorder,1,
"ordered april 25, may 14 na dumating. mas nauna pa dumating mga orders ko from overseas",1,
ok naman po....kaso kulang pinadala isang pares lng instead of 2 pairs.....paki double check nalng sa susunod b4 e ship....waste of tym to refund...,1,
meron syang damage at upi ang box at mainit sa pagdating parang ginamit sya,1,
yung fun chinarge ko 8 hours di parin umiilaw at di naman gumagana yung ikot2 niya sa itaas... iyan pa naman sana sadya ko kasi if ever na aalis kami yan gagamitin ko na fun sa baby ko . kaso di pala magamit sira eh.,1,
poor sa picture lang maganda...sa actual very disapointing...,1,
order received. kaya lang mali yung color nung isa. binili ko green and white. ang dumating green and pink. di man lang nag pm si seller na wala ng white. lalaki pa namn gagamit.,1,
nakaka lito brand new pero gasgas na ang screen pero nka screen protector,1,
good mali ang sukat. 10 mts x .45 mts naka lagay pero halos 6 mts lang total length.,1,
may damage at sobrang nipis,1,
okay namn po kaso mali ing binigay sakin kulay. mga light gray po ang order ko white ang binigay. kaya nag order na po ako ng white sana wag nman magkamali ng kulay ulit.,1,
"ok base sa discription rechargeable pero hindi pala. walang charging port, battery lang talaga. umay!!",1,
"wrong color !! 3 stars lang dahil mali yung kulay na ni-ship. it was supposed to be gray/black as shown in the vid and pic. if only the seller informed me earlier, i’d still give it a 5 because they complied regarding this prob - but nah. would recommend this",1,
"kulang po, walang false eyelashes na dumating",1,
not good sira yung side nung sa color black tanggal,1,
not good. okay naman siya kaso na dissaponted lang ako kasi 38size yung inorder ko yung dumating size39 at medyo may gasgas siya sa gilid nag add pa nmn ako ng 17 para sure na protektado yung inorder ko tapos ganon lang din pala,1,
not serve its purpose ok naman yung item kaya lang di sya nakakaliit ng bilbil. nakakasad naman. thank you pa rin seller.,1,
"umorder ako ng 1pink 1 blue pa sa 2kids ko(girl & boy) nagleave dn ako ng comment upon ordering,nagleave dn ako ng message sa seller.. mabilis nga dumating pero nkakadisaappoint lng kc parehong pink ang bingay..",1,
"kind of disappointed cuz i got the same product, kinda unfair but it's a mystery box so what did i expect diba? atleast maganda quality ng mousepad <33",1,
not fine maganda ang mga itsura pero ung pang coffee na iniregalo ko s husband ko hindi nya nagustuhan kc tagos ang init dpat hindi natagos ang init kc insulated vacuum nga ang description nyo. kya mabilis dn mawala ang init sabi nyo 6-8 hrs pero hindi totoo. napahiya pa,1,
okay sana kaso ayaw gumana ng remote why naman haysss,1,
potang ina mo sa seller kasi wala magawa and wala ilagay sa bubble plastic and kanino po nakaopen?,1,
5/10 i don't recommend this if iphone user ka. kasi sobrang hina nya and ang pangit ng speaker. hindi ka maririnig ng kausap mo sa call kapag gamit mo 'to. kaya medj nakaka disappoint.,1,
mahina yung fan nya and not so sturdy yung legs ng table.,1,
"second time ko bumili ng diaper sa shop na to. na dissappoint ako sa size ng pinadala nyo. medium size ung order ko.. pero yung nakapack na diaper is naka mix size sya merong l, xl xxl. anu ba naman yan.. sana check nyu muna bago nyo naman ipadala..",1,
not good nataanggal din ung sa side nia. ganda pa naman sana.hayyyyyyy,1,
"cheap its weird coz the lenses were convex, it should be concave. and medyo tagilid din ang frame huhu",1,
not so good maganda ang sound niya pero napaka daling malowbat... yung lenovo nalang bilhin niyo 360+ lang matagal malowbat tpos maganda din quality ng sound,1,
not good gags kulang ng scalp massager,1,
"sa totoo lang, sobrang pangit! ang pangit ng tela. ang pangit ng kulay parang hindi maroon tapos may mga tastas. nue beyen? ayusin nyo naman to uy buti nalang maganda pagka picture halatang walang damage.",1,
not so satisfied wala manlang bubble wrap nag dagdag pa naman ako ng electronic protection umay okay na siguro yan 3 star,1,
"sira ng dumating at nagmamadali si rider ipakuha ang order, d mabana kahit na charge na magdamag at madaming uklap",1,
wrong colorrrrrrmmm.....beige inorder ko green dumating sorry sa pic green siya sa personal pero sa pic beige siya,1,
"bat ganun iba ang tela compare sa nauna kung kinuha at masyadong colorful, pang white pants ng brother ko un d tuloy magagamit",1,
palpakkkkkkk haysssst mali yung size na binigay maka dis apoint,1,
type c namn yung dumating hshs,1,
"kulang ung item, nagrequest ng refund inabot pa ng 2days saka irefund.. panay balik ng request ni seller na ireturn ang item saka irefund! mali ng seller kami pa papa-hassle mag backship tpos magbayad pa sf pra marefund sa halagang 119. pakiayos next time seller, double check nyo ung item.",1,
white inorder ko pero black dumating tapos yung size ng 40 masikip pa din dapat ka pag 40 size ng paa nyo dapat ang iorder ninyo is 41,1,
"wrong mali naman ang ipinadala. available naman po dun sa cart. bakit naman po ganun? ok naman ang quality, disappointed lang ako dahil mali yung color ng item. thank you pa rin po. god bless!",1,
"may damage po yung isa, dpt po paki check na muna bago pinadala hays .",1,
"quite disappointed with the colors.. di siya same sa photos, as in big difference and sobrang light basta iba consistency. only this color is ok for me.",1,
not satisfied walang spring yung isang item .. sana mag function sya ng maayos kahit wala non,1,
hays sobrang na disappoint ako sa phone stand ilang beses na akong umorder dito pero binigyan parin ako nang damage na item hindi bha nakita kapag pinapack na?alam naman na sita dadalhin pa sa packing hindi ko alam kung trip ba talaga nila o sadyang tamad lang mg check ang,1,
umay order ko black and white ang dumating all black naka dismaya,1,
"wala yung serum, first time ko mag order tapos may kulang na isang item",1,
1 i ordered for gold pero green ung dumating.. and sana ung pangalan hindi deceiving hnd naman totoong samsung pero ung title ng name ng item samsung ..generic android tablet lang nman .,1,
"okay na sana seller kaso bumuka sa baba yung ring light, parang naka glue stick lang. tyaka pansin ko iba yung design na dumating saakin kaya nahirapan akong i assemble kasi mag babase lang sana ako sa mga review.",1,
"okay nmn yung item, kasoo hindi gumagana yung remote excited pa nmn ako..ano bang gagawin para gumanaa yung remote?",1,
"not good okay ung sound nya ang problema ung mga pinadala na mga charger nya hndi magfit sa knya so useless ung charger nya, isa din problema madaling magluwang sa lalagyan ng headphone, hndi mo malaman kung nagchacharge ba sya o hindi",1,
"nakkdismaya d parepareho size may kasya meron nman masikip,, pero goods nman ung product. three star lang .",1,
"walang laman, nadismaya ako. first time kong madismaya sa mga orders ko. maayos naman ang pagkakabalot siguro yung takip lang talaga siguro ng bottle hindi maayos ang pagkakasara. please lang po sa seller paayos po ng sara ng mga takip ng product niyo nang sagayun ei maayos makarating goods po",1,
tagal dumating ordered 01 14 dumating ng 01 21 tas wala man lang box at wala din clear instructions on parts. may maliit na papel na di naman maintindihan. di din ganun kaganda bass nya.,1,
i ordered white but i received purple. pero walang purple sa choices,1,
"low quality masakit sa tenga akala ko pa naman maganda ung sound pero basag, nakaka disappoint. kahit music mode or gaming mode basag masakit talaga sa tenga kahit ate ko napangitan din sa sound. baka panget lang yung napunta sakin mas ok pa yung earbuds na tig 199 shshshh fr",1,
wrong color yung isang socks na binigay. instead na blue football orange ang binigay. sana naman nag message muna bago nagpalit ng ibang kulay or pang boy o unisex nalang sana ang pinalit.,1,
hindi naman pp gumagana ung charger at keypad pano po yun???,1,
good the product are good..all though i haven't try..pero seller bakit mali ang isang size?.. sana e.check nmn mabuti bago e.deliver or mark if not available ... shopee..may mga rough attitude yung driver nyo....,1,
brief yung inorder peru boxer yung dumating hay naku,1,
poor due to poor response . kulang kulang ung items. instead n 4 boxes of face mask ang pinalit isang pair ng tsinelas. if ubos na yung stock nyo mag notify nmn kayo s mga customer nyo tsinelas n nga ung binili ko. tsinelas p ung ipapalit nyo dun s,1,
napakaliit ang size nila...size 7 ang paa ko pero nagorder ako size 38 para sure na kakasya ngtanong pa ko sa seller kung ang 37 ay size 7 oo daw kaso napakaliit ng size niyo...kita nmn sa vdeo na bitin pa sa paa ko...dapat sinasabihan niyo mga customer niyo ng,1,
wrong color i order purple blue pero blue purple ang dumating,1,
ok merong mga punit punit at andaming yupi yupi kaya nung dinikit ko na sa wall hindi makinis tingnan andami rin tuloy nasayang na part ng sticker.,1,
ok bkit nman gnun 3items ang inorder ko pero dlwa lng ang nareceive ko.. akala ko nkamura na q ako pla mabubudol... ayusin nyu price nyu kung hindi rin masusunod order ng costumer nyu 3 items order ko pero dalawa lng pinadala nyu.. nkkadala umorder kpag ganto...,1,
"sira yung mic ng earphone, d din magagamit.",1,
hindi kumpleto item .. nung una ok sana .. di din tama s expectation .. nung una lang ..,1,
"ayaw mu lang mag bigay ng coins ee .. maganda na nga ung review ku, ayaw mu pa tanggapin. anu ba gusto mu ? hayst naku . bahala ka jan",1,
"received the parcel,not really satisfied, kase may times sabay may tunog tapos mawawala,kabila nalang tapos disconnect-connect sa bluetooth.ganun ba talaga un...gusto ko sana ibalik kaso baka hassle pa..tumutunog naman pero parang kelangan mo xang pakibagayan..by the way thanks",1,
dec.29 sobrang tagal ng delivery sa shoppee express.. kala mu galing china hnd nman,1,
"disappointed wrong color yung isa, purple po hindi pink.",1,
5th & 6th buy. ung mouse pad worth 39 pesos lang sa shop mismo nila. not good. not sulit. not responsive. 5th & 6th buy. ung mouse pad worth 39 pesos lang sa shop mismo nila. not good. not sulit. not responsive.,1,
"ok na sana kaso kinulang ng isa ang order ko.. wala po ung gunting... sana nxt time ayusin naman para walng reklamu ang costumer,,,",1,
kulang po ung narecieve ko. wala ung handle ng sticky roller.,1,
2/5 huhuuuu ibang iba amoy nyaaa and sinet ko naman perooo walaaaa pa rin talaganggg umaamoyyy but i brb to the second time that i will use thisss huhuu,1,
yung phone mabilis malowbat at walang cgnal..tapos ng shop refund nlng daw nila natanggap na nila yung items dli dina nila mabalik yung payment..dpat report 2ng shop nato ng matanggal kasi scammer nagtintinda ng mga fake..sabay2 nating ereport 2,1,
"beige ang order black ang dumating,wala mn lng inform si seller na hnd pala available.",1,
"d sya maganda kc maliit ang size d rin sya nag istrech, sayang lng dko magamit",1,
water literal na parang nag spray ka lang tubig sa mukha. hindi rin effective yung glitters glitters.. di rin mabango huhu di ko bet amoy. mas amoy hairspray pa to dun sa butterfly shadow na hairspray huhuhuhuhu,1,
"high quality naman, kaso kulang lense nya. it makes me disappointed kasi fist time ko omorder here",1,
"mouse for consideration less expectation, less disappointment. nakaka suya lang 4 pcs same item out of 5, sana may variety man lang.",1,
may butas butas yung print sa likod paki ayos nalang po sa iba maganda naman yung t shirt kaso napangitan ako sa tatak ang ka butas butas eh,1,
"mabilis dumating ang parcel.nice packing double bubble wrap.maganda xa pangbata talaga.kaya lang 2nd charging pa lang pumutok ang charger nya.nung ginamitan ko nang ibang charger,super tagal nagcharge almost a day.pag gamit sandali lang empty agad kya d ko na pinagamit.",1,
nakakadismaya kasi sobrang dikit naman ng tape ni seller.pang benta ko sana mga to pero nasira na ang individual plastics nia ung dalawang tumblers kulang ng sticker,1,
goods na sana yung strip light kaso yung pag red lang may mga pundido na part kita naman dun sa pic sana tinetest bago ipadala kung goods ba lahat tyaka nkaka badtrip yung pinadalang mouse pad hello kitty yung nasa pic kaya ako umorder pero pinadala ang panget panget. nakakabwisit!!!!,1,
5/10 i have an issue about a missing item. so much disappointed dahil irresponsive yung seller. understood naman na super busy pero kahit seen man lang d nagawa hayz. some items d na follow yung color.. i'll not recommend this shop po.,1,
gray po ang inorder ko bakit po naging violet,1,
"i bought this thinking that it would arrive just in time for my event. then, matatagalan pala so i sent a cancellation request which was revoked kasi nagconfirm na si seller. i tried requesting again thru chat and nag agree naman si seller but for some reason shinip pa rin.",1,
"manipis. 6 meters lang. napabili ako uli kahit lugi para lang sure na magkapareho ng kulay/texture yung pandagdag. merong ibang honest stores na nagbebenta ng 5m for p80+. dun na lang kayo bumili. since medyo see through at halata pag inoverlap, putulin nlng ng cutter para di pangit tignan. ",1,
"2 dark blue , 1 maroon at 1 grey ang order ko n kulay . anong nangyari bakit wala iyon dark blue at maroon ? nakakadisappoint nman",1,
awit unang order ko maganda second order ko pangit na,1,
with flaw again. i'm a regular buyer but every batch na matanggap ko may flaws.,1,
"color is nice i got the item. i planned to return it kasi damage yung bag, kaya lang malapit na exchange gift. dumating yung item dec. 3. kung isasauli ko pa di aabot sa party. check the pic. i have video of unboxing it. too big file lang to share",1,
mali size yung binigay saken 32 order q binigay nyo 36,1,
#1 dont expect that much. incomplete order 1 item missing (terno for kids). kayo na ho bahala kung refund or what.. #2 maninipis at hindi cotton tela ng mga shirt. #3jogging pants sakto lang pero hindi makapal at meron damage yung iba parang nadampian ng plantsa. #4 the rest ng,1,
my sira naman ang in-order ko sa susunod bago niyo balutin ang order pakitignan mnua item kong ok sya bago niyo balutin kc sayang naman ang pera ng mgoorder,1,
"bakit 3stars lang??ito sagot oo kumpleto ang order ko ang kaso dahil sa nag titipid siguro si seller ng lalagyan di manlang naisipan i box ang mga order ko ,ang ginawa basta pinagsamsama lahat ang resulta nag leak ang wipes nabasa ang mga kasama tulad ng electric kittle di manlang",1,
kaya 3 stars kase andaming order ko na wala pgkarating .. so sad,1,
"omg. ung order ko purple/blue pero pink/blue yung dumating sakin also, i was expecting na goods lang ung laki nya malaki pala tlga sya haha. water consumption ko pang 1 week kasi tamad ako uminom ng tubig",1,
okay sana ang price nang items mahal sobra ang sf nila okay naman may basag lang yung ring . kasi hindi naka bubble wrap. fast shipping naman kaso lang di ako natuwa pagka open ko kasi basag yung ring. baka naman pwde sa susunod ma bubble wrap nang maayos yung,1,
wrong item pinadala sabi sa description 2l pero 1l lang binigay pero oks naman ang quality nakakainis lang talaga expect mo 2l pero 1l lang pala,1,
"we order black maam/sir, why you deliver pink???? pero no choice dito na. buti ok naman sya kaya lang yupi",1,
hindi gumagana yong cooler niya okay naman yong packaging pero low quality siya..sayang!,1,
"ang dami sinabi sa picture pero kunti lang yung pipindutin sa remote tapos yung ilaw pag one color lang lagpas lagpas dun sa led maganda sana kung buong ilaw nya, tapos sabi 7 color pero 3 lang sana ma improve pa testing muna dapat bago bigay sa customer yun lang",1,
maliit lng ung mittens compared to usual mittens na nabbili sa palengke. prng hnd maipapasok ng maayos ung kamay ng baby kht newborn palang s sobrang liit nakakadissappoint. tpos ung socks nakalagay blue soccerball tpos red ung pinadala. sana nagsbi man lng c seller.,1,
"maganda sana yung product at mabilis mag ship out and deliver kaso mali mali lang ng pinapadala. i ordered 1 black, 1 light gray, and 1 dark gray pero dumating sakin 3 light gray. i even messaged the seller to check the items before shipping it out to avoid return",1,
it's disappointing dahil mali na nga yung color na dumating sakin (blue orange inorder ko tas yung dumating pink blue) okay na sana sakin na mali yung color eh ang kaso baket wala yung stickers? ano yorn? huhu excited pa naman ako dumating to.,1,
madaya ang seller...hindi tamang color at sizes na binigay.,1,
not good sorry sorry pero hindi sya mabango ayaw ng dalaga ko yung amoy malayo daw sa nabili ko ariana grande sa tiktok dati alchemy of scents sorry sa shop na ito bka yung iba nla mabango nagkataon lang siguro ito hindi. sorry sorry,1,
mali yung color na binigay. order ko pink at violet dumating pink at yellow.,1,
6/10 hindi sya umabot ng 10meters..super nakaka dismaya d man lang natapos yung 1part!! kung tutuusin dapat sobra pa sya kung 10meters talaga kaso d umabot,1,
"wrong color ang naipadala, sana next time magchat muna kung walang items",1,
incomplete items tapos magaask ka ng refund voucher ibibigay sayo. how unfair. nagbayad ka ng pera tapos voucher ang refund ng pera mo.,1,
wala man lang case or cleaning cloth. plastic na plastic lang ang lalagyan tapos sa pouch na walang bubble wrap inilagay. prone to damage. buti walang mga basag o damage nung dumating,1,
low quality not recommend. mahina ang hangin pero pwede na pagchagaan. not recommended to buy from this seller.,1,
"irresponsible si seller sa pag papa ship ng mga item , so far ok nmn ako sa baby wipes na to though diko pa sya nabubuksan pero mukang basa nmn ung mga wipes",1,
"mali po ang colors dapat 15 blue and 10 red. pero bat ganun? naging 20 ang red, 5 lang ang gblue",1,
one side lng ng fan ang nagana.. hayys sayang ang pera.,1,
i'm disappointed pero i expected q naman haha dahil mura lng maganda sana pero,1,
"hnd nasunod ung color na order q, pink dapat eh... ang tagal pa nadeliver...",1,
not ok i'm not satisfied because the 1 airpods is not functioning,1,
ok sya....magagamit ko talaga kaso nausok kapag matagal na salangan. hindi kumpleto sinend ni seller. sana i refund nya yung kulang.....ayoko i return refund kase need ko yung mga items. just to be fair nalang sana maibalik yung isang wala .....hindi sila reaponsive lalo if nadeliver na item.,1,
"request q kay seller blue and maroon dumating both maroon ngmessage aq sbi ok taz hndi nman dn pla, g aq.. sna po qng wlang ibang kulay just say it kz umaasa po kmi dun s kulay n gusto nmin and nkkadisappoint pg iba umoo c seller then iba nman",1,
mali din yung isa white sunflower order ko ang dumating white strawberry tsk,1,
my honest review. nakaka sad lang kc ibang iba sa post pic nila. mukang marupok ung plastik. well mura nmn kc.,1,
8 okay na sana kasi fast shipping tapos maganda naman ang fitting sa tenga. kaso nga lang yung sa right side na earbuds basag siya. nakakadisappoint lang ng konti pero goods na man din siya sa price. thank you.,1,
"d po siya masyado madikit, after ilang days natanggal na agad",1,
sira yung eyeshadow pallet and ang tagal dumating. may mga chemical smell din sa product,1,
lukot lukot lang yung box. these are for giveaways. maganda sana kung next time mag eeffort si seller gandahan yung packaging.,1,
nakakadisappoint lng kz blue yun order q pero red yun binigay..kya 3 lng,1,
sobrang dissapointed lang ako lasi color blue inorder ko pink bnigay tpos baboy pa ih muslim ako putik tlga hahaaaa tinanggal ko tuloy ung ulo so far maganda quality mali lng bngay na item,1,
mali yung binigay ni seller. pink yung inorder ko tapos ibang kulay ang dumating.,1,
ordered it white pero yung dumating is black .. tapos ung mga size maliliit pala sayang lang yung dalawang inorder ko..,1,
"okay na sana, pag tapos ko i check out nag message ako kay seller na san maayos at nanghihingi ako actual pic, yun nga lang di daw sila nag bibigay pero sinisigurado daw nila na okay. pag dating sakin, butas na net. hays",1,
"wrong color sent.ang order ko black/gold pero you sent me orange color, ung isa right color naman, ipang cr slipper ko nalang tong orange ayaw ng asawa ko sa neon colors",1,
"panget ng quality black yung order ko 2liters, pero hindi 2l ang dumating. kung mapapansin nyo sa picture, yung unang bili ko tama ang sukat, yung itim mali.",1,
",a liitle bit disappointed i was expecting na darating is yung inorder ko color and design na nasa picture..and manipis ang tela",1,
sagwa nyo ay. isang mystery box at mystery pouch yung binili ko tapos parehas na mouse pad lang yung laman. awit sainyo,1,
i ordered pink and violet tapos yellow at pink pinadala. favorite color pa naman ng anak ko ang violet.,1,
old rose po order kong kulay pero bkit violet dumating imbes na pangalawa knang oder sa inyo kasa pa sablay bigay niyo.,1,
"maliit itong pinadala nila kesa sa dun sa mga una kong binili, been trying to contact them para papalitan kasi malayo dun sa una kong nabili, pero walang response galing sa kanila, nakakadissapoint, kay ginamit na din namin sayang pera kung d naman magamit.",1,
basag yung sound and walang mic sira parang parang wala lang din umay,1,
so disappointed in this shop the product has a damage and yung size niya xs ata ito maliit siya sakin tho nastretch siya halos nasa gilid na kasi ng arms ko yung strap niya kaya pumipilipit na yung strap and i think pang teens lang itong bralette na to,1,
kulang yun order nareceive ko,1,
4 maliit sya sa ineexpect ko na 80 pieces ba wet wipes. nabudol ako dami ko pa naman binili kase sayang kako shipping fee. hays. sana may mga actual measurement seller.,1,
"not good malambot, pero ang bilis matuklap nung coat nya na color black. ilang days ko pa lang nagagamit na pambahay pero tuklapan na",1,
"no so good halos kalahati ay matigas yung texture.yung unang purchase ko sa shop na to ok e.pero itong pangalawa,hindi maganda.matigas yung materials na ginamit.hindi pwd sa baby na maselan.",1,
expected ko nakalagay sa mystery pouch nila kaso parang pinagpalitan na to ng shoppe hahaha,1,
"yellow and purple sandals, hindi pareho sa naka post na design",1,
"medyo dogshit tbh medyo masagwa yung tunog ng sound pero pwede narin, could be better pero don't expect so much",1,
pangalawa kuna to order bakit mali yong kulay ...sana ng inform muna kayo ...na iba kulay pinadala ..ninyo ...pangit tingan sa wall na iba.x kulay,1,
"i opted for red beetles yet i got the bear one..either out of stock siguro or bobo yung na assign sa warehouse, hindi alam difference ng beetle & bear. lols",1,
ginamit ng anak ko 2 days pa lang sira na agad ung on/off botton. sayang ang pero ko.,1,
hi.. seller sana nextime kung mgpadala kau ng tocks paki double check naman po kasi mali po ang isa pinadala nyo size ang order ko kasi color white crocs size 38-39 pinadala saakin hinde pares ang size ang isa 36-37 tapos ang isa naman 38-39..!!so paano man yun suotin hinde,1,
"not long lasting at first natutuwa ako sa seller kci before and after ko mag place ng order very accommodating sya sa lhat ng tanong & chat ko, but when i recieved the item inform them na may leak di na sya sumagot. a simple sorry ok na sana kc",1,
not recommended kasi sobrang hina,1,
"6/10 may leak siya, then yung oil sa labas ng bottle is mabaho, idk if it's on perfume or dahil lang sa stocks.",1,
nag tx pako kay seller na violet and pink dumating parehong pink edi wow,1,
ano bayan palpak naman ....black order namin....kasi boy gagamit taposss dumating blue bat ganooon di kayo sumusonod kayo sa order black dapat .... order namin.....kakaiinisss kayo,1,
ok naman po at mabilis din dumating. iyong battery nga lang po nya hindi samsung!! fake at napakabilis malowbat!! ganun talaga siguro pag mura!!,1,
"matagal dumating.. di responsive si seller, akala kase namen wala yun remote control di namen makita, tas chinat ko si seller di sumasagot. buti nlang asa labas ng box lang pala. yun lang di ko nagustuhan irresponsive si seller. may pa freebie tissue, di naman marunong mag reply sa chat",1,
nakaka disappoint nmn po kulang po ung order ko un pa man dn ag hinihintay ko ilang beses na po ako bumili dto pto ngaun ko lg po naranasan na mag kulang supper disappointed po ako sana po sa susunod paki check po kung kulang ba ung order sayang po,1,
"ilang beses na ako nag order ng wallpaper,yung una sakto sa 10meters pero yung pangalawa at pangatlo kung order almost 6meter nlang. ang seller bakit naman ganun?",1,
1 star walang reply kulang pinadalang item mali pa color na pinadala both pink order ko,1,
"pero will order pa rin kung di pa rin complete ipadala nya next, rereport na ko to sa shopee",1,
nag try ako mag chat sa seller pero no response sya kulang ng dalawang mittens yung order ko na suot ko sa anak ko agad ung isa kase badly needed nga nakakadisappoint lng.,1,
"this item was defective. no matter how i tried to push the button, it doesn't work. i messaged the seller regarding this issue. they told me to charge this for 2hours but after 2hours, still not working. anyways, it will serve as a mirror nalang. excited pa naman ako sa",1,
"yung khaki may sira then. yung xxl na dark grey, blue. maliit.. parang medium. dami ko pa naman order di pala, same mga size.",1,
"normal po ba na mag amoy sunog to? kapag binubuksan ko po amoy sunog, nakaka takot po icharge baka pumutok hehe pero thank you parin po!!",1,
"i'm sorry but i must say, na-disappoint ako sa itembumili ako ng mura kc need ko lang tlga ng ma-insertan ng sim ko 4 otp sent of my accounts. kaso, it doesn't receive otp pero nong pinasok ko sa cp ko, nkatanggap naman. almost 50+ din ang dumadating sakin w/",1,
ung isa d gumgana kapag d nakacharge first time kopo omorder,1,
pangit ng quality huhu kaya pala mura lang mapapamura din sakin yung nag order hahahahha,1,
"this is my 2nd order. nagustuhan ko yung quality nung 1st order ko kaya bumili ako ulit for my sister. pero nadissapoint kami kasi nag-iba yung quality, pumangit. so dissapointed.",1,
subrang nipis tatagus agad pag iihi at dudumi.. yeah! poor quality ngaaaa .,1,
"pink ung order,white dumating. di chineck ng seller",1,
sira....di ma charge at useless yung lagayan ng battery sa likod . nka bili tuloy ako ng apat na batter..ending wala pala function yun... so dissapointed...di ko mapang.regalo,1,
"not satisfied kulang ang binigay na ballpen dapat 40 pieces ang order ko pero 30 pieces lang ang dumating, mali pa ang binigay na product na 10 pieces . sad lang ako kasi ibebenta ko sana ito kaso kulang pa ng 10 pieces",1,
6/10 super duper tagal matuyo ;( kalungkot hays pero okay naman pero matagal talaga siya matuyo hays ang inconvenient.,1,
"not the same packaging as shown in the picture, they delivered the wrong shade.",1,
ok naman po sana kaya lang sira.na po yun packaging ng wipes at nag leak n din po ang water. nilagyan ko n lng ng tape para d masayang,1,
dissapointed size 9 order ko 8 ang pinadala ang liit hyst,1,
maganda ung frame nia ndi naman nagchange ng color nung tinapat sa araw. not worth to buy.,1,
"sad kulang yung sukat ng wallpaper instead of 10m, 7m lang kada roll...",1,
sira po ung zipper nya huhu tpus di po ok ung tela nya ang nipis po pla compared dun sa nabili kong iba nung una na makpal. peru thak you prin po god bless,1,
"i ordered 2 po but kulang po ng isa yung pinadala, so i was disappointed as i ordered it po nung 11.11 para mas makamura. pero mukhang mas napamahal pa ako dahil isa lang ang pinadala kahit 2 ang binayaran ko cod. though, sorry for the picture dahil nilabhan ko",1,
3 i don't know if this is legit ha..kasi yung material super plastic talaga. ang gaan pa niya. and makikita mu sa loob parang electric fan lang. disappointed with this one. sana di nako bumili,1,
basag yung sounds and case,1,
"kulang yung item ko, hindi ng re respond si seller..not recomended, seller not responded, seller not resond sa complain ko..",1,
mabilis ma lowbat and hnd sya pang malayuan and ang hirap nung touch nya hnd ko ma volume and low volume at minsan bigla nag babago yung tunog nung sounds nya . and pangit nung print nung binigay sakin merong bakat yung maling print tapos pinatungan ulit ng print .,1,
kulang ung item na dumating . sa mga bibili jan na nage expect ng free bulb wag po dine kase wala po kayo pa bibili niyon another 200 pesos for bulb. tapos naiinis ako sa clicker nong tripod sa product description ung rechargeable nakalagay pero nong dumating ung de battery,1,
ibang iba ung dmating skn.d xa kgaya nung nsa picture...wag sna kau manloq ng kapwa nio.,1,
"maganda ung tela however, parang gamit na sya. may dents ung holder and ung hawakan putol. also it is not as small as what you can see in the pictures. too pricey for the quality.",1,
nakaka dismaya hnd nmn mag charge battery nia .....nadismaya 2loy lola ko,1,
seller dko alam kong nadulingan mo or sinadya mo..tignan mo seller magkaiba ang size ...,1,
"good (ice silk) so ganyan na pala kulay ng violet? color blind siguro yung nag pack kasi para sa akin gray yan eh. kung hindi available magsabi kayo seller hindi pala desisyon. magbigay kayo ng tamang option. kung yung packer may kasalanan, he/she needs to be responsible for his/her mistake.",1,
hindi maayos ang packaging. binasta na lang ata ni seller makabenta lang. nakakaloka ka! will not order again! ever! gigil mo ako. 3 order 2 ang mali,1,
"pink disappointed kc my sirang isa n clip sayang pa nman ung plain n ipit pero maganda nman lahat bagay s baby q n 4 mons old,kapal ng buhok nya eh excited na ako mgsuot s kanya",1,
maganda yung wallpaper bricks but hindi gumagana yung ilaw na inorder ko naka disappoint lang kasi,1,
poor overall the appearance are beautiful but the battery is kinda damage mabilis sya malowbat and im very disappointed,1,
napakatagal dumating! walang paki c seller kung dumating na o hindi ang item,1,
may sira ung kahon nya tpos may damage ung item...ung kahon nya may hiwa pero ung bubble wrap wala..d ako sure kung alam ng seller na may damage n sya bago iship kc wala nman hiwa ung bubble wrap eh pero so far nagana nman sya.,1,
not good ewan ko parang mga reject ung iba. di parepareho ung iba malapad ung cotton sa loob ung iba makitid. tapos walang dikitan ng tape. manipis pa yung cotton,1,
soft maganda sana kaso mali color ng house slippers. i ordered white. nag message pa ako to make sure i ship correct size and color. tapos pink pinadala nyo. wala man lang pasabi. pala desisyon kayo. buti nlng pang house lang kaya ok nlng. pa return ko pa sana pero,1,
di ko bet sadly idk ano talaga scent ng original cloud pero kudos lang to seller na bubblewrapped talaga and sealed although may leak nga din like sa other customers ayoko lang talaga sa scent ewan sakit sa ilong for me kahit gawing air freshener ayaw ko sorry,1,
isa lang yung gunagana ng tama hello po seller yung pink lang po yung nagana ng maayos yung dalwa po tig iisa lang ang naggana na headset ayaw mag gana nang tig isang pair huhhu,1,
i ordered blue and pink pero parehong blue nareceive ko. makabenta lang kahit maling kulay ipadala.,1,
"d namn n nya napagaling allergic rhinitis q.. mapanlinlang...what do i expect, china made...",1,
"bkit po ganun po ang order q sunscreen bkit aman po whitening good night gel ang dumating sana naman po magbasa kau ng order ng ndi po kau nagkakamali, disappointed po aq ngaun lng po nangyari skin ilang taon n po aqng umoorder",1,
ndi gumagana ang white. nagana lang xa kapag nakasaksak lang. super disappointed lang ang anak ko at sayang ang pera!,1,
"kudos sa fast delivery, but the downside is the quality. as seen in the video, yung tela nya hindi comfy suotin. will not order again.",1,
"item is different from picture shown. the design is 3/10 hindi ko gusto yung design. overall, 2/10",1,
old stocks... parang ukay2 sobrang lukot . ibinta ko pa naman sana.,1,
okay nman wla nman damage kaso di nman nasunod ung color na gusto ko . black order ko bracket pero white pinadala nyo. di nagrereply si seller .,1,
good packaging and magnda ang item pero ng nilagyan kona ng battery but ayaw gumana,1,
mgkaiba yung size nung mejas q mlki yung left side tapos maliit yung right side nya... tapos yung isang order q mali yung dumating png boy order q..png girl dumating..,1,
"hindi makapal ang tela. although, xxl ang size, sakto lang sakin samatanlang i ordered xxl para baggy. at yung kulay, hindi sya peach, pink yung dumating. kamot ulo na lang. item was shipped really quickly, i'll give them that.",1,
ibang kulay pinadalang headband at socks ni baby ..,1,
"gumagana naman ung ilaw nya, ang problema ung remote, useless din. ayaw gumana .",1,
"kala ko surprice di pala kasi halata mona ang laman at nakaka dissapoint lang kasi ang tagal dumating ,,, first attempt di p dumating,,,, however legit naman po yong order,,,",1,
good quality yung isang item mali po ang size. size 38 po ang binigay size 37 di kasya saakin. sana po nag message kayo kung wala ng size 38. di ko naman masusuot yun.,1,
good good naman sya... problem lang may mga sira... good ang ung item well pack... kaso nung ginamit ko na sya napansin ko di umiilaw ung led... and ang bilis nya mag off.... bumili na din kasi ako dati ng humidifier pero di naman ganito ka bilis ung pag off,1,
"dissapointed kase, yung nasa pictures may color pag pinahid, then when i already get the product and then i tried, there's no color or something na lumabas, meron lang syang mga glitters.",1,
product is fine..warehouse took longer to ship the item..arrived too late..i have to get back from customer service and the seller..seller advice me to contact to logistics..how am i gonna contact logistics if the item are still at shopee's ..i am totally pissed dun sa service both seller and shopee,1,
nasira agad charging port so hindi na magamit trice lang nagamit,1,
2weeks before dumating ang tagal,1,
"hindi ko masyadong nagustuhan kc iba yung ibinigay na kulay at design, yung isa ung talagang nasa pics pero yung dlawa iba ang itsura, wala kahit nh isa ang nasunod sa kulay na inorder ko,.",1,
merong mga punit yung white na payong and the color nya di kasing white like dun sa picture. im disappointed but still ok lang din naman.,1,
mali yung kulay okay na sana kaso mali yung kulay na pinadala sa akin fav color ko pa naman ang violet kaya ako umorder sana i-aware man lang kung wala nang stock ng ganong kulay para hindi disappointed yung client pag dumating yung order,1,
"mganda sana yung sapatos kaso d nman kau sumusunod s tamang size, order q size 36 bingay nyo size 37 ang laki tuloy ng sukat ggmitin p nman ng anak q sa school.",1,
i received a wrong color and design. so disappointed. sana nag message muna seller na hindi avail yung order design ko.,1,
dissapointing biggest size yung kinuha which is 40/41 angliit parang size 38 lang so nadissapoint talaga ako kaya pinamigay ko nalang sa kasya,1,
wrong color. ordered beige but arrived in pink. wala na kong time mag return or refund dahil kailangan ko na. please check color next time. size is correct.,1,
hnd nmn sya water proof . tagal pa dumating,1,
incomplete orders pag wala na yung mismo plastic at di mo nakunan ng picture di ka nila refund. di proof ang missing item na visual na picture. so make sure di nyo tapon kaagad yun. to seller make sure complete ang delivery ninyo bago nyo ipadala.,1,
"mahirap sya buksan talaga, dapat sobrang sagad and huwag mo hawakan sa brown handle kase matatanggal sya. so sad for its price",1,
ung battery nia mdaling malobat ung charger nia ang bilis nsira bkt gnun ndi nman un ang battery nia,1,
pang bata... too small,1,
75 ok na sana kaya lang panget ng sound tapos hindi naman pinadala ang frebies . haha ! will not order next time . thank you,1,
ok ok na sna kya lng ayoko tlga nung may variation na pagpipilian pero ang ending papadalahan ka pdin nung di mo pinili mas prefer ko tlga sna clear black kya nga yun pinili ko.. kso ano pang magagawa ko hindi yun ang pinadala nyo.. mag order pa sna ako,1,
ekis medium lang order extra large pinadala ang laki tuloy di na nag abala mag tanong si seller kung gusto na lng ng ibang color basta medium ang laki tuloy sa bata,1,
1st pic- order ko 2 caramel medium bat isa lang to tapos large pa. 2nd pic- walang skintone kaya ginawang gray na lang tama naman yung size 3/13 items na order ko mali. wag na kayo mag aksaya pumili color hahaha sila mag dedesisyon,1,
plastic rubber malakas ang amoy napakasakit sa ilong madaling masira .,1,
di siya okay sa price niya mas maganda pa sound ng tig 79 ko. kung naghahanap ka ng bass sa speaker na to mga 2 lang yata bass nito. regarding sa shipping first time ko maka receive ng 3 days nadeliver agad. pinakamabilis na shipping dito 7 days. leyte ako.,1,
malapad hnd bagay s payat ang paa. hnd aq satisfied kc ang lapad pala sobra luwag s paa pero sakto ang haba d bagay s paa ko hnd q dn masusuot iba ung nasa picture eh hay.,1,
"9/10 nakaka-dissapoint grabi , ang layo sa kulay na inorder ko anobayan inorder ko pink purple ung dumating sakin!! pero okay lang naman di naman siya sira ung kulay lang talaga nakaka-dissapoint. paki ayos naman po seller!",1,
9 product is good. i kinda disappointed kung paano noroll up ang package. damage ang bawat dulo dahil sa paano ito iroll at lagyan ng madaming tape. sana gumamit kayo ng tape na madaling matanggal. daming waste.,1,
"ang panget ng eyelash curler, hindi nakaka-curl ng lashes.",1,
ang cute nag socks for baby... excited pman sana ako kasi dumating na... magamit na ng baby ko.... kaya lng nawala ang saya ko kasi pinalitan ni seller ang order ko... hindi man lng nagsabi na wlang stock para mapalitan.... hnd nga kayo ang magpalit... ang pangit ng disgn na,1,
well ok na sana kaso scam yung 210cm paasa lang dumating sken 55cm buti na lang din hindi basag yung light kaya pwede na din magagamit pa nman ganun tlga ako na lang mag aadjust sa height ng tripod. unresponsive seller din kaya nganga.,1,
okay sana kaso basag gusto ko talagang ipa refund to nong pag bukas ko basak yong ring light. kaso abala na masyado sa oras hindi worth para mag absent sa trabaho. pag tyagaan ko nalang to kahit papano gumagana pa naman yong lights nya. kudos sa mga courier ng j&t,1,
okay naman yung item may connector and lace pero mali yung kulay gusto ko pink!! pink yung inorder ko!!! awit naman dyan boi,1,
no good sobra panget talaga hindi sulit pera nyo dito mali pa size binigay,1,
good my mga punit punit kasi tinapalan ng scotch tape,1,
okay naman makapal matagal yung deliver at hindi nag rereply yung seller #petition to sanction the seller @shoppe,1,
"smooth coz it's liquid lol video not related. i've read some reviews and it's says that it's no longer the same compared before. i guess that was true. i could no longer smell the marshmallow scent. is it worth to buy? i think hindi na po. in any case, the",1,
na disappoint ako kasi wrong color nareceive ko black order ko gold dumating binigay ko nalang sa kapatid ko ang ganda pa naman sana ng quality niya ayos gamitin sa school ganon naman,1,
"langya yan. akala ko naman maraming holes like nung pic. apat lang yung butas, lima yung butas ng stove namin. medyo kasalanan ko naman kaso di ko sinabi, pero di naman din kayo nag tanong. na realized ko lang na iba2 yung butas pag basa ko sa review. useless.",1,
"malungkot naman ako,,ang order ko black-red pero iba dumating, so yun na nga ok na din sana kaso bakit parang gamit na may stain pa,ano pa nga magagawa ko nandito na yan,sana next time paki ayos naman hindi porket mura ganian lang gagawin nyo sa item nyo,,pano lalago ang negosyo",1,
okay naman sana mali lang yung kulay na binigay nila. dapat pink and blue yung isa. tapos wala pang stickers yung isa.,1,
honest review items inpods na hindi gumagana (basura hahaha) mini fan - band - phone stand - kinapa ko akala ko mouse na hindi pala hahaha,1,
3 manipis pala akala ko makapal. ok naman yung net nya. yung sa foam lang talaga yung problema kasi napaka nipis. para sakin not worthy sya for my baby. yun lang thank you.,1,
"3 lang why? sobrang nipis, tapos may neon colors pa plus, may butas pa ung isa tsk tsk! okay na sana e, kaso ugaliin icheck muna ung item bago ninyo ipadala sa customer niyo hays",1,
ok nman ung item peo tamad c seller mag pack d nya man lang inisa isa i plastic or i plastic nya muna bago ilagay sa plastic ng jnt muntik ko na magunting sa pagbukas un lang ang plastic nya...poor packaging,1,
okay sana mabilis na-deliver kaso as u can see poor packaging. wala rin manual. may defect din yung tripod. sana next time hindi na ganto.,1,
"okay lang nmn okay lang siya, pero hindi ko pa alam kung gagana ba? . kasi kailangan pa ng universal adaptor akala ko hindi na. hays i hope gagana at sana effective hindi madaling masira. kung hindi gagana, magpapa refund talaga ako.",1,
next time check the items before packing and shipping them. sira ang binigay ninyo. from the photo it can be clearly seen that it is damaged. did not ask for refund kasi maliit lang naman ang price.,1,
ok nman yung medyas at maganda. nadisappoint lng ako ksi wla mn lng chat c seller na wla pa lng stock ng ibang medyas basta2x na lng sya nagbigay ng ibang design. sana mn lng sa susunod na magship ka magchat ka muna na wla ka pa lng stocks para,1,
"what you get is what you pay for.. ang sad kasi cheaply manufactured, and it shows basta masaya ka ti suportahan ta ka does not recommend",1,
not good yung saksakan ng charger sobrang tigas tanggalin .and yun ang magiging dahilan pa agad ng pagkasira,1,
kulang ng isang part na pang connect sa camera. di na rin nag respond sa chat si seller never again !! so sad and disappointing,1,
ung usb connector nasira agad isang gamitan palang.,1,
dpa nggamit ng angatan agad next time seller paki check ng maayos ung items pra sulit ibinabyad sayo nkka dismaya,1,
"na received ko na sa wakas! ang tagal dumating nang order ko apat binili ko tapos parehas lng na color binigay ni seller nag message ako, hindi responsive si seller i'm disappointed!!!! respect man lng sa bumili.",1,
3 yung order ko pero dalawa lng dumating l ugi na ako kc nabayaran yung wala kainis d man lng nagchat c seller.!!!,1,
butas ang bulsa nong kulay black at un namng isa ay nabaliktad ung tali nasa likod,1,
narecieved ko na pho sorry seller ha hnd ko type ang item akala ko maganda cya kc ung nsa picture subrang ganda excited pa sana akung dumating un nkita nadisappointed ako pero thanks pa rin ibagy ko nlng un s mama ko,1,
"akala ko light brown yung sa ilalim nya pero dark pala, di maganda yung kulay .... nakakadismaya tuloy... hay nako.......",1,
disappointed much wala kasing tripod stand na kasama paano naman magagamit ng maayos to seller why naman ganon?,1,
ang tagal ng delivery...nauna pa.dumating yung 2nd order ko...,1,
the picture was misleading we received the item and we thought na colored yung screen pero hindi pala. so sad nag expect pa naman kami. hohohoo.,1,
3 stars lang kasi mali yung kulay na pinadala sa blue car. white pinadala. color blind ata ang seller.,1,
very disappointed po ako sa order ko. kita naman jan sa video lahat po ng order ko putol lahat ng tali ng zipper..,1,
mdj disappointed ako kasi sobrang laki ng mga mdyas. ang nakalagay ay pwede pang newborn pero kahit hanggang 4months pa ay maluwag tlga sya. tapos parang old stock ang mga to. madudumi lalo na yung mga mittens(hand gloves).,1,
"mystery pouch nga, dalawang in order ko tapos nung dumating dalawang mouse pad na same pa ng design d man lang nag effort na pag ibahin ung design ano gagawin ko dto sa dalawang to",1,
ndi po nailaw ang kulay blue....nakaorder na ako nung una okay naman po pero nitong huli ganyan po ang ilaw nya,1,
anu ba yan seller pink at black order ku. piro pink at purple yung dumating.,1,
"it's takes a lot of time before dumating yung parcel,..i don't know if this wipes was the reason why all items are wet...kinda disappointed",1,
"di mo pa nadidikit lukot na. hindi pwede punasan pag nadumihan kasi kakapit yung dumi, unlike sa nabili ko dati. dumidikit sa kamay yung adhesive kaya ang messy and hassle gamitin.",1,
"( di sya din nagsabi, sayang, pero flash sale kasi kaya baka nalito na sya.",1,
"grabe naman kulang kulang naman ung orders ko na dumating wala ung mirror , batteries at bathroom rack nakakabwisit aksaya lang sa pera incomplete items !!!! unfollow at block ko na to shop na toh hindi na ko bibili ulit dito sa shop na toh grabe",1,
"poor very noisy, noise is annoying. minimal lng ang lakas ng air. not worth buying for me, sorry.",1,
iba po color nawalan ng brown solid orange ang pangit tuloy,1,
mabilis magdeliver sa sobrang bilis basta nalng sinalambak sa courie hayssss,1,
seller was very unresponsive nakakairita talaga ang tagal niyang pina shipp yung items ko buti nlng talaga okay yung parcel ko na dumating,1,
"got the item but there is a dent, mejo mahahaba ang gasgas nya. hindi ko na napic dahil pinadala ko na sa cavite",1,
i won't buy this item again. kahapon ko lang na receive tapos di pa nga na ulanan e sa hangin lang pala masisira hahaha. i'm sorry pero the quality is not good. you'll be attracted by its appearance lang talaga. tsk,1,
order ko gray/black and pink/blue pero dumating both pink/blue,1,
"stress na nga ako mas lalo pang na stress dahil sa pag-aassemble, walang manual. may sira yung box ng pinakaring. hindi organize yung mga tools for ring. jusme bakit naman kasi walang manual ang tagal ko nag assemble. naubos oras ko.",1,
"normal, goods idk if the basag is visible pero meron siya. i'm a bit disappointed lang since maganda feedback that's y i purchased tyeso sa store na ito pero may basag pala mapupunta sa akin. medj sadboi aq hehee",1,
faded looks old stocks and faded na yung kulay ang layo sa kulay na inorder ko..,1,
di maayos ang packaging. nabutas po. sana nakabox na lang po ito with bubble wrap. i suggest box nyo po para di mabutas. basang basa pagkaopen ko.. sayang lang.,1,
"im not satisfied di katulad ng dati ang dumating ngaun, tingin ko di sya magttagal mas ok yong naunang na order ko mas matibay yong nauna",1,
btw pangit ng quality wala pa isang araw sira na yung isang ano,1,
received complete items pero may sira yung fan. paano ko to magagamit. dahil di ma charge malamang this fan will turn into trash. sana bago nyo deliver item nyo i check nyo muna if gumagana. para naman di masayang mga bayad namin.,1,
"gray inorder ko black dumatimg , saka para ka lang bumili ng cherry mobile pinalitan lang ng samsung. hahajhajahjajajahahha",1,
hindi niya na flatten tummy ko..para lang akong nag panty ng mahaba which is mahirap suotin ngayong taginit..sayang hindi ko magagamit..,1,
"responsive si seller kaso hindi ko alam kung anong problema nya sa kulay gray! black pa din dineliver. salamt na din, no choice.",1,
hinde na gana yong mic ng earphone hays hinde gumagana yong mic ng earphone awit,1,
"yung 1st picture yan po ang order ko pero ang dumating yung picture na nasa right side, then nakalagay sa description ang material is cotton pero 2 lang dun ang cotton, yung other 4 pcs ay parang jersey material...sensya na po pero nakakadalang umulit ng pag order ganitong pag deceive",1,
nakaka sad namn .. excited ako na dumating na yung order ko kaso nakakadismaya hindi na gumagana yung on and off niya,1,
"nag order ako ng 25packs at bayad na thru credit card pero ang dumating 20packs lang. antagal na nga dumating, kulang pa na deliver! ayan nakalagay sa resibo 25packs pero sa luob ng karton 20packs lang.",1,
ok lng but madali ma lowbat at mnsan nawawala sound tsk..,1,
m adali masira 1 month lang na gamit on and off na xa.,1,
i'm so disappointed. iisang kulay lang at size. di man lang binasa ang remarks sa order ko. 2 colors and sizes nakalagay sa remarks. ang dumi pa.,1,
5/10 hays may crack potsaka di ko po sure if nagwork siya to reduce yung smell na di maganda,1,
item okay for its price parang isang soot lang masisira na i didn't check the review kasi medyo nagsisisi pa nga anyways mabilis sya dumating sana magtagal kahit papano,1,
tatlong beses na ko umorder nito same lang ang laman puro mouse pad. nag expect ako na sana iba naman since tatlong beses na kaso wala eh same lang dumating hahaha di pa maganda design nung isa. and dalawang mystery item binili ko inisa nalang nila sa lagayan,1,
"waste of money, dlawa pa nman inorder ko tas ung biggest size na kinuha ko kc nine ang paa ko, pero masyadong maliit skin, pang-7 lng na size ang kakasya sa size 41 nila, nabudol ako..",1,
hindi ko alam kung matutuwa ako o magagalit gumagana naman kasi old stock ata to na may sira. hays ewan .,1,
"di ko pa sya na try pero i hope this product will work bodol yung seller dito the prducts are not effective, sana itong lip balm nila ok lang",1,
"maliit. and super nipis. .,.,.,.,.,.maliit. and super nipis. .,.,.,.,.,.maliit. and super nipis. .,.,.,.,.,.maliit. and super nipis. .,.,.,.,.,.",1,
akala q maganda un pla hnd maganda sa picture f hawak muna nakakadisaapoint,1,
"3 star lang muna. may sira na yung isa, butas sya. although, naka individual plastic sya,sana chineck din ni seller kung may sira. okey lang naman. maayos pa naman ehh. kaso nakakadisappoint lang. well mura lang naman kase kaya ganun talaga siguro. thanks pa din.god bless us all and keep",1,
i bought this 2n1 but it's pissed me off. ung isa di gumagana,1,
"leather and the sole part is like sa mga slippers. i'm too excited with this item since ang ganda niya tignan but i'm a bit disappointed because of its price to its quality—the tongues of the shoes are both not in the middle, nagmomove sya sa side since hindi sya",1,
not that satisfied. will change ratings pag na try ko na maigi,1,
its okay for the price kaso 2 days lang nagamit nasira agad,1,
"maganda nman ang product disappointed lng sa rider na nagdeliver, sobra 30 ang siningil sa sis n law ko na nag recieved ng order ko. sana wag samantalahin ang tao kpg walang alam. kng magkano lng ang price yun lng sana.porket nagtanong na magkano babayaran. presyuhan nyo ng sobra dhl",1,
"idk it leaked, tas di siya amoy cloud, mejo amoy lalaki",1,
i already received the parcel and di ako natuwa kasi yung kulay itim may butas sa loob tapos di pantay pagkatahe tabi tabi,1,
packaging was not good. may gasgas yung lens and medyo malabo huhu sayang. super higpit din nung clip pag kinabit,1,
thank you items complete but a litle bit dessapointed size 37 ang liit pla dapat yong 37 paa u dapat pla 38 or 39 huhuhu tulog hindi xa nabinta kc subrang liit ng 37,1,
good panget kabonding hahaha di sinunod gusto kong color.,1,
with damage . manipis lng ang wrapper kaya siguro napunit pati ang wall paper.,1,
okay na sana kaso ung papataypatay ung ung items kahit full charge naman hayyss,1,
"seriously seller?? kung mgbebenta mn lng kayo ng mura pro nanlalamang kayo ng tao,pano kayo oorderan ulit ng customer nyo?? tulad nyo,nghahanap buhay din kami.di kami namumulot ng pera.sana nmn maging patas kayo.",1,
may random letters pala na nakalagay hahah pangit pero sige kasalann ko d ko rin chineck,1,
"chinise ata yung nakasulat sa remote, tapos di naman gumagana, di rin mapalitan ang battery kasi ayaw mag open nung likod..anu ba yan!! di pa nagreply si seller ng maayus..panu pa oorder ng another unit kung ganto unang transaction sa inyo?",1,
cute ng design but super sa nipis just now i tried isang wiwi palang ata nagcolor yellow na sya then leak. i'm so disappointed since 2packs pa inorder ko.,1,
this is not the original brand imitation lang. i bought one for 159 pesos na i compare ko ung difference nila ang lambot ng tela nito it can't tuck ur tummy. ung metal sa loob malambot at madili ma bend. then wala syang plastic man lang where u can find,1,
"received the wrong item. i ordered the black and white bralette. i receive white and red one. the quality of the red is okay. while the white one is thin. manipis sya to the point na makikita ung foam pad. seller, please send the correct items sa mgorder sa iyo,",1,
excited p nmn ako kasi panregalo ko p nmn sa mga anak ko kaso nakaka disappoint lang parang old stock p yung deniliver sakin.. hindi nakalock yung sides ng neck fan.. parang in open tapos d naibalik ng maayos.. sinubukan ko i message kay seller kaso wla man lang response..,1,
"item was malformed, hardly fit our stove.. sayang coz di magagamit... idk if its the courier or twas like that when they packed it..",1,
hindi ko sure. di matibay medyo madali matanggal e. tapos yung glue di naka brush type. kaya medyo mahirap ilagay yun glue,1,
no protection at all. no bubblewrap. just all the items packed in a black plastic bag.,1,
ok sana kaso mali pinadala mo skin seller kaya 1 star ka sakin,1,
"ang order ko black and violet, ang dumating puro black,, nakakainis ndi marunong i check order ng customer",1,
hindi gumagana isang umbrella sayang bayad... cant tap refund since already confirmed delivery without trying the item if it works,1,
item recieved in a good condition... but this is not my order kaloka... pumili p ko hndi rin pala msusunod.. kalungkot nman,1,
poor i already try this item gumagana kaso madali mag off ang fan at mahina? yung white no good quality yung pink medyo okay pa,1,
"my goshhhh sobrang nipis naman tapos sobrang maluwang din, kahit tinali ko na maluwang pa rin. iba din ang tela niya madaling madamage hays.",1,
maganda po sana. peru bakit may damage po?,1,
"malas, di ako lucky sa nakuha ko diko na pinicturan tsk tsk!",1,
kulang yung item!! di pa nagrereply c seller about sa concern ko. alam kong san rio lang yun pero binayaran namin yun nung nadeliver na kaya sana magreply yung seller dto!!!,1,
mali yung na deliever. instead of loafers tsinelas na ala-birkenstock yung dumating..,1,
hindi po kumpleto nung dumating kulang ng isang item po.. 3 ung inorder kong shades ng pambata kaso 2 lang po ung narecieved ko.,1,
medyo dismayado ako kc order ko is black mascara ang dumating s akin is brown first time ko nkarcve ng d okay n order,1,
"i really like the mascara pero kumakalat at matagal siya matuyo, but i think it's fine kasi maganda naman, also yung sa hair tie medg nakakadisappoint huhuhu kala ko malaki siya, so i'll give it 3 staaaar",1,
medyo di k bet pag nilalakad sya kasi nayuyupi yung top sa harap nagkakaron tuloy ng mga tupi ang pangit na nya katagalan pero k naman gandits din grip nya sa madudulas na surfaces o lakaran kac rubber sya,1,
"8 sorry but i am kinda disappointed about the box. may mga sira sira na parte ng box, naka bukas na yung box nung binuksan ko ung parcel. gagamitin kopa sana ung box, buti yung neck fan is walang damage.",1,
"basag po yung sound niya medyo disappointing kase basag yung tunog niya. and sa delivery naman, october 26 pa siya dimating sa warehouse pero november 3 na denilever.",1,
so i'm in my online class when my parcel came so si tita ang kumuha then siya na rin ang nagbayad. then nung binigay sa'kin sabi ni tita is 75 daw siningil sa kanya. i check it out as 71. i know it's just 4pesos pero singilin niyo sana 'yung,1,
"for me mejo may amoy na parang plastic sya di ko masyado nagustuhan yung scent nya, pinili ko te kasi one of the best seller na nkikit ko sa reviews but unfortunately di ko sya type",1,
"hii, sorry if late rate. sobrang late haahahahahaha medjo disappointed lg kase butas, pero ok lang di naman makikita, tsaka kalaq di ganyan design. btw tatlo yan kaso nilabhan, yun lang, ok naman sya nagagamit naman",1,
ok naman kso nd nasunod yung size nah order ko malaki naman yung binigay hndq tuloy kasya,1,
maganda naman yung color pero sana hindi nyo na lang nilagay sa description nyo na long lasting kc its a prank po!hindi naman sya long lasting,1,
nareceived ko syang bukas na.. sa gilid nya pero d ko pa totally na bbuksan sana lng ako ung items thabk you pa dn po.,1,
mabilis dumating yung order ko. kaya lang yung lip balm hindi na naka sealed nung nareceive ko. halatang ginamet na. order pa naman yun saken kase ni-resell ko. minessage ko din yung seller pero hindi responsive.,1,
rated it for only 3 starts kasi walang pang lock yung phone holder. medyo nakaka disappoint kasi i'm looking forward mgamit na namin ito huhu but the ring light is working fine naman,1,
ok nareceved kuna po seller...order kopo nadismaya lng po aq sa size kz dapat ung size nyopo ung tama talaga ..exam.c large dapat large oh c xl dapat xl talaga po eh ang liit po c large para medium..c xl parang large nakakadismaya po nga ung mga size ay di,1,
"di ko pa na try yung seller na to, color blind ata? black& red order ko. pinadala imbis na red “gold”",1,
"maganda ung laman ng mystery pouch kaso sira ung smart watch tsaka medyo sira packaging din ng watch, seller response namn po",1,
"iba pinadala don sa unang order qo, ung una ang ayos ngaun subrang nipis at ang bilis ma puno, na tagos ihi ni baby sa labas ng diaper... unang order lng pla maganda ipapadala pag order ulet hnd na, may mga madusumi pang ibang diaper",1,
quality too early to tell as of now ok naman. 4 orders kong bra yun 2 bra tama (red&cream) 2 ang palpak(black & brown) ang size na enorder ko is size 38 and 35. pero yung dalawa 34 dumating so mali.abala naman mag sauli. kaya nga online purchased pra sa,1,
xl pero mas malaki pa yung l ? bakit ganito to ok sana yung color first time ko pa naman mag shoppe tapos ganyan lang makukuha ko pero yung l ang size walang damage tapos tama pero yung xl talaga may punit na nga mali pa yung size,1,
black dumating tong order ko knina.. ung tipong excited nko e sukat kaso pg suot ang bitin ung pang lock nya s taas ang pangit tingnan pg isuot..thanks prin lalo n ky ate rider,1,
"pang second order na wala paden spatula,grabe nmn tipid ni seller",1,
"finally i resive my items,. napaka tagal dumating, aka la ko yung pony is malaki gaya ng nabibili dto, disappointed ako sa ponytail, pero okay narin andito na e, thank you parin",1,
may sira yung green na slippers pero nung chinat ko si seller for refund di daw pwede full refund discount na lng daw tapos yung sa refund request ko gusto nya 10 pesos lng irefund?!ano kaya yun eh worth 69 pesos yung slippers!!may mga dumi pa na maliit yung green,1,
"hindi masyado matibay yupi at tuklap ung isa, ung iba yupi yupi kaya natuklap. at ang pag ka wrap ang duming tingnan.. thank you s rider ang bait nya",1,
good sana i am very sad to what i had received last week i thought i will receive the exact pcs that i had orderd 2pcs nakakadismaya sakto yung perang binayad ko pero kulang ang nareceive ko na order nasabi q sa sarili at sa rider na sana hindi nlng,1,
i was just expecting sana sa salamin yung itim cia tingnan kaso yung dumating plain lang ..d ko nagustuhan,1,
i don't think this is size 38. ang laki niya for me and tinignan ko yung size nakabura. i don't know why. i think u gave wrong size.,1,
not really good mali yung color na binigay at mas maliit yung size nung green. hindi rin sya flexible tulad ng nakalagay sa product description nila. wala rin hangin dun sa 2 bilog. at mejo maingay yung fan nya. mejo mahina rin yung buga ng fan nya. di rin nagrereply,1,
not that satisfied,1,
nakakadismaya kase kala ko masusuot ko yung inorder ko kaso anliit ng size 41 parang yung size 41 size 38 e sayang pera ko kainis,1,
may damage po yung dumating,1,
not good sobrang liliit lng pla nto grabe ang pangit ng items nyo,1,
so disappointed d sya maganda,1,
maayos naman nung dumating...secured at naka bubble wrap...but i'm disappointed for product quality...parang cherry mobile yung system at samsung yung case...bilis malobat...yung expected m na ganon ang product(first photo) pero nung dumating ganito pala(second photo)...,1,
may isang sira.. sayang lugi. next time itry nyo muna bago ipadala. hindi sa courier to kase ang problema ay nasa item mismo. yung color ng cord. hindi align.... magpicture pl habang nanonood. at ipasa po sa akin sa messenger. thansks po,1,
"sobrang nipis ang inorder ko light gray, ang naricive ko dark gray. mag return/refund sana ko kaso sayang oras, sana maging tama po ang binigay niyo.",1,
not good. ayaw na umandar after first use. tagal shipping. okay naman unang nabili ko but the 2nd order na 2 items pa. sira na agad. the battery i put is new,1,
hindi na ko bibili ulit sa shopee. sa tiktok na ko bibili. mas mura. free shipping pa.,1,
ung selfie lights po ilang oras kona ni chrge ayaw gumana..nakaka turn off kase peke kaya pala mura sayang lang halangan gamitin ko habang naka charge ano un tanga lang....nakaka sad tlga excited pa nmn ako gamitin tapos gnyn den,1,
local hindi gumagana yung mouthpiece at volume button,1,
oorder pa sana ako nito kaso si seller di ngreresponse. kulang ung pinadalang order s akin.. kya wag nlng.,1,
"ok lng quality but disappointed ako, dalawa inorder ko dalawang mouse pad na received ko pero same lang ng design hindi man lng pinalitan ng magkaibang design",1,
ok nman sya kaso ung black deform ung isang foam... kaya medyo dismayado ako.. yung pagkakalagay kasi sa plastic parang bara bara lng.,1,
mali ung size na bnigay kz my scratch mismo sa size indicator para hindi q madetermine ung size na bnigay nila,1,
di ba tlga gumagana ung blue? tpos i thought marmai tong kulay red and green lng pla,1,
"5/10 tbh, i don't like the design. medj disappointed. maganda sya sa pic pero sa personal, meh. also, the packaging, wala lng man bubble wrap. the product could have been broke or damaged but luckily wala naman.",1,
alaws to guys unting hangin lang yupi agad,1,
panis namn na ng panis to. oks namn nung una akong bumili pero ngayon.,1,
"pangit ung itim parang nakacrochet ung tela nung itim hndi ko type. mas ok ung purple.. mabilis nman delivery, nagsend din ng picture c seller but didn't show ung mismong item. i mean nakabalot n nung nagsend ng picture. anyways thank you seller and shoppee..",1,
ang liit! maganda sana saka mabilis maship kaso pa large size na ako eh. hindi na kasya sakin yung ganto kaliit huhuhu. ang liit! maganda sana saka mabilis maship kaso pa large size na ako eh. hindi na kasya sakin yung ganto kaliit huhuhu. ang liit!,1,
feeling ko nalugi ako sa 233 nag expect pa nmn ako na malakas sya. mas malakas pa nga buga nung tag 100 na binili ko sa tabi tabi eh. cute uo. pde mo sya madala kung saan tska ung sa battery bat ganun nakadikit d pde matanggal may extra batteries,1,
not good medyo maliit yung buy ko pero yung nabili kng ibang shoes nya 26 may allowance pa saknya tung sapatos na to sakto lag walang allowance huhu maliit size nila same cm lgnama.,1,
"hi seller, yung isang product is hindi gumagana. idk kung charger ba ang problem.",1,
wrong rin nareceived. i ordered pink and i received white. nextime please inform the buyer first if you will send other color. specially double check the item kung working properly.,1,
damage. donno kung during shipping na ito na damage. sayang at maganda pa naman,1,
ok lang siya for its price. you really get what you paid for. mura siya so you wont expect excellent quality but i hope hindi sila nagf-false advertise na makapal siya. nasa title mismo na makapal so its so disappionting kasi its so thin pagdating. may ilan na ding natastas,1,
magaganda yung damit pro yung socks iba ang pndla.. maling mali sa order q.. so dissapointed s part n yun... new born mgsusuot pro ang pndla skin subrang laki at haba susko kasya n sa 3 yrs old.. ok lng sna n mplitan kng sa category lng dn ng pnili,1,
"so so i asked the seller to quality check the item first before shipping to make sure the product is working. unfortunately, they did not. one side is defective. sayang lang pera ko kasi may mas mura naman pala sa ibang shop na matibay at both sides of the fans",1,
"skintone,pink bakit mag kaiba ng size tapat kung di na avail ang size nag chat kisa di naman kasya sakin pinalitan ko nalang sana ng ibang kulay",1,
nakaka inis nakakawalang gana picture ran ng maayos dinaman to order ko eh panga lawa nato ah,1,
wrong design ang pinadala particularly red beetle & yellow bee,1,
"di maganda yung nasal aspirator,masyadong malambot at natatanggal yung pinakamaliit n bilog na which is parang delikado pa sa baby kapag ginamit.",1,
"ok nmn sya kaya lang xl ang order ko ,, xxl ang dumating sobrang laki .. papanu yun masusuot.. wag nmn basta maka benta lang dapat true to size ang ibigay nyo",1,
10/10 color is. item has cracked sa lock nya. sana di matuluyan. sana tinignan ng mabuti and sinecure bago iship. sana magtagal.,1,
di mganda ung fake nails in person,1,
"hindi masyado maganda,tama lang sa price much better kung sa store nlang bumili pag ganitong style.",1,
"okay nmn ung product pero but ganon seller ? 20 pesos ung nasa receipt na naka attached , supposedly 15 nlng dapat , kase i redeemed 5 coins .",1,
not so happy with my purchase. ordered red and blue but delivered red and white. items have a foul odor as well amoy malansa parang alamang. but the quality seems nice and mukhang matibay naman. sana ma-improve pa ang services nyo para naman satisfied ang mga customers. thanks anyway.,1,
ang liit pala may goodness i don't like it,1,
"ang liit sakin ng size 38 actually i'm size 37 pinasobrahan ko lang ng isa. maliit talaga sya like hindi sya pang size 38 but it says there size 38 daw. if you're size 37, you should get size 39, seriously, its no joke. but for the quality rubber sandals",1,
not working 1. walang manual na kasama. 2. sino po may manual and anong app po ang gamitin? thank you.,1,
"looks cheap, medyo manipis and hindi vibrant yung color. not satisfied with the one style (last sa vid) looks extra cheap.",1,
may scratch at maliliit na yupi,1,
2nd order ko na to .290 den pero hindi na sya kagaya date na long lasting . mabilis mawala ung amoy .unlike my first order na lage ako nacocompliment ng mga workmates ko kasi ambango ko daw kahit na ilang oras na nakalipas ng paglagay ko ng perfume . saaaaaad,1,
so ayun po based sa pic at video na pinadala ko now ko lang magreview .. dismayado po father ko hindi naman daw po sya stainless steel at 2days pa lang namin natanggap yan dec. 15 namin natanggap yan pero ganyan na po sya .. sana po may magreply dito,1,
"the plum is legit na lip therapy pero yung tan. anu nangyari? hnd sya actually tan, tas parang wax lang sya. myghaaad! antagal pa dumating order",1,
ok naman sya di lang ako satisfied sa packaging akala ko kasi naka box but overall ok naman sya. 2 hours mo din syang magagamit,1,
3 star lang ang ibibigay ko kasi may deffect po yung binigay nyong sapatos saakin. sana po ayusin nyo naman yung mga binibigay nyo kasi nakakahiya pong mabenta sa mga customer namin. tulad din po sainyu nireresell namin yung mga items kaya sana check nyo muna bago nyo iship. will,1,
( nakaka dismaya kc tagal na nga po dumating pre-order pa yung item pero pag dating iba naman..di naman po magagamit sa motor ung pamunas ang hand towel na na para sa ref. sana kung wala magsabi na lang po,1,
"nakakainis lang kasi may dents yung stand, naayos ko naman kaso hindi na sturdy tapos damiii na dents sa bakaal, tagal pa mag repsonse ni seller at mag ship out",1,
ok lang okay naman item kaso ang daming nasayang dahil di matanggal yung tape na nakadikit. next time better if balutin muna plastic bago lagyan pandikit wag mismo yung wallpaper ang itape very inconvenient tanggalin. yun lang thanks,1,
oily based thou inspired scent lang siya pero ang layo medyo matapang siya and not very appealing nung baho niya pero matagalan may kunting sweetness siya na parang coconut pero di nakakalingon lol may leak i thought di yun scent nung binili ko pero yun pala yun kinda disappointed yet,1,
damaged product may butas po kaya hndi masyado maka suction.,1,
good order ko is green bakit iba ang dumating tsaka pangbabae masyado nakakadismaya masyado yung product na dumating sa akin hindi gusto yung item nakakainis lang mas maganda parin yung nabili ng kapatid ko,1,
wala syang lagayan ng battery and mabilis malowbat. may prob din sa charging port.,1,
akala ko mystery pouch . pareho pa binigay . haha,1,
"not accurate size..ordered size 42&41,it only fits for size 37..sayang lang di magamit..",1,
ok nmn bench yung order ko pero hm yung pinadala.. doesnt follow your order..,1,
product wise ok naman pero ang shipment grabe!!! inabot ng 11 as in eleven days para sya ma ship.. 3x ang pick up unsuccessful. placed the order sept.16 na ship sya sept.27 na received ko sept.30 parang galing ibang bansa lang,1,
product ok but the color i order is pink and blue why is it all pink...not good..sana kung ano ang order yon ang ipadala..,1,
"not bad basag ang bass niya pero working naman, three stars lang kasi poor packing. akala ko nong una hindi siya kumukuha. hays, nakakadismaya. tsaka parang anytime sasabog siya e. nakakatakot gamitin",1,
loss na ang garter na binigay dito di pantay tuloy tas nahuhulog yung isang part gawa ng lumuwag na ang garter so disappointed dito pati sa prix na bra,1,
nakakasad lang kse d pala sya pwede install sa malaking shower inwas expecting na pwede sya ikabit sa malaking shower pero sabe ng gumagawa d daw sya design for big showers. so talagang sa maliit lang na shower pwede kung ano ung nakakabit sa knya un lang pwede,1,
hello seller bkit nmn po white pinadala nyo ang order ko po black 40 hnd po white kaya nga po meron pagpipilian n kulay db po...kaya black ang inorder dhil need ko po work...hayyyy nao b yan...salamat ky kuya rider...,1,
"i was disappointed kasi pinadala sakin na color white is damaged. tho working properly naman siya still, i paid the orig price and should’ve received undamaged product. and also not recommended yung color green di maganda yung color niya. pink and white na lng if oorder kayo.",1,
"bago ako nagorder, minessage ko muna ang seller n bago iship siguraduhin walang damage! perfect n sna lahat maganda ang tela, presko kaso my isang sablay. my butas ung color maroon.",1,
disappointed okay namn ung packaging. just the color and exact appearance is kind of disappointing.,1,
sa susunod always check yung item na ipapadala bago i shipped nakakadissapoint makatanggap na may konting sira ang item.,1,
"awshi, disappointed ako hindi maganda yung quality ang lambot at halatang mabilis magluwag hindi ito yung inexpect kong product. akala ko kasi magandaa syaa push up bra hindi pala, hays sayang binili ko worth 500 pa naman nakakapanghinayangg,, qng lambot. di na reach ang expectation ko",1,
"ang bilis nia dumating and ok nmn quality kaso parang may mali kc sa description is 10"" ung dumating is around 6"" lang ung dati ko ung 10"" ung nasira medyo disappointed lang ako kasi maliit",1,
panget ng black manipis maliit pa yung gray lang nagustuhan ko kala ko pa namn makapal,1,
okay manipus yun pants yun parang masisira agad... yun shirt na binili ko yun napili ko plain colored yun binigay haynako ewan ko kung nagbabasa or sadya lang talaga... manipis mga product nila ayaw ko ng quality ng jagging pants nila pero pwede na rin sa price niya,1,
sabe 6pcs peo 5 lang dumating. di pa nagrereply si seller. 2nd time ko na bumili nadissapoint ako kasi ung una ok naman,1,
ok i ordered pink/light blue but the seller sent me orang/light blue… so disappointed!!!,1,
not so good.. un order ko is puro medium..pero un isa large...before nyo i send besure naman tama un nilagay sa order....un tela niya parang mabilis lng masira,1,
this was supposed to be a 30ft and 45cm that's why i ordered 3 rolls we already measured yung pagkakabitan and we expect na sosobra pa nga. but yung dumating is just a 20ft per roll & 40cmang laki ng kulang. salip na sobra sana naging bitinganda na sana ng,1,
i have requested not to put the tape direct on wallpaper instead wrap first with paper then put tape on it. mahirap / nasisira yung wallpaper s pag alis ng scotch tape.just disappointed.thanks anyway.,1,
gumagana nmn ung fan at cute walamg manners ung seller dito ! d mrunong mkpg usap sa buyer.. kulang items pinadala ..,1,
open n box bat ganun gamepad lang for the price ?,1,
chargable inorder ko! dumating di insertion!! kainis d kona navidio!,1,
"bruh welp as expected, hindi siya maayos ahahahaha lol dont expect too much kasi d worth it",1,
don't know nakaka dessapoint seller kase ung boots hindi niyo po chine-check bago e deliver hindi po secure ung product maalikabok din po ung boots tupi² napo pag dating eh ang mahal ng product tas ganon pag dating hayss ty,1,
not tag 32. then factory defect pa talaga.,1,
unang subok di agad gumana/umilaw kaya inayos ni hubby ung saksakan at hinahawalan pa pra umilaw... un pala maluwag lang ung adopter...hmmmm...di ko na binalik hussle nadn kac pag erereturn pa...sana next time ung subukan niu muna pra gumana o maayus ang mapadala na sa isang subok umilaw agad..,1,
iba po yung dumating royal airforce po yung order ko blue gray po yung dumating!! ang dami kong chat sa seller ayaw manlang mag reply mag papasend sana ako ng picture para makita ko sana bago nabalot!!.. pero ok naren.,1,
hays dissapointed. nasa harapan pa naman nang tumbler pangit tignan!!!,1,
hindi ok ung tela ito ung mainit eh look at the picture. pero i have no choice ibenta ko n lang d keri suotin maliit din size ny for a xxl prang it can fit hanggang large frame lng.,1,
"100 gagoooooo ampt. vanilla inorder ko ee. dumatimg polo red? mygod!!! send2 kapa picture, pero iba ang pinadala mo,. galing mo rin ee no. haysss",1,
good item sana. pang 4th order ko na . pero may mantsa. madilaw saka may dumi. hindi matanggal. sana next time. paki check maayos po ang item. na maayos at walang mantsa o dumi. ksi pang benta din po ito. baka sa ssunod di na kmi umorder. kung plgi may,1,
wrong item i ordered black ang light grey tsk ayusin nyo naman po,1,
5/10 ang hina hina nang usok..walang spring ttulad ng iba... disappointed ako sorry.... first time ko to sa shoppe na hindi ko nagustohan,1,
ok naman kaya lang puro gasgas ung mga clip at magkakamuka pa nagchat ako sa seller na kung pwede random des. wala hindi marunong magresponse,1,
"i gave only 3 stars for a fair rating. pang 3-6months ang pinili kong sizes 6pcs ang dumating kasing laki ng 0-3months na leggings ng baby ko, isa lang ung my tag na 6months the rest tinanggal ang mga tags.. ewan ko sa inyo bt ang daya nyung mag tinda..",1,
ang liit ng sizing nila parang pang teens! ung binili ko last time na 2 size 34 okay naman sakin... pero ngayon jusko ni hindi ko masara ang iksi nung mismong band... ung cup size tama pero maikli ung mismong band.. ano to bibilhan ko pa ng pang-extension... pambihira!,1,
"low quality false description sila, akala ko 10 meter talaga pero 6 meter lang at 40 cm wide. buti nalang 3 pcs na bili ko.",1,
i'm just gonna use this when i'm bringing a small bag. i guess this is not usable during typhoons or heavy rain. it even teared a little when i first opened it. looks pretty fragile. seems too pricey for its quality.,1,
"thanks though, but didn't expect the size. it seems small than i expected. parang pang bata. anyway, shoutout din dun sa courier na hindi marunong magsukli ng tama.",1,
mahal pra s quality,1,
nice maganda sana kaso sira sya wala syang pindutan kaya pala tinakpan ng sticker kc wala syang button.may pa freebies si seller pero sana kahit wala ng freebies basta okie yung item.next time seller check nyo din yung item before nyo ipadala.salamat.,1,
"okay siya,unexpected iyong laki. okay ang qualty but my choice in the color hi di nasunod kya medyo dissapointed. sana next time icheck mabuti itong choice of color.",1,
ilang beses ko na siyang ginamit at lininisan pag binuksan mo siya bumabaho siya,1,
5/10 power button on the unit is not working. nag-request ako ng replacement pero need pa gumastos for shipping kaya di ko na lang pinapalitan.,1,
"not yet tested di ko pa nasusubukan, pero gaya ng review ng iba, hindi talaga ng babalot ng bubble wrap ang seller, sana gumagana. pero kung ako tatanungin mag isip muna bago bumili nito.",1,
8/10 mabilis sana dumating.. pero wrong item yung pinadala 2liters order ko at yung design malayong malayo sa order ko. maiintindihan ko nmn kung wala na clang stock or what ang reason bkt yun ang pinadala. pero hindi manlang nag msge si seller na iba ipapadala at hindi manlng nagrereply,1,
"white bee yung.pinadala, hindi maganda yung color. wala man lang chat from seller.",1,
"matagal ma ship. parang gasgas yung tela. maliit yung cup pero tama naman yung size na dumating. kung 34 ka, 36 dapat order mo ganern",1,
not so good there's incomplete screw incomplete ang screw niya sa ilalim ng phone holder. then kapag camera naman ilalagay super loose siya since kulang nga ng screw.,1,
6/10 sakto..medyo pricey..d masyado malakas hangin.madali malowbat. not properly pack. no bubble wrap .wasak wasak ang box.,1,
tagal ko na umoorder dto now lang ako naasar sana ngsabe manlang na mali ung color,1,
ok na sana kaso na desappoint ako ng makita ko na white ang isa order ko kaai parehong black at pare na red ang swelas mali ang binigay na order,1,
"i'm an old buyer.. nag try lang ako ng mystery box for fun sana, sinagad ko sa 3 dahil yun lang ang limit nila per order. yung ""for fun"" ko naging malungkot, akala ko since mystery box ito magkakaibang item man lang yung darating. puro extended mouse mat ₱79, at",1,
not good bat ganito seller sobrang disappointed ako ang layo ng order ko sa binigay nyo iba sana kung ano yung order ng costumer nio ganun din dapat binibigay nyo parang hindi 2litters parang 1litter lng din excited pa naman ako para sana sa mga kids ko pero nakaka lungkot,1,
keri akala ko malakas talaga ang hangin pero hindi pala. malakas pa yunh hininga ko. taz ang isang item wlang charger smh,1,
"layo sa ag nung scent,hays",1,
2 days ko lang nagamit kasi kanina nangamoy usok sa loob ng vacuum at bigla nalang tumigil from spinning yung pang sweep nya. nagkulay blue pa naman yung start nya pero hindi na gumalaw. maganda pa naman sana.,1,
kulang delivery nyo ng isang sock.. pro d nyo nirefund,1,
"maganda po sia and walang sira. ang ayaw ko lang po kasi ay yung amoy ng rubber sa takip nia, everyt pagkainom ko ng tubig, nasusuka na ako dahil sa amoy ng rubber. seller please make sure na hindi naman po sana ganito lagi ang inoorder namin. nakaka disappoint lang",1,
tamang color yung isa. yung isa gray/black inorder pero ibang color dumating. nice one. double check din pag may time.,1,
"pwede na dapat sumabi muna si seller na wala ng pink, as yun ang order namin. tinanung kupa kung available. pero pag dating, black green dumating. ok na lng, nandito na eh",1,
"will give 3 stars only. may mantsa yung isang romper. yung socks hindin randomly given may 3 pairs at 2 pairs na magka parehas ng design may 12mos na romper hindi nmn ako nag order ng 12mos, 0-3mos lng. hindi nag inform si seller. tsk!!",1,
"i ordered black, sky blue dumating haays. sana magtagal tong phone na to. salamat na din.",1,
"sorry seller,but not good to see tha items ..may mali na color tapos 3 tumbler order ko pero dalawa lang ang dumating...ung isa mali ung color .black ung order ko...",1,
5 / 24 maayos yung quality kaso napakatagal maideliver dito ni courier ninja van kasi hays. i am not satisfied with it.,1,
maganda nagsend pa kayo ng pic e mali naman yung dumating black order ko ang dumating gray di niyo inaayos e nakakabwiset kayo tagal pa iship,1,
"i received the parcel yesterday. 3 stars lang po ksi mali po yung pinadala na isang bra sa akin, i ordered size 32 pero yung dumating is 34. sana po double check the items and the sizes bago maiship. sayang po ksi binayad, that's why.",1,
"very good scam gusto dalawa ipabayad na order sayo, di pa nagrereply sa mga chat.. nag tatagalog naman.. kala cguro magbabayad aq sa dalawang order na ksalanan naman no seller",1,
not good mabilis lng malowbat,1,
"wrong size yung gray kaya nagtaka ako bakit mas malaki akala ko iba ang sizing. magkaiba rin sila ng tela. mas smooth yung navy blue, yung gray, manipis, mas rough. tapos si kuyang nagdeliver, maattitude.",1,
hindi pa nagagamit ng anak ko sa school natanggal na agad yung power button. buti na lang naikabit ko pa.,1,
na receive ko na po now ung mga item. nakaka disappoint kasi pag open ko ng plastic hindi naka sealed ng maayos mga item ko and naka bubble wrap pero sira. sa earphones po wala ung plastic na pinaka sealed niya di ko pa na test kung gumagana.,1,
"external good, poor performance ok nmn ang panlabas... pero performance wise, hay naku! wag nlng... grabe tagal mag load... d mo ma update ng maayos mga apps kahit malakas na internet... sabagay mura lang din nmn... u get wat u pay for, advice ko you should get a better gadget",1,
weak hindi siya water proof hindi rn long lasting.,1,
"the appearance super drained nung dumating and we thought ma ok lang sha after ma charge, madali ma charge but hindi na charge yung earphones. parang may problema",1,
"the nails are too flimsy for me. then, ang hirap pa i-apply nung glue. also the sizes of the nails are hard to determine? like sobrang halo halo na nya (the ones na di nakalagay dun sa individual slots). it's my first time to diy, but this set ain't beginner-friendly.",1,
pink inorder ko ibang color dumating tapos yung isa nailaw yung isa hnd hayss,1,
ikaw na ang bahala humusga. eto yung expectation versus reality.,1,
hindi man lang i check before iship may yupi siya and sira yung isa kita naman sa pic. i was disappointed but well thankyoy parin seller and rider next time check first before you ship.,1,
malakas ung tunog atsaka 1day ko plang nagagamit nasira na agad ung button. not worth it for its price.,1,
ok naman yung product nakaka dismaya di man lng nilagay sa box or binabubble wrap ng doble. puro gasgas yung lagayan kala mo di bago eh hays,1,
may leak sya and hindi sya galing sa bottle (kasi nga hindi oil based yung laman ng bottle). i think they did that on purpose para siguro yung expectation natin is ma satisfy for a short of time. well nandito na sya so still thank you po,1,
"im so excited for my mom and dad, i bought this para sakanila,ok naman yung product sa packaging lang ako na dissapoint kasi walang fragile na nakalagay, distorted din yung box as a result,tas may mga dents and scratches sa item,parang 2nd hand tuloy ang itsura and sana magtagal xa.",1,
"not good hindi maayos ang pagkagawa, mas bulky ang loob kesa sa labas..",1,
not good nagustuhan namin ang packaging kaso sa amoy ng choco vanilla di namin nagustuhan kasi parang amoy ihi tsaka medyo masakit sa ilong.,1,
di ko gusto ang mga kulay ng random designs ni seller sa medyas..,1,
di gumagana yung mic at volume,1,
"di ko alam why di siya maggana or baka sa batt ko, pero thanks seller",1,
maganda ok nmn kaso maliit skn.. pero mgand sayng lng ndi kasya skn.. khit my butas un braok sna kng nagkasya skn.. mliit lng size nia.. ala kc tag ng nkuha q kea not sure kng tama un pinada skn..tnx sa shop nto nasayang ulipera ko.sana irefound kc mastock lng,1,
"nakaka disapoint lng po kase halos lahat ng feed back sa inyo is maganda kaso pag dating sakin bat ganun po black purple inorder ko black red ang dumating , huhu pero thanks kay kua rider mabait po sya ...",1,
bulok ang items hindi gumagana.. magpapadala keu cra items..,1,
"oily first time to buy perfume from this shop, im kind of disappointed cause the smell doesn't met my expectations.. oo mura sya pero wala akong naaamoy na cloud ni ariana sa perfume natoh huhu iba ung amoy nya sa ibang perfume na inspired by ariana cloud na nabili ko",1,
"nakakadissapoint super promise ayoko maging oa pero ambaho nya kase amoy sunog na guma talaga sya, iba talaga yung una na freebie sa mommy ko nabangohan ako yung super liit lg na ariana grande cloud din kaya ako nag order kse madaming compliments akong nakuha pero dissapoint tlaga excited panaman",1,
ahaha..wla sa tamang usapan ang mga bigay nio sa akin .nakakadismaya pinilo ko kulay green dumating white..tas 3 in 1 nakalagay sa post nio wla nmn ksama na essential oil nya ahahah.pinag luluko lng ninyo mga buyers nio.,1,
mali mali ang naideliver saakin. dipa ako nakapa ultrasound kaya pinili ko unisex na muna na mga socks pero puro pang babae ang dumating. nagchat din ako na sana gawing unisex wala pading reply. maganda naman ang mga medyas makakapal. sana next time wag na mangyarii.,1,
matagal na nga ang shipping sira pa nung dumating my god sayang ang peranot recommended,1,
5 ok na sana na testing ko nmn umaandar ewan ko lang kung mag charge at wala man lang cable wire na nakalagay bibili pa ako ng cable wire at ang box di man lang maayos pang regalo ko pa man din ito. hindi ako masaya,1,
yung black eyeliner order ko walang ink.,1,
amoy alcohol sayang pera kooo huhu pangit ambaho so pangit talaga like for real guys pangit parang alcohol yung amoy na masakit sa ulo huhu di naman amoy sweet wala akong na aamoy na vanilla shems guys i suggest na bumili kayo sa ibang shop or don't buy mga mura,1,
low quality...di nakapit sa lips,1,
all occasions not worth my time! please bigyan n'yo nalang ako ng coins ang arte hindi daw na meet standards eme,1,
poor not recommended shop sira yung kabilang side ng fan hindi umaandar hindi rin reponsibe si seller nakailang araw akong chat ng chat sakanya puro automated chat lang ang reply sakin nakaka disappoint dahil excited pa naman ang anak ko gamitin sa school tapos ganito lang dadating saamin nm jsnsnsjsj,1,
maganda sana pero puro refund tong seller nato. kulang yong e deliver. nag rerefund naman pero tayong mga buyer uulit kanang mag order dahil sayang yong voucher na ni refund. pangalawang order ko na dito pero paulit ulit nalang ganyan lage kulang.,1,
"(((( parang basta basta nalang nilagay sa pouch yung mga items. nasira tuloy yung foam, nayupi. hindi man lang tinupi ng maayos, basta basta nalang nilagay. pero the quality is nice naman, yung packaging lang talaga grabe.",1,
di ka marunong mag basa seller? green po variation na pinili ko bakit naman purple but anyways bigyan parin kitang 5 star pero di na ako bibili ulit baka gawin mo nanaman to hahaha,1,
its already used kaya madumi,1,
kakainis sira un isa aduptor nya ayw gumana pero na sindi pareho un alaw.sayang nman hindi magagamit un isa .sabi ko sa message ko paki check muna bago ship out,1,
"palpak naman inorder ko, iba iba size,..ok na sana at maganda! kaso iba iba size..tapos inorder ko ng 15 payday! at pang reregalo ko sana ng christmas..kaso di agad dumating,..hayss ano bayan..pero salamat padin binenta ko nalang kht lugi ako..",1,
please check item before shipment please check the item before shipment. item left earphone unable to sound....hshshshdhjdndjjdndndndnxnxnxnxnmxmxmxmmxmxmxmxmmxmxmxmxmdmmdmxmd.. i will not order in this shop di maayos ang item. nsnnnzsaaaakķkkzmdbsbssooosissisiikkkkkkkkkakakwkwkskswppwsksjjsjs. jwjwiwiwiwiwisisks. photons.e.aguiled,1,
annnnnggggggggggggg ppppaaaaaaaaannnnnnnnggggggeeeeetttttt nnnooooonnngggg paaaggggkkkkaaaakkkkaaaa ppprrriiiinnnntttt,1,
bad trip... ako d2.. tagal... ng deliver... 17 checkout 27 dumating,1,
"hindi naman dumidikit ,,ano ba ito,!!!kitchen adhesive walang kwenta,,sayang lang pera ko ,tatlo pa naman i norder ko di magagamit,,ok naman yung para sa baby,,ito lang talaga,,adhesive na to ,,kahit sa mukha mo ilagay hindi dumidikit",1,
i ordered so many different things in this shop and the other product has a really good quality but this earphones does not. nasira kasi agad for less than a month na nagagamit.,1,
"wrong color i ordered caramel but instead gray dumating sakin, di man lang nag pm or nagpaalam muna si seller na papalitan niya kulay, basta shinipped nalang agad.",1,
ok lang next time be true na lang para walang return na nagaganap kung ano sana ang inorder ng customer ganun din sana ang ipadala nyo.kasi waist ng time para sana maulit ang customer sa inyo .salamat & god bless,1,
"what you see is not what you get. yung unang picture ang order ko, tapos tingnan nyo naman ang dumating. nakaka disappoint din talaga karamihan sa mga seller. ang layo, hindi naman yung mismong nasa pictures ang pinapadala nila.",1,
ndi sya ariana grande cloud amoy nya yung so in love ng bench disappointed ako,1,
im very disappointed hays. saglit lang magagamit dahol bitak agad yung gilid,1,
disappointed lang kasi iba naman pinadala na order ko. kung wala sana huwag na lang palitan or bago sana palitan ng ibang item pwede naman magtanong if ok para walang negative feedback. hindi yung basta na din lang makabenta. ang mga tindera naman sana eh maging sensible hindi yung walang,1,
i ordered pink pero orange dumating.dissapointed ako na d nasunod ung order ko.. but the product is in good condition nmn.. ok na sa price nya.. atleast hindi sira at pwedemagamit.. still ill give 5 star kc importante ung magagamit ko nmn.. thank u seller..,1,
wasting of money ambilis ma lowbat ilang segundo lang namamatay wag kayo mag aksaya ng oras dito bumili,1,
why is it look like it is used but ok hahahaha nice qua la na magawa d2 na e,1,
"y naman ganon? hindi nanaman 2l ang dumating! tapos black gray kulay, then pink dumating! nakakainis na! dina ako ulit oorder dito!",1,
hindi sya ganun ka kapal pero good na sya sa price nya tysm seller pero dalawa order ko iisang item lang narecieve kakadissapoint lang hassles lang pera,1,
sira ung item ng dumating dapat b4 i ship i double check nyo muna sayang ung pera hay ncu,1,
kulang ba to or di lang ako marunong mag set up...and yung packaging parang straight kinuha sa basurahan,1,
so disappointed sira sira ung box nung item wala man lang bubble rap,1,
it's ok for price pangit sobra ang white na ngangamoy sunog pero yung pink maganda,1,
so disappointed hindi tama ang kulay na ibinigay nila sa akin purple blue po inorder ko hindi orange blue not satisfied customer here mahal pa naman nito,1,
"10/10 there were delays in the delivery of my parcel, kung d pa ako nag complain, d pa idedeliver today yun parcel, been in the delivery hub for 4days. ambagal talaga ng shopee express.. sana ibalik ang j&t.",1,
"sira yung binigay, pangit pa ng packaging. 100% not recommended, sabi ng seller may pipick up daw sa item para plitan sana pero until now wala, hindi din nagrereply ang seller kung d mo pa kukulitin. very disappointing!",1,
di naman sya ganun ka quality huwag gamitin sa mga baby at bata baka maallergy.,1,
sira po yong na deliver nyo kaya sana po ma ibalik po yong pira namin .... dapat kayong mga seller chick nyo muna bago nyo deliver sa manin,1,
ang tagal dumating umabot ng 2 weeks pero na ship nman agad ni seller ang tagal lang naidelever.. almost 2 weeks hndi na galaw sa warehouse ni shopee kainis!! tagal na lagi mag deliver ni shopee,1,
"i immediately sent them the video, but they are not responsive at first. they didn't gave me a refund. sayang pera",1,
tatlong mystery pouch. pare parehas ng nakuha. pinapaubos lang yunh stocks na di mabenta.,1,
"lahat nang kamuha neto na item ma pa mura or ma pah mall pa yan same quality, hindi makapal. pero di naman ganyan ka nipis na kita na ung sinag nang araw. buy at your own risk kasi hindi naka bubble wrap, buti na lang hindi basag. at yan sa",1,
"what is this?? this is not the design i ordered this ks light pink and it has star prints. idk where to put this now, plus there's dents on it. u didn't give me e the right design tapos may dents pa.",1,
sobrang hirap humagilap ng waiter para humingi ng order. lahat ng staff nakatalikod sa customer. mabagal na service. take your money somewhere else.,1,
why served chickens like this??? where is the crispiness of the chicken and why is this chicken like this??? come on ever all kfc that i have gone thru this is one of the most terrible thing that they have served.mas masarap pa yung chicken ng kfc,1,
poor service. di sulit sa presyo,1,
"mabagal ang service! almost 30 minutes kami naghintay ""natambakan"" daw yung orders namin",1,
the premium meats doesn't taste premium at all. the lechon belly is all rice! parang naging sahog lang ung lechon sa fried rice! …,1,
understaffed na ata sila.. sobra tagal mag refill ng meat so ending mabobored kna at mawawalan ng gana kakaantay.,1,
"poor service, malamig ang food mainit ang place",1,
"very long lines, abot hanggang labas. maybe they should add more tables to accommodate people, or at least have staffs to associate customers kahit nasa labas ng store kasi highway na ung labas e. not safe for people with kids.",1,
"worst bar experience. wag na sana silang magpapaorder kung malapit na silang magsara. nagpaparinig pa mga empleyado nilang close na sila, and makiramdam naman daw kami sinabi naman naming uubusin nalang namin yung nasa baso namin. yung isang bucket na inorder namin tinake out nalang namin with 25pesos charge each",1,
very poor service! i was really hungry and craving for some siomai and milktea almost 12mn. ordered chao fan with 4pcs siomai and another set of 4pcs of siomai and milktea large. there was no sauce for siomai! and my milktea was 80% ice and only 20% milktea. oh guess,1,
poor service. mejo malansa pa ung panga ng tuna.,1,
susmiyo magsara nalang kayo kung hindi nyo kaya gawin ng maayos yung serbisyo nyo. ihinabilin kong pakainin tas di nyo pinakain may pa tape tape pa kayong inilagay sa lalagyan ng food nya. never again! akala ko pa naman maganda. sa mga dog owner dyan wag nyo na balakin pang,1,
"do not come here during meryenda all you can eat time. know i remember why i hate buffets. the greeting from the lady at the front was not friendly, and did not have an expected time rate for seats within the restaurant, so we sat outside. ",1,
poor service. marami nang vacant tables sa loob pero sobrang crowded pa rin ng pila. ang tagal nila bago magtawag,1,
"poor stay, hnd maganda, ngaun ln go kmi mamasyal dto sa north pero d pa quality ung nabook kng hotel",1,
worst customer service experience ever. first time ill ever give 1 star to a unlimited restaurant. this is too much. if you can't accommodate everyone better add people. you have the worst customer service ever. sobrang sayang pera sa inyo!,1,
nothing special with the food (sakto lang). staff service very poor need to be trained well. as first timer for sure di kami babalik at hindi din namin sya irerecommend sa families & friends. may nagpakilala na sya yung server namin but we cannot find her.,1,
"hindi na worth it ang price sa quality ng food. sobrang konti ng serving, tipid na tipid, hindi pa aircon ang place, first and last na nameng kain dito promise, ang hipon nila sobrang ang liliit. …",1,
don’t go!!! baka mapahamak pa po dogs niyo kasi they leave the pets unattended.,1,
not my cup of tea...kulang nalang mag imposed ng curfew perhaps,1,
kumain kami kagabi lang. disapointed ako ng sobra ngmukha kaming tanga. una nag order kame ng kasalo #4 so apat lang yung rice na included. kaya nag order ako ng 3 extra rice kasi 7 kame tatlong adult at mga bata. so eto na nag bill out na kami then,1,
maingay sa umaga gawa ng mga jeep sa tapat. may corkage fee yung outside food.,1,
worse customer service na ma eexperience mo. pati meats na order mo hindi tama. halos parang sila lang nag ddecide ano bibigay sayo. lahat crew hindi polite.,1,
this place will rob you. the price is exorbitant and the cooking is terrible. worst dampa i have ever been,1,
"maganda yung room malamig pero yung mic ng karaoke ay sira pawalawala pag kumakanta ka, at sa pagkain naman yung chicken na hinanda saamin ay sira hindi namin naubos. sorry kung two stars lang ang rate ko, sana hindi na maulit yung sirang chicken na sinerved nyo samin at hindi",1,
"june 26, 2018. i called up frontdesk at around 620am. i requestwd dor mur because we will be out the whole day. i read at your keycard holder mur is upon reuqest only between 11am to 2pm. i told frontdesk na papalinis sana kami okay lng ba na ngaun ang",1,
"doesn't taste that good. not worth the hype. but what's super irritating is their treatment with their customers. they look at their customers based on the class. pag mukang mayaman they reserve the seats. pag hindi, dun ka sa gilid gilid. boooo shake shack!",1,
place is great and with good ambiance especially at night. but some dishes are not up to par. yung kilawing tanigue hindi fresh considering the price at may mayo. yung chami tamis anghang olats din. not going back,1,
ang mahal for only 3 hours it cost 900 pesos,1,
"4/10 they lack food bowls and plate knowing that it’s a topokki with soup. i politely asked one of the service crew if i can get a plate for fruits, i was told, “bakit kulang ba plate nyo?” hmm.. i would’ve asked if we have enough (5 kaming kakain). i",1,
"sa food. 2 lang. ok naman ang kare kare, liempo and inasal. pero sobrang alat ng sinigang, mangingilo ka sa alat, sobrang tamis ng chami. sa place maganda 4 . over all sakto lang. ndi naman fabulous.",1,
sobrang tagal!! bagal ng service. almost 2 hrs ang serving time. walang pa yelo.,1,
poor service. magsara na kayo,1,
may buhok ang radish cake. daming langaw. kala mo kumakain sa kalye ng binondo there is hair in the radish cake. so many flies. you'd think you were eating at a street in binondo.,1,
the special lugaw does not feel special at all. and this mf costs 70 petot plus. i know a place that serves better tasting lugaw with real bagnet and egg for 50 pesos. tubong lugaw sila dito.,1,
sabi sa site 24 hours tapos hindi naman pala. napagod lang ang matanda naming kasama.,1,
"its was recommended by my friend and reading the reviews,i got high expectation on trying this restaurant.but we are totally dismayed with all the food..the taste,presentaion,ok lang na pumila,if its worth it.we werent able to finish all,sayang..our effort,our time,our expectation turned all into waste.",1,
"service was poor. most of the meats were not available. sabi samin bago pumasok, yun 2 type of meats ay ndi available pero pag pasok namin marami palang choice of meats and side dish na hindi available. matagal din ang serving. sunog na parchment sa tagal",1,
first time kumain ng family ko dyan dahil bday ng hubby ko. pangit ng service nyo. may kasama kameng 3yrs old na bata. sa tingin mo kakain ng marami yun? tpos ssbhin nyo kung kumain yung bata may bayad na. wow ah! service nyo nga lang paisa isa ang bigay,1,
"service nila ay napabagal! kahit nag follow up ka na sobrang tagal!!! tapos walang lettuce!!! mygad!!! one of the main side dish wala?!!! nagwaiting time kami bago pumasok di sinabi agad, kung saan nakaupo na kami. mapapa p.i. ka nlng talaga. ",1,
ang mahal sa walang kwentang pagkain sunog at bubble gum na porkchop sabaw na tubig na may vetsin na sangkatutak.malamig na kanin at walang tubig na service water,1,
tried their hot chocolate. worst tasting drink ever. mas masarap pa milo. (honest to goodness opinion. not judging its entirety just sharing my experience),1,
tagal mag served ng rice???? rice lang ha????,1,
re heated chicken. don't go for their promotion. not good . waste of money kagabi pa ang chicken.,1,
patapos na ang party super dissapointed sa customer service ng branch na ito madami na ding costumer that time sa baba na nag rereklamo dahil ang inorder nila for breakfast mag lulunch na wala padin mali-mali pa ang serve.,1,
"• place was old and a bit grimy • chicken tastes good, however, we found human hair not once but thrice • lumpiang shanghai was crispy but the sauce consistency wasn’t thick • price is just right for its serving size • service was good naman but i recommend trying",1,
hindi ako nag enjoy. akala ko like the other padis. may dance sila. Dito wala,1,
"look for another place... service, food quality bagsak in my book",1,
bobo mag compute ng pwd discount dito. mag pares retiro nelang kayo sa kabila lang.,1,
we ordered tali beach for 5 to 6 persons. i expected na mabubusog ako ng sobra kasi 5 lang kami but paubos na ung nasa lamesa parang wala pang nangyayare haha pang 2 to 3 persons lang ata yon sobrang konti lang lalo na ung rice. ung lasa di sya,1,
hindi masarap food nila. pati service hindi maganda. very disappointed sa kinain namin. ang mahal pa naman ng foods nila. pero hindi worth it binayad namin. gutom na gutom na pa naman kami tapos ganun matitikman namin. sayang lang.,1,
"super slow service 40 mins waiting time, mas nauna pa maserve yung bagong dating.",1,
"worst experience ever. we planned to have lunch and got reservation around 9am. then nung pagdating namin sasabihin na hanggang 12noon holding time. i was not informed na may holding time sila and if i know, we will not be late. ",1,
"nagdrive thrue kmi jan ngaun lng kc dadalhin nmin sa ospital ung pagkain pagdating nmin dito kulang ung order namin na bucket meal for family walang rice ,hindi ata marunong magbasa ung taga serve nyo jan . knina ibibigay walang drinks tpos ngaun wala kmi kanin mamatay sa guton pasyente",1,
i don't know if ako lang naka experience nito. yesterday kumain kami dyan. habang nasa counter kami kasi tinawag na yung number namin then nag ask ako sa staff di man lang sya nagsalita tinignan nya lang ako then nagsign sya ng stop talking as in haha parang aso yung,1,
ang daming maliliit ipis sa room. will never go back.,1,
poor service. attitude staff. 2fries 1med fries tapos 1hr bago mabigay kung dimo pa pupuntahan di gagawin. inuuna pa yung new orders kesa sa order mo e tapos na kami kumain wala padin yung fries. kulang pa yung order na binigay. first time to nangyare and never nako kakain dito,1,
ghorl! nagtitipid sila sa choco fudge!!! hahahaha,1,
"walang storage room para sa mga gamit if early ka dumating. parang hindi hotel lahat may bayad kahit pagkain, may 50% corkage. ang mahal naman ng pagkain na benta nila. parang resort na may bayad lahat dalhin mo na pagkain. hindi naman ito hotel. wala pa talaga sa description ito",1,
"to expensive for the room at hindi maganda lalo,n s 3rd floor",1,
"pag umorder senyo ng sofdrinks kung wla kayong in can might as well tell your customer na bottomless ang sofdrinks nyo wla na kyong ""per glass"" especially kung senior ang kakain.",1,
"only the facade looks good but super liit ng rooms, no receptionist at nighttime, may ipis pa, some discorteous staffs, may bayad pati pillows, no exhaust sa toilet, sirang heater. i wanted to back out but they won't refund my payments. kung may 0 rating lng sna....",1,
not worth it! lols never again to this restaurant. i’ve ordered crispy calamares and grilled squid. like for real sobrang konti and liit plus hindi masarap and ang lamig pa !,1,
poor service. may pinipili silang customer na sineserve'an ng maayos.,1,
same with riverbanks branch this branch also needs proper sanitation. madumi ang mga tray and may amoy. pati ung utensils hindi malinis tignan mukang maalikabok na malagkit …,1,
"i have one question bat yung mga nag wowork or ojt jan are using the room for their own pleasure sa katrabaho nila or ka ojt nila? tapos after that, may mga mag checheck in sa room na yun hindi manlang ba sila nahihiya sa sarili nilang kababuyan tapos pag",1,
"we stayed 2d/1n occupying 2 rooms for php 9k plus. room 202- kulang kulang ang toiletries. room seaview kuna, walang ac, towel kasing tigas ng gugo leaves ang sakit sa balat, tapos we complain - action is after 45 minutes, tapos ending lipat ng ibang room sa 3rd floor tapos",1,
"i thought this was a 5 star but soon as i checked into the room, it shows that it should be a 2 star. room was full of dust. bathroom stench, sour smell. the towels, smell like basahan! really disgusting.",1,
waiting for 4hours di makatarungan sbi ng guard 2hours waiting lng paayos po ng service sa customer inform kong matagalan pa.imbes nagpapahinga na ang tao.,1,
"sobrang haba ng pila. they will give you reservation number, at kapag wala ka don once natawag, they will cancel your reservation. without giving courtesy. pwede naman kung may natapos na isunod nalang sana kami. medyo nakaka dismaya kayo",1,
2nd order ko na sa thru grab 2nd time ko nadin na experience na kulang ang binigay nila sa order ko. kakadismaya lang.,1,
free wifi pero napaka bagal! walang kwenta internet connection dito,1,
"iba na taste ng lomi, almost 2yrs nako nakain dito,dati masarap, biglang nag iba lasa,dina ma crema lasa ng sabaw (sauce) medyo matigas miki (hilaw pa) wala nadin chicharon bulaklak toppings, medyo maligalig din kausap yung cook ata nilang lalake,request namin separate toppings s lomi kc takeout",1,
"it looks like a motel and not a hotel, it's cheap bagay para sa hindi maarte at gusto ng mura may free breakfast na din pero hindi free ang wifi 50 peso for every 4 hrs para sa room wifi then sa lobby lang may free wifi.",1,
mas masarap yung mga pares na nasa kariton sa 12th avenue. medyo matigas ang beef. walang freshly chopped spring onions. walang fried garlic. pag nagtake out ka kulang kulang ang ibinibigay.,1,
cannot be reach lahat ng numbers. not helpful,1,
malamig yung ramen nung sinerve. ang liit ng chasu. ang mahal pa. may pagka rude ang servers. worst ramen resto ive been. never again.,1,
"very bad customer service. rude staff,extra hard firmness but still saggy 3x na punta laging ganun kaya sa sm north branch nalang kami kumakain mas ok ang ramen at staff.",1,
lobby lang yung maganda. panget ng mga rooms lalo na ng cr nila. palagi pang nasisira yung heater. panget din ng customer service nila. hindi true yung ina-advertise nilang pictures.,1,
mas malamig pa sa x mo yung sabaw at pares e..,1,
"kung nagmamadali kayo, this is not the place you would want to be at. sobrang tagal ng service. kalahating oras simpleng burger spag lang order. not worth it tawagin fast food. worst experience i had with jollibee",1,
"we booked thru agoda and the pictures looked very decent and inviting. pag pasok namin sa hotel lobby, ang init na at nagtataka kami bat ang gulo sa lobby. ok naman ang pagkasalubong samin ng girls, pero pagdating ng room, dorm type sya na parang on a budget. ",1,
ayusin nyo serbisyo nyo...wag kayo mamili ng sinisilbihan nyo....lahat ng pumapasok dyan ay pagsilbihan nyo ng pantay....i was really disappointed with what happen to us when we enter the branch at market market...sana actionan nyo eto...kausapin nyo waiter nyo....,1,
"taste good, but the service is really slow. kung hindi mo pa ireremind ang staff na may drinks kami, hindi pa dadating considering the fact na they weren't busy when we came",1,
ang tagal mag serve tipong ubos na yung kanin wala pa yung extra rice na hiningi mo. pati yung bill tagal din ibigay jusko.,1,
sobrang tagal pag naghihintay ng rooms grabe! nagbigay ng oras ng availability d nmn tinupad!,1,
"i called the attention nung staff dun, sabi refillan pero di nya ginawa until may chinese lolo na nanghingi sa kanya. infairness, malaki ung room.",1,
"nagcheck in kami sa executive room nila. and dumi ng cr, walang tissue, yung side ng jacuzzi may nakaopen na parang electric pump, delikado sa may kasamang bata. kung alam ko lang sa deluxe room nalang kami, same lang naman. wala pang masyadong channels na para sa bata. ",1,
"murang hotel, makakamura ka rin sa customer care. not even taking care or courtesy call for existing customer if they’ll extend for another night. a little advise for the manager. don’t ask for customers number. they are all useless. not even taking care. customers are all busy, and sometimes forget",1,
ok naman yung service. friendly naman mga staff kaso di soundproof ang rooms. literally maririnig mo lahat ng ginagawa sa katabing rooms.. lahat-lahat...,1,
"twice kami kumain dito. yung first, 5 kami and the food was great. yung 2nd naman, nakakadissapoint ang pangit na ng lasa ng food and sa sobrang tagal ng pagserve yung mga dumating na ulam malamig na. kaya never na kami umulit. celebration pa naman yun ng bday ng mom",1,
"kame yung first customer, naentertain naman kame ng maayos, pero napakagulo ng staff nila, parang mga hnd naguusap dhl dalawa ung nagaassist samen. una sinabe ng isang staff na sira daw ung gawaan ng tempura at kung makakapaghntay daw ba, sabe ko cancel nalang",1,
"hindi worth it. first time ko lang makakain dito. pra sa isang libo, hindi worth it... may nakita pa kong ipis... ang baho ng amoy dito kahet paupo kapa lang sa pila dun sa upuan, amoy mo na agad. hindi pinupunasan ung plato at baso pagtapos hugasan. ",1,
"bad customer service, ang bagal lahat your staff needs some orientation, then first time in my life pa ako icharge ng left over charge! sa dami kong kinainan na buffet na mas mamahal pa first time lng ako macharge without consideration!",1,
"last time na pumunta kami, binigyan kami ng room sa 3rd floor. napakainit sa loob, mahina buga ng inverter nila.. halos di makatulog dahil sa init. di pa gumagana sway ng inverter..",1,
doesn't really have salmon sashimi as legit part of the buffet. like nakatago and the server pabulong at patago sumagot when you request for salmon sashimi. they gave …,1,
ang asim ng gyoza. parang may something sa amoy ng meat. ramen is 5/10 beef gyudon 6.5/10,1,
ayusin nyo serbisyo nyo.. fast food kayo pero umabot ng 45mins order ko 2pc chix at 2pc b.steak via grab ganon katagal... according to rider mas nauuna pa sa take out at drive thru. bakit d ba kami costumer nyo? oo dumadaan sa rider ang order pero kami ang kakain,1,
bought tapsilog and tocilog for takeout. sobrang tinipid yung serving unlike before. hindi na siya deserving sa presyo niya. mas okay nalang kumain sa karinderia. halos kinalat lang yung tapa para magmukhang madami. and ang bland na ng lasa compare sa karinderia. masyado ng tinipid. nakakadisappoint lang.,1,
"first of all im a foodpanda rider, hindi sila nagpapapasok ng rider sa loob umulan man o umaraw sa labas kami mag aantay rider kung meron lang negative 100 star ilalagay ko dito apaka walang hiya hindi din ba kami customer ?",1,
"maganda yung place, maganda resort, madumi sobra yung beach. kaya nga ako punta ng beach resort para sa beach sana.",1,
poor service bago maluto ang chicken 22 to 30 mins.tapos tissue lang tinatago pa nila.hihingi ka ng tissue sasabihin wala.tapos meron pala.worth 600 plus yung binayaran mo tapos tissue di sila makapag bigay.,1,
first time ko bumili walang binigay na gravy,1,
"very bad experience very poor service. ang mahal ng pagkain nyo pero hindi worth it ang experience dun. imagine food serve ng kulang kulang. no condiments, 4 slices of water melon pinalitan ng 1 slice of ripe mango lng then talong was not served. nagbigay ng",1,
"pumunta kami ng evening, maiinit yung place, nagorder kami ng pares, lechon kawali at bone marrow. mabagal ung service, naiintindihan ko mukhng undermanned sila. so eto na yung food, yung pares swabe, yung classic na pares, medyo mahal pero ok lng. yung lechon kawali, undercooked, i mean walang khit anong",1,
"very dissapointed ako tasteless yong food,and ung crab and shrimp grabeng liliit not worth it for the price,ang crispy pata malangsa ung laman,and the ice tea nakatatlong pitsel na maliit lang naman 600 plus na agad parang nestea lang naman",1,
so embarrassing wag kayo kakain sa branch na ito …,1,
pumunta kami ng boyfriend ko last saturday at 3pm pero nakakain na kami ng past 5pm (we are waiting for almost 2 hours) ang dami pang vacant area pero di nila pinapasok. hays di maganda ang service nila dito. hays very disappointed.,1,
yung attendant na nagdala ng gamit namin damaged my laptop. instead of handing it over to us eh binitbit nya sabay sabay yung mga bag and nabagsak yung bag kung saan nakalagay yung laptop ko and aware sya na laptop yun. being extra careful sa gamit ng guest nyo is,1,
"-they only give 1 plate, 1 bowl per table and since i needed more, i had to look for someone to ask for additional plate, walang readily available sa ilalim ng mga buffet tables, and when i approached one lady there, ang dami nya pa tanong na kesyo sa server",1,
too less tapa serving. and their liemposilog is to hard to chew. baka pati knife di kayanin. pati staff di courteous. will never eat here again.,1,
"we came here last saturday, and ordered baked tahong, inihaw na tuna belly and liempo. umorder kami don sa stall na naka-yellow and red yung staff. sabi sakin ng kasama ko, di raw masyado luto yung tahong but i didn't believe him and since andyan na, kinain namin. ",1,
doubled book. we called a day prior to confirm our booking and they gave us a go. take note galing pa kami ng zambales. when we arrived they said they failed to inform us they didnt book us a room. we arrived at 11pm restless expecting a room and got,1,
"poor service. terrible ordering system. rude staff and not worth it. check out other kbbq places. ikaw na nga magluluto, ikaw pa magsusulat at magiisip kung paano umorder. this place was so disappointing.",1,
very disappointed. pasta very bland. they charge extra for parmesan (who does that??) nothing special. i do not recommend. we came in very hungry pero di padin masarap lol,1,
ordered here multiple times via foodpanda and has always requested for “calamansi” and “sili”. even putting the notes in all caps. never gave one. ganon ba kahirap ang branch niyo? hindi makapag bigay ng sili at calamansi?,1,
ganito na ba serving ng medium na halo halo? half apaka layo sa dome lid?,1,
maliit yung room and hindi ganun kalamig yung aircon hindi worth it yung price nila.. and also yung room na binigay saming nung una bumabaha yung sa may labas ng cr dahil sira yung shower may leak good thing when we requested for room transfer they grant naman. though di,1,
"went through the drive through, the server said the order was complete, only to find that we were missing one order when we got home. had to go back to pick up the order they forgot to put in. sayang sa gas at sa oras. kaya nga nag-drive through. ",1,
poor customer service. kulang sa traning ang staffs.,1,
"ung manager maangas porket manager akala mo may ari ng restaurant. we are planning to get lunch there but first my family members going to take c.r. when he said ""customer po ba kayo? kasi ung pangcustomer po sa labas ang c.r."" how dare to say it to",1,
one star kasi masarap pagkaen bukod dun wala ng maganda sa store n to... 1. mahirap isturbohin mga crew para makaorder ng food 2. tagal makaluto ung lutuan sa table number 17 ilang beses namin nireklamo pero wala man lang nagoffer n ilipat kami ng table 3. nalalag ung takip,1,
walang phone sa quarantine facility at di masarap ang pagkain package nga pero di naman masarap.,1,
"""""""""rude staff """""""" bawal pumili ng table na gusto mo dahil sasabihan ka ng staff""ano yan mga artista ba yan para mamili ng seats?""""4 that time nakakahiya kasi ang lakas ng boses ng staff at napatingin din ang ibang mga kumakain. then napansin nila na narinig namin ang kanilang sinabi,",1,
hindi sila kagaya nung sa orig na branch na babalik-balikan mo (na wala na ngayon). mali yung pagkuha ng order kaya ang ending napataas ang bill na hindi man lang sinolusyonan ng manager. no wonder kung bakit iilan lang kumakain dito pero dun sa original branch palaging puno anytime of,1,
super bagal ng service. 1 hour na simula nung dumating kami and di pa din complete ung binibigay.,1,
worst experience this branch. apaka tagal nila gumalaw. not even worth the time. mismanagement pa sa orders. pinag antay nila ako ng 30 mins which i only ordered 2 burgers. the crews are laughing. ang haba ng lane. i really don't recommend this jollibee,1,
"we want to eat here during our lunch break kagabi, and the cashier that time was very rude plus di na kami pinapakinggan nung cashier masyado and sobrang haba ng pila!! kung gusto nyo magbenta ng for midnight food wag naman sana ung tira tira ang ibigay nyo samin",1,
"very poor service sa totoo lang. masarap yung food pero panget tlga service nila. yung 2x na pagpunta nmin jan laging ung drinks or dessert d nila maiseserve, tska lng ibbgay kapag magbabayad na. napakagulo din nila sa paglilista ng orders, mali mali bnbgay. better change the crew",1,
room improvements. yung ibang heater hindi po gaano umiinit and yung tuwalya na naibigay sa akin may mantsa pa.,1,
"abnormal ang manager ng lugar na to. kasalanan nila na nag overbooking isisisi sa iba. gusto pa ipag sama ang babae at lalake na hindi naman magkakilala sa iisang kwarto, pag di ka pumayag, tatawagan ka nyang vip, pagpasok mo sa kwarto mo, amoy yosi pa. ayos",1,
"not satisfied sa naorder ko. solo beef tadyang sinigang(kulang sa laman na beef din). not worth it. total for the solo meal with 4 side dishes, rice and iced tea is 299php. marami pang dapat iimprove sa service. lalo na ""restaurant"" daw ito. di ko feel na kumain ako sa",1,
"this could be one of the worst restaurant experience i ever had. food taste meh, they servea each order in a 5 minute interval. malamig na ung ibang food pagdating ng iba mong order. the staff are also not enthusiastic. nakasimangot pa kapag kausap mo",1,
"maingay aircon,mahina tubig ,kulay yelow ang tubig na parang mrumi or kalawang ba at malumot ang timba at tabo pag hinawakan mo madulas. the transaction not that smooth we are so dissapointed ang una namin usapan 800 per day pero 800 per 12 hours pala kala namin fully paid na",1,
"sogo hotel... not so clean... not so good... soooooo empty.... pagpasok mo sa room.... alang towel, alang tissue, alang kumot... lahat ala! since ala clang pool kumuha kami ng room na may bath tub para sa bata... pero ang bathtub alang takip ang strainer... lahat irerequest takes 30 minutes kada",1,
"worst samgyup ever. parang di nag samgyup, limited refill limited side dishes, daming order na di naserve almost an hour bago marefill, nagtitigan nalang kami ng mga kasama ko kasi wla na kaming maluto, yung hotpot nasunog na ung noodles wla manlang nagrrefill. nasa bill mga side dish pero di",1,
not recomended!!! imbes n makapagrelax stress inabot namin mag asawa gusto namin matulog ng maayaos at makapagrelax puyat at strees inabot namin dapat pagnaka checkin ang mga kamag anak ng may ari dapat qag n kayo tumanggap ng guest kasi perwisyo lng ang inabot no#1rule nyo bawal alak pero pag,1,
"may pagka bossy sa delivery riders yung tl/ visor ninyo dyan . normal lang mag follow . pero ang isasagot sau "" pwede naman ninyo i-cancel"". tama ba yung ganun sagot maayos naman nagtatanong sa kanila. or ganun lang talaga mga attitude ng staff ninyo",1,
the experience would have been awesome if not only for the fact that they forgot our order. we came in at 10am for breakfast and it got served 20 minutes before 12pm. sana lunch na order namin. nauna pa yung food nung 3 sumunod samin. they …,1,
nginangatngat daw yung bike lock pero halatang sino saw na yung bike lock so bumili ako nang bago kaso tuloy pa rin sabi daga daw pero umabot na sa bakal nang bike lock ko yung lalim. sana maayos nyo po yung facility nyo.,1,
jusko.. 2 hours lang ang pagkain tapos forever nag aantay sa refill.. konti ang choices ng food.. ndi worth it sa 588 pesos... sayang pera.. yung pritchon mataba na ndi pa crispy.. talagang kare kare lang pede nyo ipagmalaki...,1,
napakabagal ng service kailangan mo pukpokin many times na follow up bago gawin. ang mga crew ndi approachable need reiterate sa ginagawa nila. such dissapointing experience eating at this branch,1,
"food is quite good, but not worthy on its price. too expensive. we ate there at 11am, but the place is burning hot! masyadong maiinit, di ka makakain ng maayos. please improve...",1,
napaka bagal po ng serving nila ng pagkain almost 45mins nko naghihintay sa para 1pc chicken na order ko.. nagrereklamo din mga grab rider na omorder via app. almost 1hour and 30 minutes na daw sila naghihintay wla parin yung inorder ng costumer nila!!!,1,
"masarap un food nila nun first time n kumain kmi ng husband ko kaso nun second time they serve food na basag un sizzling plate..ndi lang bsta crack ,basag un sizzling plate then i ask the server if pedeng palitan kasi basag un plate at bka my bubog na mksma",1,
sa totoo lang hindi nga dapat umabot ng 1 star to. lagi na lang mabagal ang delivery. the given time was 45-60 minutes nung nag order ako and after 65 minutes tumawag sila saken para sabihin na wala yung available drinks na pinili namen and then tska palang nila idi,1,
"was so disappointed and sad. lunch time, while other food establishments were busy, napakatamlay ng aura sa loob ng kuya j's. walang receptionist na sumasalubong just how we are used to. ",1,
luma na ang building pati mga rooms luma na at madumi na din pati sa cr sira sira na mga tiles. maingay din ang location kasi beside the main road. pero luma na talaga mga gamit at ung buong building. at hindi sya friendly para sa mga motorcycle riders kasi,1,
"not value for money, our room especially the cr was sooo dirty!!!! jusko mas malinis pa ata sa sogo or go hotel!!!! my kids can't even walk barefoot because the floor was soooll dirty.",1,
"fav ko waffle nila. disappointed lang ako di ako nakatikim ng waffle at wala na raw waffle mix. una paasa na may gagawa, second fallow up ilalabas na raw 3rd fallow up wala na raw waffle mix........",1,
don’t even deserve 1 star!checked in kasi biglaan. poor in service. no elevator. (paid 500 because of menstrual leaked (tho natural naman) and ang dali lang naman labhan. over priced for hotel quality.,1,
long waiting time just for bread!!! 30 mins kami nagantay naubos na yung soup na sinerve early on. pero after 40 mins wala pa rin. …,1,
the following are my observations in my 7 days of stay l ‌1 mini ref madumi ‌2 2seater sofa not clean ‌3 aircon maingay 4 ‌no proper room lighting ‌5 walang bintana at ang meron lang air 6 well para mag,1,
"bad service, all orders need to fallow up..ang dumi ng kitchen kita sa labas at cr nila nangangamoy sa labas..sobrang ingay at wlang proper hygen ang mga employee..",1,
"ayaw q sa restaurant na ito laging walng available na item, lage tuloy cancel ng costumer ang booking q, bad trip nmn",1,
this property is bad as a hell malakas mag trip tong staff nito naka ilng book ako dto lahat un bad experience lalo na today transfer pa kami ng hotel with my pregnant wife,1,
"im a little bit disappointed with foods, konti lng ang choices. ung nsa menu nila na filipino-asian ang daming wala. pero ung staff nila very accomodating... sorry but i will not recommend it to my friends,....",1,
multiple experiences on this place.. unhospitable ang guard on duty.. always says fully-booked. one instance got a problem with booking. cancellation not approved. not able to make a refund without staying in the hotel. gahaman!,1,
"one of the worst restos in the metro. pakunti kunti lang binibigay na servings and uber bagal ng service so magaantay ka talaga ng matagal para lang mabigyan ng food. staff were very rude, parang tamad na tamad at nagdadabog. facilities were meh, daming di nagana di tuloy namin naenjoy",1,
lasang refrigerator yung mga side dishes,1,
yung halagang 150 pesos lang pero aabutin ka ng halos isang oras bago mabigay order mo. yung manager naman wala naman ginagawa hindi pa tulungan crew nya para mapabilis ang service,1,
luma ang kwarto pati yung cr ang malala pa ninakawan pa asawa ko manor hotel sa loob mismo ng room niya .,1,
ng check in kmi ng friend ko july 24 ang baho ng pillows pareho yung malaki at yung kulay pula na pillow na may nkasulat na zen room.pating yung upuan basa at ang baho grabe hindi man lang inamoy ng tga linis nila ng room kung ok ba yung mga,1,
"hindi ako welcome.. masyadong maangas ang guard .. hindi marunong magbigay ng instruction in a good way, na para bagang bossy... maybe becouse of my looks... kaya umalis nlng ako",1,
"currently checked in on this hotel, very poor customer service, ang hirap makaget ng request ang hotel, the hotel manager on duty na mismo kausap ko, had to repeat couple of times hindi parin nagets. may langaw wa room ko and room ng kasama ko. di na nga naaddress ang",1,
"my wife got served with a four seasons shake na may langaw. she saw it sa bandang 3/4 na ng cup. no apologies were received from the staff, parang kami pa yung lumabas na nang-hassle sa kanila (overheard the waitress shout ""may langaw daw yung shake mo."" daw talaga ate?).",1,
poor service ..sayang ang beautiful view .,1,
disappointing food tas bantay na bantay kada kukuha ng food hindi sulit for 499,1,
i ordered pares. the taste was so damn awful! the beef itself has a rotted meat after taste! i cant even finished my food even if am hungry. the rice itself was like your crunching a bahaw. will never eat on this place again.,1,
sobrang panget dito..mga linen ang dudumi makikita mo pa mga stains and yung towels kulay gray na sa luma..i spent 3 days and 2 nights tumawag ako for housekeeping the rest ng stay ko walang dumating ni isa.. sirang elevator from floor 10th di ka pwedeng mag elivator.. sobrang bagal,1,
mahal na nga food bad service pa 1 hour ka mahigit maghihintay ng pagkain mo panget pa ugali ng mga crew! wag kayo kumain sa sm megamall! sa higit 1 hour sa dami ng inorder namin yan pa lang naseserve kahit nakita na nila na nagwawala na mga bata,1,
"disappointed in service, magkakasama lahat ng server n nagkkwentuhan dna napapansin ang mga kumakaway n costumer. food serve cold. keema taste diff from the original. sorry to say never to come back again. hope the owner see the issue, send some mystery shopper.",1,
"go to other branches. bad management. mas professional pa mga staff at least. incomplete menu, and before going to this branch, we called them to ask if may cheese; since last time wala daw. we finished eating without cheese. puro ""preparing"" lang sinasabi samin. …",1,
"we ordered three kinds of boodle set plus add on ala carte and 3pitchers of iced tea. everything, and i mean everything is as cold as a cats nose. even the iced tea tastes bland. my mom asked why is the food cold, one server answer ""ganyan talaga yan mam""",1,
will never bring my dog here again. the staff is irresponsible in taking care of my dog. sana naniwala ako sa mga bad reviews. hope na mag close na kayo.,1,
"worst branch ever! ang onti ng tao pero ang bagal ng service! yung food bago dumating sayo malamig na, never going to dine here again.",1,
my gosh..i didn't expect this to a 4 star hotel.. you need to renovate your rooms especially your ceiling..a part of the ceiling in the cr just fell off.. because ( retoke lang ginawa nyo) …,1,
poor customer service. pag tatawag ka laging walang nagde-deliver. napakatagal na waiting time habang naghaharutan mga employees. madumi ang lugar na pinaglulutuan,1,
"lasang instant coffee yung ""best seller"" nila. ang taray pa ng nag serve sakin sa cashier.",1,
"hindi ka pwede sa window side (yung room na may seaside view) hanggat di pa daw occupied yung mga table sa harap. in short, kailangan mo magpahuli sa pila. walang sense kung pumunta ka ng maaga. hindi approachable yung iba, lalo na yung receptionist. mataray. masungit. bawal ka magtanong, ganun",1,
"35 lang naman. hindi na nakakain ng maayos ung kapatid at mama ko kase nagmamadali ng habulin ung sched ng sine. we ended up missing the first 20 minutes nung movie dahil dun. next time, sana hindi kayo nagsisinungaling sa customers niyo pra lang ituloy ung order. masyado bang mahirap",1,
"not recommended!!!! lalo na kung overnight nyong iiwan ang mga babies nyo. unang una. walang nagbabantay na mga staff sa loob. oo kailngan din nilang umuwi sa bahay nila pero sana hndi nalang sila nagpapaiwan ng mga aso sa gabi. pangalawa, ang daming mga dagang pagala gala sa loob. ",1,
umorder ako ng 8pcs bucket ang binigay dalawang 2pc chicken sayang pera ko ang tagal ko pang pumila buset n kfc to,1,
this buffet doesnt deserve a star at all. sayang yung 445 para sa buffet nila na di naman masarap limited pa options mo. you will regret it kaya wag nyo na itry,1,
"the staffs are not approachable, masyadong mabagal and most of all hindi binabawas ng tama ang discount para sa mga senior citizen, less than 10% lang ang senior discount. dti pls. check this store.",1,
"super slow service! took 30 minutes bago dumating orders. kung hindi pa i-follow up, hindi darating. hindi rin approachable ang staffs. ang taray especially the one with eyelash extensions. took an hour before ma-serve ang rice namin, sila pa ang nagtaray. umalis na lang kami sa kainipan.",1,
no way im coming back .very bad service..the steak burrito wasn't even properly cooked..wag kayo kumain dito.,1,
"sobrang attitude ng mga staff hindi namamansin and may pag dabog, ang panget service mali yung mga na serve.",1,
"ang bagal ng service, ang haba ng pila yung cashier ina antok pa. ang daming na assemble na orders pero yung mg awaiting people's order di pa na aassemble",1,
pangit ng treatment ng owner nito sa group namin kahapon. left over ang binabantayan nila (kita sa magkakaroon ng left overs - 100 per plate) pero yung ubos na putahe sa serving for refill nila di nababantayan.. bottomless icetea pero kelangan pa silang tawagin. di nilalatag yung pitsel sa per,1,
maraming dish ang hindi available specially yung mga nak advertise nila na food,1,
"kung pwede lang 0 star ee, napaka pangit ng service nila at napaka bagal,, almost 5 times ata ako tumawag sa staff para lang makahingi ng tubig and condiments, yung soft drinks umorder na lang kami ang tagal din dumating malapit na kami matapos kumain bago dumating!",1,
three star “hotel” that charges a cancellation fee of 81% of your booking (received within 191 days or six months before your booking). it’s not even a last minute cancellation! don’t bother booking especially now with covid na ang daming changes.,1,
iilan na nga lang yung ulam mabagal pa yung refill. mabagal din ang refill ng plato at bowls.. mauumay ka kakahintay ng plato at bowl.. mauumay kapa kakahintay magrefill ng ulam..,1,
"hindi na kmi babalik. sabi lilinisin lng daw yung lamesa namin tas may gusto lng kumipat na kumakain na, dun na pinalipat sa tabke namin . nag intay nnmn kami ng 20 mins tapos ang ibibigay na table is magkahiwalay pa. ",1,
"walang courtesy lane ang pwd, senior at rude ang mga staff",1,
not good working people on this hotel im asking something they are just ignore me in asking 3x but they never do it not friendly mga trabahador suck hotel sa lahat ng hotel pinag styhan ko itong hotel lng mga tauhan hndi friendly at hndi ginagawa mga trabaho nila,1,
"bec of the hype in tiktok, went there with friends. waited in line for 1hr and a half. staffs are masungit, food choices are few , not worth the wait.",1,
"very disappointing. sobrang nagccrave kami sa pares retiro kasi last time nakakain na kami sa retiro sa tomas morato and it's so good. dito sa branch sa cubao parang pasara na yung place. crew's are not initiative, low quality of food & kulang kulang sa condiments. ",1,
matagal po jan lagpas 1 hours waiting time jan,1,
"very poor. wala sila pakialam sa hotel nila, walang maintenance ng paglilinis. parang lahat ng gamit mukang sampung taon ng di pinapalitan. ewan kung nagpapalit sila ng unan o kahit bedsheet man lang. cr nakadikit na ang dumi kadiri na. hindi lang sa cr kundi sa buong kwarto sa buong",1,
hi. sobrang disappointed ako sa service nila. kulang na kulang yung staff nila kaya sobrang pila at paghihintay ng pet to groom lang and also hindi sila nag accept ng appointment. food is good but the service sorry sobrang pangit po.,1,
"di nila inaassist pag solo na customer, ang tagal ko naghintay sa waiter na hiningan ko ng menu pero 20 minutes na lumipas wala pa din yung menu eh kanina pa sya padaan daan sa table ko, and in addition to that ang daming available waiter na nakatayu lng",1,
"wala unique sa lasa ng food, ung meat hindi fresh may after taste na and super bagal ng service",1,
the staff is not accommodating not sulit never come again its not unlimited time so you can't bonding with your friends and family is a time pressure not recommended to anyone its a waste of time and energy,1,
worst sogo!!! twin bed pero iisang kumot? my chrge na 10 pesos ang kumot!!! dinaig pa kayo ng small time hotel! walang panligo na sabon at shampoo!!! not so clean and so bad!!! kainis!,1,
"ung nasa order menu na good for 5-6 people is not the same viant that you will get, worst staff, partida may service charge.",1,
"do not order here, stick to ""the original pares mami house"" (pares retiro) in n.s. amoranto street corner dr. alejos street. sobrang layo ng lasa! it reeks of cheap flavour granules, not worth it! tastes salty without the umami, so disappointing, not deserving your hard earned money. the camto soup",1,
sobrang tagal ng delivery. very disappointed,1,
very disappointing!!! disgusting! this hotel is overrated! worst hotel in subic na pinagstayan namin by far. sobrang dumi ng floor and bathroom. nung gumapang yung baby ko sa floor dumikit yung dumi sa palad nya. nangitim palad nya ganun kalala. also there are hair strands and buhangin all over the,1,
covid-19 parin kaya bawal dine in. i'm so disappointed. hindi nagbibigay ng disposable spoon and fork. kaya kung nag ooffice kayo sa ortigas center make sure may nakatago kayong kutsara at tinidor sa locker nyo.,1,
wala naglilinis ng tables. poor management.,1,
ang tagal ng food service,1,
"bacoor branch is good, but the moa branch is not! great food but the serving is too slow! lahat ng staff nakasimangot at ayaw makipag eye contact dahil parang ayaw mautusan, ang hirap tawagin.. bago kami makaorder nakailang tawag kame sa staff, patigil tigil kame ng kain nakakabitin. i",1,
"not worth it, avoid it like the plague. tatagain ka dahil presyong ginto ang presyo sa market at bawas pa timbang pag sila pinamili mo.",1,
"yung pan pot may amoy kahit ilang beses ko hugasan, ung kettle may parang latak na puti sa loob at yung bottle of shampoo at bodywash sobrang dumi. pero the place and good, and the people are nice naman.",1,
"sobrang tagal po,abutin ng syam. syam bgo lumabas ang order mo",1,
"maganda naman po yung room, kasu yung aircon nyo po sa 203 room sira po. nabasa yung crib ng baby namin. and yung tubig nyo po sana nman po sasusunod purified water na po. dahil sumakit tyan ko sa dumi ng tubig na binigay nyo.",1,
sa susunod wag na kayong magopen ng bags ha got you disappointed last time huh? . for customers i'd think twice on booking this hotel!,1,
medyo masikip yung place. not so good sa food compared sa ibang branch nila.,1,
"lady sec guard is disrespectful, when i ask her which zipper of my backpack shld i unzipp, told me ang tanda tanda mo na di mo pa alam ginagawa mo!",1,
on our expirienced last na kain namin is mabagal ang serving ng food. idk if ganun ba talaga. and for me lang ha. di masyadong masarap ang food. thats only my opinyon ha.,1,
"for the past few days, they have always botched up orders. laging may kulang o mali. always check your orders lalo na sa drive thru.",1,
not so accommodating manager. sya na kmuha ng order. pero medyo rude huh.,1,
mali yung order na naserve.. then nung pinalitan nila kulang naman ng fries,1,
"i always eat here and the food and service before is great however i dined in again today but the customer service is very disappointing . the 2 female lazy staff asked me to get the soup, food and water at the counter several times (paisa isa abot) . to",1,
biglang nawawalan ng water and electricity. no elevators para iakyat mga gamit. malinis naman pero not recommended for more than 2 days stay.,1,
"room is okay, place is okay in general. 2.8k yung kuha namin sa family room. if plano nyo mag punta magdala kayong water kasi wala silang libreng tubig. mabagal service sa food pero masarap naman. sguro d lang peak nung nagpunta kami. nawawalan ng tubig sa 5th floor kaloka. mabagal",1,
"ate here, pre-pandemic. very good quality food. today, march 28, quality was not as good as it was, pre-pandemic.. i got 5 pcs of chicken feet. it was cold, as if just taken out of the ref. and ,the feet were tough. parang binanlian lang. …",1,
"service is not good and the energy of their crew is very poor. it took me 25 mins. to have my food, i ask the crew "" fast food to dapat po mabilis, she replied"" yan po sir serving time namin"" ... instead na mas polite sana.. the right",1,
"i tried the lunch buffet last sunday bec i was enticed by the photos they posted on fb. dont expect much, its going to be a big disappointment (expectation vs. reality). i also thought the interiors would be stunning, but no, hindi pulido ang craftsmanship. i was very disappointed w",1,
"may mga hidden charges sa menu nila pag magpapaluto, nakalagay nga sa menu nila ang bawat paluto mo is 1 kilo or half, every dish eh may price, titirahin ka nila pag tinotal na lahat lahat, kung ikaw mismo ang magtotal, doon mo makikita na super laki ng service charge",1,
madamot sa late check-out.,1,
"good food, not so good service. you will experience dessert served first before you eat your meal. kids like that, but i don't. they had reasons why they served it first, i only remembered one ""baka daw maubusan"". you will eat your halo-halo first or your ice cream will melt,",1,
"ung may bubong naman pero nung umulan eh basa parin kami kasi umuulan din sa loob. tapos ung pinaihaw namin na isda, parang naulingan lang, hindi naman naluto. kelangan ipaihaw ulit. puro ung sinigang na salmon belly naman okay xa. …",1,
"everything was unsanitary. the ceilings, the ambiance, the smell. it felt like it was in the past or something. hindi na na-maintain yung place making it look run down. we even found a cockroach don sa rice nila. told to the staff and kinuha naman nila yung plate. though, they",1,
slow turn out of food.ngkakahalo.halo.pa.ung orders,1,
"gumagana naman siya, malakas yung fan at yung ilaw, walang gasgas. kaso hindi ko siya irerecommend dahil umiinit siya habang chinacharge at nasunog pa yung part ng sapin namin sa sobrang init niya, nasira rin yung product.",1,
ok sna kaso nacra sin kgad sa wire nya cguro usb cable kc pinili q,1,
ok nmn malakas nmn ung hangin kaso nung binuksan ko ung lagayn ng battery wala battery....cra din ung pindutan nya,1,
"okay naman siya dumating agad and pag testing is gumagana.. ang kaso lang low battery agad, sinubukan ko siya i-charge mga almost 2 hours din 'yon, pag testing ko wala pang 1 minute low battery na agad siya",1,
video for coins only grabe ang hirap buksan sobrang daming tape at naka bubble wrap ng makapal kaso kita naman sa pic na nayupi pa din ung isa,1,
bkt ganon brand new ung item pero bkt faded ung kulay at my mga gasgas..,1,
"i ordered 6 tumblers, i only received 4. no one is answering my messages about this until now. sana maipadala p ung 2 missing.",1,
very disappointed. pare-parehas ang design. iba iba nga e. pinili ko. edi sana nag stick ako sa 70pesos instead of 79. maganda naman over all kaso super disappointed talaga sa item. para alam ko kung anong item yung uulitin at bibilhin ko na pwede pa irecommend. kaso mo ganyan kayo,1,
"mapusyaw yung gray, therefore, i conclude na hindi consistent ang quality ng product. hindi din nag response si seler neweys tenkyu n",1,
good quality ayoko sana magbigay ng negative feedback kaso napaka-iresponsable naman ni seller hindi man lang naibalot sa bubble wrap yung item paano kung nabasag at basag na dumating saken sorry nalang ganon lang. kasi wala akong choice. ang tagal tagal ko hinintay tapos ganito pa nung dumating wala man,1,
"black, brown, gree mabilis sya dumating, kaso tulad ng nasa pic parang lawlaw tela nya na para bang sinuot na ng malaking tao nakakadisappoint........!ju",1,
yung iba hindi pantay ang tip at need ifile kaso kapag finile mo nasisira naman yung design so magtiis ka kung maganda pero iritable sa feeling o komportable pero sira yung design. yung iba masyado malambot kaya nasisira agad. may bubble yung iba kahit bagi mo idikit,1,
okay na sana kaso mali yong color order ko color black binigay nyo blue imbis na order ako ulit hindi nlng hayz,1,
"ayos lang yong item, same sa dati. nadisappoint lang ako kasi nagleak sya, nkabuble wrap nman kaso hindi nman inayos pagkawrap nya, nkaopen pa sya",1,
poor ganda sana kaso basag yung isang pen but it's okay can't expect anything for cheap price.,1,
ok naman cya kaso fake pala hnd naman sumsong to eh .. piro ok na atlast may magagamit pang back up phone.,1,
